nohup: ignoring input
=====================================================================================
🚀 终极物理验证：共轭全谱线性拟合 (量子硬件底噪) vs 正半轴纯缩放 (理论极限)
=====================================================================================
[*] 靶向目标：前100个黎曼零点 (自动映射为 200 个正负对称点)
[*] 正在启动 256核 暴力寻优...
/root/miniconda3/lib/python3.12/site-packages/scipy/optimize/_differentialevolution.py:518: UserWarning: differential_evolution: the 'workers' keyword has overridden updating='immediate' to updating='deferred'
  with DifferentialEvolutionSolver(func, bounds, args=args,
[Worker] k=9.5684 | 物理全谱(含截距) MSE=68.50 (b=0.000) | 理论正谱(纯缩放) MSE=409.84
[Worker] k=6.1453 | 物理全谱(含截距) MSE=51.08 (b=0.000) | 理论正谱(纯缩放) MSE=1709.01
[Worker] k=9.9166 | 物理全谱(含截距) MSE=126.53 (b=0.000) | 理论正谱(纯缩放) MSE=193348.12
[Worker] k=3.9301 | 物理全谱(含截距) MSE=75.03 (b=0.000) | 理论正谱(纯缩放) MSE=36803.52
[Worker] k=9.9927 | 物理全谱(含截距) MSE=63.01 (b=0.000) | 理论正谱(纯缩放) MSE=136466.54
[Worker] k=9.8154 | 物理全谱(含截距) MSE=138.28 (b=0.000) | 理论正谱(纯缩放) MSE=28073.29
[Worker] k=9.3516 | 物理全谱(含截距) MSE=110.33 (b=-0.000) | 理论正谱(纯缩放) MSE=30892.79
[Worker] k=2.6052 | 物理全谱(含截距) MSE=56.96 (b=0.000) | 理论正谱(纯缩放) MSE=348.31
[Worker] k=2.2196 | 物理全谱(含截距) MSE=54.18 (b=0.000) | 理论正谱(纯缩放) MSE=111.49
[Worker] k=7.0083 | 物理全谱(含截距) MSE=74.73 (b=0.000) | 理论正谱(纯缩放) MSE=1855.10[Worker] k=7.3245 | 物理全谱(含截距) MSE=47.22 (b=0.000) | 理论正谱(纯缩放) MSE=211827.82

[Worker] k=6.0372 | 物理全谱(含截距) MSE=29.81 (b=0.000) | 理论正谱(纯缩放) MSE=33465.96
[Worker] k=5.3214 | 物理全谱(含截距) MSE=67.25 (b=0.000) | 理论正谱(纯缩放) MSE=1295.11
[Worker] k=7.6363 | 物理全谱(含截距) MSE=71.20 (b=0.000) | 理论正谱(纯缩放) MSE=17659.05
[Worker] k=9.2613 | 物理全谱(含截距) MSE=51.89 (b=0.000) | 理论正谱(纯缩放) MSE=1293.27
[Worker] k=9.9011 | 物理全谱(含截距) MSE=72.31 (b=0.000) | 理论正谱(纯缩放) MSE=803.20
[Worker] k=7.1645 | 物理全谱(含截距) MSE=85.10 (b=0.000) | 理论正谱(纯缩放) MSE=20037.26
[Worker] k=9.3603 | 物理全谱(含截距) MSE=41.71 (b=-0.000) | 理论正谱(纯缩放) MSE=162835.19
[Worker] k=5.1397 | 物理全谱(含截距) MSE=94.25 (b=0.000) | 理论正谱(纯缩放) MSE=1633.84
[Worker] k=7.4259 | 物理全谱(含截距) MSE=49.87 (b=0.000) | 理论正谱(纯缩放) MSE=1109215.57
[Worker] k=3.6071 | 物理全谱(含截距) MSE=35.79 (b=0.000) | 理论正谱(纯缩放) MSE=5146.12
[Worker] k=9.4463 | 物理全谱(含截距) MSE=65.15 (b=-0.000) | 理论正谱(纯缩放) MSE=444.54
[Worker] k=2.7163 | 物理全谱(含截距) MSE=30.30 (b=-0.000) | 理论正谱(纯缩放) MSE=7236.36
[Worker] k=2.5418 | 物理全谱(含截距) MSE=86.75 (b=0.000) | 理论正谱(纯缩放) MSE=59407.37
[Worker] k=7.7690 | 物理全谱(含截距) MSE=64.98 (b=0.000) | 理论正谱(纯缩放) MSE=3625.37
[Worker] k=2.9981 | 物理全谱(含截距) MSE=136.32 (b=0.000) | 理论正谱(纯缩放) MSE=294.39
[Worker] k=7.2295 | 物理全谱(含截距) MSE=57.91 (b=0.000) | 理论正谱(纯缩放) MSE=341.33
[Worker] k=3.8504 | 物理全谱(含截距) MSE=89.99 (b=0.000) | 理论正谱(纯缩放) MSE=48550.52
[Worker] k=2.9696 | 物理全谱(含截距) MSE=52.73 (b=0.000) | 理论正谱(纯缩放) MSE=79065.87
[Worker] k=7.8941 | 物理全谱(含截距) MSE=83.65 (b=0.000) | 理论正谱(纯缩放) MSE=84.54
[Worker] k=9.7334 | 物理全谱(含截距) MSE=109.89 (b=0.000) | 理论正谱(纯缩放) MSE=376346.19
[Worker] k=7.7127 | 物理全谱(含截距) MSE=38.13 (b=0.000) | 理论正谱(纯缩放) MSE=7075.79
[Worker] k=9.8568 | 物理全谱(含截距) MSE=66.76 (b=0.000) | 理论正谱(纯缩放) MSE=127249.05
[Worker] k=2.0063 | 物理全谱(含截距) MSE=34.68 (b=0.000) | 理论正谱(纯缩放) MSE=447.70
[Worker] k=6.6274 | 物理全谱(含截距) MSE=95.83 (b=-0.000) | 理论正谱(纯缩放) MSE=13284.04
[Worker] k=2.7387 | 物理全谱(含截距) MSE=102.66 (b=0.000) | 理论正谱(纯缩放) MSE=10891.62
[Worker] k=5.4210 | 物理全谱(含截距) MSE=83.25 (b=0.000) | 理论正谱(纯缩放) MSE=330673.10
[Worker] k=5.9721 | 物理全谱(含截距) MSE=133.14 (b=0.000) | 理论正谱(纯缩放) MSE=324.01
[Worker] k=8.1569 | 物理全谱(含截距) MSE=164.06 (b=-0.000) | 理论正谱(纯缩放) MSE=122221.28
[Worker] k=3.5794 | 物理全谱(含截距) MSE=42.08 (b=0.000) | 理论正谱(纯缩放) MSE=2752.02
[Worker] k=4.1936 | 物理全谱(含截距) MSE=48.16 (b=-0.000) | 理论正谱(纯缩放) MSE=48.27
[Worker] k=8.8540 | 物理全谱(含截距) MSE=75.01 (b=0.000) | 理论正谱(纯缩放) MSE=32505.55
[Worker] k=6.0679 | 物理全谱(含截距) MSE=35.91 (b=0.000) | 理论正谱(纯缩放) MSE=712.20
[Worker] k=3.3691 | 物理全谱(含截距) MSE=37.15 (b=0.000) | 理论正谱(纯缩放) MSE=2001.36
[Worker] k=8.2207 | 物理全谱(含截距) MSE=43.42 (b=0.000) | 理论正谱(纯缩放) MSE=3591.52
[Worker] k=2.0367 | 物理全谱(含截距) MSE=51.57 (b=0.000) | 理论正谱(纯缩放) MSE=610.63
[Worker] k=9.2074 | 物理全谱(含截距) MSE=46.08 (b=0.000) | 理论正谱(纯缩放) MSE=9128.17
[Worker] k=6.3551 | 物理全谱(含截距) MSE=65.12 (b=0.000) | 理论正谱(纯缩放) MSE=841.63
[Worker] k=4.0013 | 物理全谱(含截距) MSE=110.47 (b=0.000) | 理论正谱(纯缩放) MSE=16177.11
[Worker] k=4.6483 | 物理全谱(含截距) MSE=85.20 (b=0.000) | 理论正谱(纯缩放) MSE=601.20
[Worker] k=3.2115 | 物理全谱(含截距) MSE=58.69 (b=-0.000) | 理论正谱(纯缩放) MSE=273866.20
[Worker] k=6.2686 | 物理全谱(含截距) MSE=53.80 (b=-0.000) | 理论正谱(纯缩放) MSE=10713.01
[Worker] k=3.5097 | 物理全谱(含截距) MSE=41.06 (b=0.000) | 理论正谱(纯缩放) MSE=902.45
[Worker] k=6.8848 | 物理全谱(含截距) MSE=21.28 (b=0.000) | 理论正谱(纯缩放) MSE=6009.41
[Worker] k=5.9034 | 物理全谱(含截距) MSE=32.69 (b=0.000) | 理论正谱(纯缩放) MSE=18400.91
[Worker] k=4.3127 | 物理全谱(含截距) MSE=110.75 (b=0.000) | 理论正谱(纯缩放) MSE=737.51
[Worker] k=2.6392 | 物理全谱(含截距) MSE=54.33 (b=0.000) | 理论正谱(纯缩放) MSE=62.48
[Worker] k=2.1846 | 物理全谱(含截距) MSE=114.04 (b=0.000) | 理论正谱(纯缩放) MSE=91133.75
[Worker] k=4.4691 | 物理全谱(含截距) MSE=65.54 (b=0.000) | 理论正谱(纯缩放) MSE=46954.33
[Worker] k=7.1176 | 物理全谱(含截距) MSE=99.60 (b=-0.000) | 理论正谱(纯缩放) MSE=14851.34
[Worker] k=8.3582 | 物理全谱(含截距) MSE=41.57 (b=-0.000) | 理论正谱(纯缩放) MSE=2711.58
[Worker] k=9.6729 | 物理全谱(含截距) MSE=54.14 (b=0.000) | 理论正谱(纯缩放) MSE=7791.66
[Worker] k=4.9822 | 物理全谱(含截距) MSE=102.53 (b=0.000) | 理论正谱(纯缩放) MSE=34877.07
[Worker] k=4.2370 | 物理全谱(含截距) MSE=41.83 (b=-0.000) | 理论正谱(纯缩放) MSE=5423.50
[Worker] k=4.9577 | 物理全谱(含截距) MSE=56.77 (b=-0.000) | 理论正谱(纯缩放) MSE=110321.46
[Worker] k=9.5099 | 物理全谱(含截距) MSE=74.04 (b=0.000) | 理论正谱(纯缩放) MSE=3748.63
[Worker] k=5.9515 | 物理全谱(含截距) MSE=80.15 (b=0.000) | 理论正谱(纯缩放) MSE=67223.11
[Worker] k=5.8430 | 物理全谱(含截距) MSE=21.19 (b=0.000) | 理论正谱(纯缩放) MSE=498.41
[Worker] k=8.6588 | 物理全谱(含截距) MSE=114.96 (b=0.000) | 理论正谱(纯缩放) MSE=2053.74
[Worker] k=8.5738 | 物理全谱(含截距) MSE=134.88 (b=-0.000) | 理论正谱(纯缩放) MSE=69443.72
[Worker] k=5.3378 | 物理全谱(含截距) MSE=132.15 (b=0.000) | 理论正谱(纯缩放) MSE=50075.41
[Worker] k=5.0375 | 物理全谱(含截距) MSE=70.63 (b=-0.000) | 理论正谱(纯缩放) MSE=229.71
[Worker] k=4.3768 | 物理全谱(含截距) MSE=42.65 (b=0.000) | 理论正谱(纯缩放) MSE=1075.69
[Worker] k=3.4596 | 物理全谱(含截距) MSE=75.38 (b=0.000) | 理论正谱(纯缩放) MSE=2629.92
[Worker] k=4.3500 | 物理全谱(含截距) MSE=54.49 (b=0.000) | 理论正谱(纯缩放) MSE=234805.63
[Worker] k=9.6105 | 物理全谱(含截距) MSE=92.19 (b=0.000) | 理论正谱(纯缩放) MSE=112196.18
[Worker] k=7.5427 | 物理全谱(含截距) MSE=54.57 (b=0.000) | 理论正谱(纯缩放) MSE=870.42
[Worker] k=4.8846 | 物理全谱(含截距) MSE=45.74 (b=0.000) | 理论正谱(纯缩放) MSE=681.65
[Worker] k=2.4741 | 物理全谱(含截距) MSE=160.03 (b=0.000) | 理论正谱(纯缩放) MSE=14956237.82
[Worker] k=2.2346 | 物理全谱(含截距) MSE=66.83 (b=0.000) | 理论正谱(纯缩放) MSE=4922.30
[Worker] k=7.3995 | 物理全谱(含截距) MSE=40.01 (b=0.000) | 理论正谱(纯缩放) MSE=79.69
[Worker] k=6.3354 | 物理全谱(含截距) MSE=45.03 (b=0.000) | 理论正谱(纯缩放) MSE=117765.51
[Worker] k=9.9608 | 物理全谱(含截距) MSE=49.84 (b=0.000) | 理论正谱(纯缩放) MSE=800.58
[Worker] k=9.4646 | 物理全谱(含截距) MSE=40.43 (b=0.000) | 理论正谱(纯缩放) MSE=46878.29
[Worker] k=9.5376 | 物理全谱(含截距) MSE=46.14 (b=0.000) | 理论正谱(纯缩放) MSE=58925.14
[Worker] k=8.9498 | 物理全谱(含截距) MSE=51.03 (b=-0.000) | 理论正谱(纯缩放) MSE=99.26
[Worker] k=7.6793 | 物理全谱(含截距) MSE=70.38 (b=-0.000) | 理论正谱(纯缩放) MSE=161065.03
[Worker] k=7.2050 | 物理全谱(含截距) MSE=85.90 (b=0.000) | 理论正谱(纯缩放) MSE=7228.88
[Worker] k=4.8173 | 物理全谱(含截距) MSE=114.99 (b=0.000) | 理论正谱(纯缩放) MSE=204723.65
[Worker] k=8.9091 | 物理全谱(含截距) MSE=94.31 (b=0.000) | 理论正谱(纯缩放) MSE=513.63
[Worker] k=3.7221 | 物理全谱(含截距) MSE=73.84 (b=0.000) | 理论正谱(纯缩放) MSE=4265.68
[Worker] k=2.0975 | 物理全谱(含截距) MSE=106.52 (b=0.000) | 理论正谱(纯缩放) MSE=163806.10
[Worker] k=6.7680 | 物理全谱(含截距) MSE=49.34 (b=-0.000) | 理论正谱(纯缩放) MSE=70149.08
[Worker] k=4.6709 | 物理全谱(含截距) MSE=64.09 (b=0.000) | 理论正谱(纯缩放) MSE=13248.70
[Worker] k=7.9438 | 物理全谱(含截距) MSE=56.70 (b=0.000) | 理论正谱(纯缩放) MSE=2901102.83
[Worker] k=8.7494 | 物理全谱(含截距) MSE=45.45 (b=0.000) | 理论正谱(纯缩放) MSE=3055.32
[Worker] k=4.6240 | 物理全谱(含截距) MSE=78.02 (b=0.000) | 理论正谱(纯缩放) MSE=123000.34
[Worker] k=2.6417 | 物理全谱(含截距) MSE=27.11 (b=-0.000) | 理论正谱(纯缩放) MSE=360.66
[Worker] k=2.3236 | 物理全谱(含截距) MSE=71.53 (b=0.000) | 理论正谱(纯缩放) MSE=120274.44
[Worker] k=3.7904 | 物理全谱(含截距) MSE=129.49 (b=0.000) | 理论正谱(纯缩放) MSE=2502.60
[Worker] k=9.1135 | 物理全谱(含截距) MSE=53.64 (b=0.000) | 理论正谱(纯缩放) MSE=59.74
[Worker] k=6.4551 | 物理全谱(含截距) MSE=90.77 (b=0.000) | 理论正谱(纯缩放) MSE=5683.04
[Worker] k=3.9089 | 物理全谱(含截距) MSE=81.91 (b=0.000) | 理论正谱(纯缩放) MSE=73735.40
[Worker] k=8.2554 | 物理全谱(含截距) MSE=84.02 (b=0.000) | 理论正谱(纯缩放) MSE=157985.14
[Worker] k=9.7101 | 物理全谱(含截距) MSE=52.41 (b=0.000) | 理论正谱(纯缩放) MSE=1846.33
[Worker] k=2.3556 | 物理全谱(含截距) MSE=32.26 (b=0.000) | 理论正谱(纯缩放) MSE=516.53
[Worker] k=5.2302 | 物理全谱(含截距) MSE=82.37 (b=0.000) | 理论正谱(纯缩放) MSE=870.31
[Worker] k=8.4983 | 物理全谱(含截距) MSE=62.54 (b=0.000) | 理论正谱(纯缩放) MSE=459.24
[Worker] k=2.8796 | 物理全谱(含截距) MSE=73.53 (b=0.000) | 理论正谱(纯缩放) MSE=9150.76
[Worker] k=6.9475 | 物理全谱(含截距) MSE=87.32 (b=0.000) | 理论正谱(纯缩放) MSE=1881.05
[Worker] k=7.8301 | 物理全谱(含截距) MSE=28.06 (b=-0.000) | 理论正谱(纯缩放) MSE=1524.80
[Worker] k=3.6805 | 物理全谱(含截距) MSE=93.80 (b=0.000) | 理论正谱(纯缩放) MSE=2006.52
[Worker] k=4.4275 | 物理全谱(含截距) MSE=68.02 (b=0.000) | 理论正谱(纯缩放) MSE=240.92
[Worker] k=9.0610 | 物理全谱(含截距) MSE=48.75 (b=0.000) | 理论正谱(纯缩放) MSE=116740.21
[Worker] k=5.0784 | 物理全谱(含截距) MSE=71.17 (b=0.000) | 理论正谱(纯缩放) MSE=452.90
[Worker] k=5.2588 | 物理全谱(含截距) MSE=18.48 (b=0.000) | 理论正谱(纯缩放) MSE=900.56
[Worker] k=5.7491 | 物理全谱(含截距) MSE=47.45 (b=0.000) | 理论正谱(纯缩放) MSE=604.34
[Worker] k=2.5039 | 物理全谱(含截距) MSE=78.34 (b=0.000) | 理论正谱(纯缩放) MSE=202.94
[Worker] k=8.0625 | 物理全谱(含截距) MSE=16.25 (b=0.000) | 理论正谱(纯缩放) MSE=166.43
[Worker] k=9.0932 | 物理全谱(含截距) MSE=158.53 (b=0.000) | 理论正谱(纯缩放) MSE=4754.73
[Worker] k=6.5089 | 物理全谱(含截距) MSE=41.09 (b=0.000) | 理论正谱(纯缩放) MSE=208866.78
[Worker] k=7.9848 | 物理全谱(含截距) MSE=51.54 (b=0.000) | 理论正谱(纯缩放) MSE=86277.94
[Worker] k=9.1910 | 物理全谱(含截距) MSE=48.93 (b=-0.000) | 理论正谱(纯缩放) MSE=206450.61
[Worker] k=2.8243 | 物理全谱(含截距) MSE=29.41 (b=0.000) | 理论正谱(纯缩放) MSE=272.11
[Worker] k=7.0850 | 物理全谱(含截距) MSE=48.22 (b=0.000) | 理论正谱(纯缩放) MSE=1695.20
[Worker] k=6.7052 | 物理全谱(含截距) MSE=51.69 (b=0.000) | 理论正谱(纯缩放) MSE=2820178.03
[Worker] k=7.0459 | 物理全谱(含截距) MSE=86.84 (b=0.000) | 理论正谱(纯缩放) MSE=3593.11
[Worker] k=9.6424 | 物理全谱(含截距) MSE=58.11 (b=-0.000) | 理论正谱(纯缩放) MSE=6271.46
[Worker] k=3.7982 | 物理全谱(含截距) MSE=87.21 (b=0.000) | 理论正谱(纯缩放) MSE=367.02
[Worker] k=2.3997 | 物理全谱(含截距) MSE=37.01 (b=0.000) | 理论正谱(纯缩放) MSE=57799.06[Worker] k=4.0381 | 物理全谱(含截距) MSE=66.05 (b=0.000) | 理论正谱(纯缩放) MSE=2403.45

[Worker] k=8.7741 | 物理全谱(含截距) MSE=65.53 (b=-0.000) | 理论正谱(纯缩放) MSE=130.18
[Worker] k=8.4475 | 物理全谱(含截距) MSE=95.65 (b=0.000) | 理论正谱(纯缩放) MSE=534.76
[Worker] k=8.4081 | 物理全谱(含截距) MSE=67.61 (b=0.000) | 理论正谱(纯缩放) MSE=5355351.32
[Worker] k=6.6820 | 物理全谱(含截距) MSE=110.03 (b=0.000) | 理论正谱(纯缩放) MSE=1908.80
[Worker] k=4.8130 | 物理全谱(含截距) MSE=67.83 (b=0.000) | 理论正谱(纯缩放) MSE=938.52
[Worker] k=9.2905 | 物理全谱(含截距) MSE=73.58 (b=0.000) | 理论正谱(纯缩放) MSE=13905.14
[Worker] k=6.1026 | 物理全谱(含截距) MSE=126.91 (b=0.000) | 理论正谱(纯缩放) MSE=24329983.12
[Worker] k=3.1135 | 物理全谱(含截距) MSE=80.47 (b=0.000) | 理论正谱(纯缩放) MSE=1161.83
[Worker] k=9.1393 | 物理全谱(含截距) MSE=90.87 (b=0.000) | 理论正谱(纯缩放) MSE=396.34
[Worker] k=4.0486 | 物理全谱(含截距) MSE=68.69 (b=0.000) | 理论正谱(纯缩放) MSE=326108.56
[Worker] k=4.9328 | 物理全谱(含截距) MSE=57.80 (b=0.000) | 理论正谱(纯缩放) MSE=8243.76
[Worker] k=7.4456 | 物理全谱(含截距) MSE=88.48 (b=0.000) | 理论正谱(纯缩放) MSE=3565.23
[Worker] k=5.1220 | 物理全谱(含截距) MSE=98.89 (b=0.000) | 理论正谱(纯缩放) MSE=105.35
[Worker] k=7.5165 | 物理全谱(含截距) MSE=62.62 (b=0.000) | 理论正谱(纯缩放) MSE=1087796.58
[Worker] k=3.8627 | 物理全谱(含截距) MSE=98.81 (b=0.000) | 理论正谱(纯缩放) MSE=168.52
[Worker] k=8.6212 | 物理全谱(含截距) MSE=64.06 (b=0.000) | 理论正谱(纯缩放) MSE=3556.99
[Worker] k=5.6816 | 物理全谱(含截距) MSE=75.88 (b=0.000) | 理论正谱(纯缩放) MSE=749496.16
[Worker] k=5.5475 | 物理全谱(含截距) MSE=182.70 (b=-0.000) | 理论正谱(纯缩放) MSE=1146.79
[Worker] k=5.1839 | 物理全谱(含截距) MSE=71.83 (b=-0.000) | 理论正谱(纯缩放) MSE=4759.76
[Worker] k=5.4889 | 物理全谱(含截距) MSE=88.28 (b=-0.000) | 理论正谱(纯缩放) MSE=995.54
[Worker] k=3.0671 | 物理全谱(含截距) MSE=82.33 (b=0.000) | 理论正谱(纯缩放) MSE=2708.88
[Worker] k=6.2474 | 物理全谱(含截距) MSE=53.84 (b=0.000) | 理论正谱(纯缩放) MSE=2528.62
[Worker] k=3.9812 | 物理全谱(含截距) MSE=46.71 (b=0.000) | 理论正谱(纯缩放) MSE=228125.44
[Worker] k=6.6036 | 物理全谱(含截距) MSE=95.42 (b=0.000) | 理论正谱(纯缩放) MSE=2151.90
[Worker] k=3.5468 | 物理全谱(含截距) MSE=92.43 (b=0.000) | 理论正谱(纯缩放) MSE=93.61
[Worker] k=7.9649 | 物理全谱(含截距) MSE=107.87 (b=0.000) | 理论正谱(纯缩放) MSE=7870.72
[Worker] k=6.4383 | 物理全谱(含截距) MSE=17.87 (b=0.000) | 理论正谱(纯缩放) MSE=2196.67
[Worker] k=4.7092 | 物理全谱(含截距) MSE=71.26 (b=-0.000) | 理论正谱(纯缩放) MSE=382.73
[Worker] k=6.8129 | 物理全谱(含截距) MSE=55.95 (b=0.000) | 理论正谱(纯缩放) MSE=56.66
[Worker] k=2.9226 | 物理全谱(含截距) MSE=126.69 (b=0.000) | 理论正谱(纯缩放) MSE=191123.78
[Worker] k=6.9187 | 物理全谱(含截距) MSE=69.44 (b=-0.000) | 理论正谱(纯缩放) MSE=150261.23
[Worker] k=5.6652 | 物理全谱(含截距) MSE=92.80 (b=0.000) | 理论正谱(纯缩放) MSE=25491.13
[Worker] k=4.2515 | 物理全谱(含截距) MSE=46.26 (b=0.000) | 理论正谱(纯缩放) MSE=5294.91
[Worker] k=2.2930 | 物理全谱(含截距) MSE=103.45 (b=0.000) | 理论正谱(纯缩放) MSE=607803.11
[Worker] k=9.7866 | 物理全谱(含截距) MSE=89.16 (b=0.000) | 理论正谱(纯缩放) MSE=2180.02
[Worker] k=7.2712 | 物理全谱(含截距) MSE=104.24 (b=-0.000) | 理论正谱(纯缩放) MSE=870.34
[Worker] k=5.6207 | 物理全谱(含截距) MSE=29.15 (b=0.000) | 理论正谱(纯缩放) MSE=1431.17
[Worker] k=6.9653 | 物理全谱(含截距) MSE=82.05 (b=0.000) | 理论正谱(纯缩放) MSE=12706.16
[Worker] k=2.4305 | 物理全谱(含截距) MSE=27.80 (b=0.000) | 理论正谱(纯缩放) MSE=4791.08
[Worker] k=6.5586 | 物理全谱(含截距) MSE=139.63 (b=0.000) | 理论正谱(纯缩放) MSE=4735.33
[Worker] k=5.3611 | 物理全谱(含截距) MSE=55.10 (b=0.000) | 理论正谱(纯缩放) MSE=57.04
[Worker] k=5.8226 | 物理全谱(含截距) MSE=43.54 (b=-0.000) | 理论正谱(纯缩放) MSE=159521.50
[Worker] k=3.4232 | 物理全谱(含截距) MSE=48.23 (b=0.000) | 理论正谱(纯缩放) MSE=760.49
[Worker] k=5.7872 | 物理全谱(含截距) MSE=82.64 (b=0.000) | 理论正谱(纯缩放) MSE=18135.22
[Worker] k=6.2015 | 物理全谱(含截距) MSE=90.37 (b=0.000) | 理论正谱(纯缩放) MSE=93009.64
[Worker] k=8.2043 | 物理全谱(含截距) MSE=86.75 (b=0.000) | 理论正谱(纯缩放) MSE=114.60
[Worker] k=6.5251 | 物理全谱(含截距) MSE=35.93 (b=-0.000) | 理论正谱(纯缩放) MSE=67837.50
[Worker] k=7.7349 | 物理全谱(含截距) MSE=150.55 (b=0.000) | 理论正谱(纯缩放) MSE=1120.28
[Worker] k=8.0361 | 物理全谱(含截距) MSE=117.19 (b=0.000) | 理论正谱(纯缩放) MSE=63092.02
[Worker] k=3.1492 | 物理全谱(含截距) MSE=59.80 (b=0.000) | 理论正谱(纯缩放) MSE=22592.54
[Worker] k=8.1112 | 物理全谱(含截距) MSE=128.99 (b=-0.000) | 理论正谱(纯缩放) MSE=845.50
[Worker] k=7.1214 | 物理全谱(含截距) MSE=100.63 (b=-0.000) | 理论正谱(纯缩放) MSE=12471.34
[Worker] k=3.2260 | 物理全谱(含截距) MSE=40.46 (b=0.000) | 理论正谱(纯缩放) MSE=434.45
[Worker] k=8.7146 | 物理全谱(含截距) MSE=86.94 (b=0.000) | 理论正谱(纯缩放) MSE=733.56
[Worker] k=4.5747 | 物理全谱(含截距) MSE=44.36 (b=0.000) | 理论正谱(纯缩放) MSE=81.40
[Worker] k=2.1445 | 物理全谱(含截距) MSE=38.22 (b=0.000) | 理论正谱(纯缩放) MSE=733241.24
[Worker] k=2.7850 | 物理全谱(含截距) MSE=84.33 (b=0.000) | 理论正谱(纯缩放) MSE=11392.01
[Worker] k=5.5692 | 物理全谱(含截距) MSE=40.71 (b=0.000) | 理论正谱(纯缩放) MSE=95656.95
[Worker] k=6.7607 | 物理全谱(含截距) MSE=35.04 (b=0.000) | 理论正谱(纯缩放) MSE=15306.12
[Worker] k=4.7218 | 物理全谱(含截距) MSE=34.23 (b=-0.000) | 理论正谱(纯缩放) MSE=366.03
[Worker] k=7.7993 | 物理全谱(含截距) MSE=43.93 (b=0.000) | 理论正谱(纯缩放) MSE=352.49
[Worker] k=8.2862 | 物理全谱(含截距) MSE=31.88 (b=0.000) | 理论正谱(纯缩放) MSE=3639.78
[Worker] k=6.1878 | 物理全谱(含截距) MSE=75.97 (b=0.000) | 理论正谱(纯缩放) MSE=8149.29
[Worker] k=8.1355 | 物理全谱(含截距) MSE=25.15 (b=0.000) | 理论正谱(纯缩放) MSE=8433.83
[Worker] k=3.1831 | 物理全谱(含截距) MSE=38.20 (b=0.000) | 理论正谱(纯缩放) MSE=60.39
[Worker] k=3.4797 | 物理全谱(含截距) MSE=62.88 (b=0.000) | 理论正谱(纯缩放) MSE=111502.97
[Worker] k=4.1137 | 物理全谱(含截距) MSE=129.80 (b=0.000) | 理论正谱(纯缩放) MSE=3590.39
[Worker] k=6.3082 | 物理全谱(含截距) MSE=59.57 (b=0.000) | 理论正谱(纯缩放) MSE=443.95
[Worker] k=8.6430 | 物理全谱(含截距) MSE=34.14 (b=0.000) | 理论正谱(纯缩放) MSE=16119.72
[Worker] k=9.3276 | 物理全谱(含截距) MSE=21.17 (b=0.000) | 理论正谱(纯缩放) MSE=419.69
[Worker] k=8.3339 | 物理全谱(含截距) MSE=18.90 (b=0.000) | 理论正谱(纯缩放) MSE=2850.52
[Worker] k=7.3505 | 物理全谱(含截距) MSE=25.58 (b=0.000) | 理论正谱(纯缩放) MSE=2383.19
[Worker] k=8.3860 | 物理全谱(含截距) MSE=99.59 (b=0.000) | 理论正谱(纯缩放) MSE=1851997.80
[Worker] k=3.0441 | 物理全谱(含截距) MSE=105.65 (b=0.000) | 理论正谱(纯缩放) MSE=1913.43
[Worker] k=3.6346 | 物理全谱(含截距) MSE=60.37 (b=0.000) | 理论正谱(纯缩放) MSE=172.81
[Worker] k=9.0068 | 物理全谱(含截距) MSE=60.63 (b=-0.000) | 理论正谱(纯缩放) MSE=2366.02
[Worker] k=8.8330 | 物理全谱(含截距) MSE=53.92 (b=0.000) | 理论正谱(纯缩放) MSE=1001.51
[Worker] k=2.0931 | 物理全谱(含截距) MSE=72.29 (b=0.000) | 理论正谱(纯缩放) MSE=302.46
[Worker] k=7.6233 | 物理全谱(含截距) MSE=18.77 (b=0.000) | 理论正谱(纯缩放) MSE=4637.46
[Worker] k=2.9543 | 物理全谱(含截距) MSE=58.83 (b=0.000) | 理论正谱(纯缩放) MSE=159547.23
[Worker] k=5.4406 | 物理全谱(含截距) MSE=65.61 (b=0.000) | 理论正谱(纯缩放) MSE=826071.24
[Worker] k=6.3966 | 物理全谱(含截距) MSE=29.08 (b=0.000) | 理论正谱(纯缩放) MSE=1730.93
[Worker] k=2.2805 | 物理全谱(含截距) MSE=58.98 (b=-0.000) | 理论正谱(纯缩放) MSE=16689.98
[Worker] k=4.8517 | 物理全谱(含截距) MSE=61.71 (b=0.000) | 理论正谱(纯缩放) MSE=1267.00
[Worker] k=2.5732 | 物理全谱(含截距) MSE=138.03 (b=0.000) | 理论正谱(纯缩放) MSE=8581.11
[Worker] k=4.1101 | 物理全谱(含截距) MSE=41.58 (b=0.000) | 理论正谱(纯缩放) MSE=2268.13
[Worker] k=3.3892 | 物理全谱(含截距) MSE=68.10 (b=0.000) | 理论正谱(纯缩放) MSE=10698.90
[Worker] k=2.8538 | 物理全谱(含截距) MSE=119.87 (b=0.000) | 理论正谱(纯缩放) MSE=257.61
[Worker] k=8.9311 | 物理全谱(含截距) MSE=46.44 (b=-0.000) | 理论正谱(纯缩放) MSE=113.37
[Worker] k=5.7282 | 物理全谱(含截距) MSE=108.03 (b=0.000) | 理论正谱(纯缩放) MSE=8500.93
[Worker] k=6.6589 | 物理全谱(含截距) MSE=45.93 (b=0.000) | 理论正谱(纯缩放) MSE=2416.98
[Worker] k=5.4863 | 物理全谱(含截距) MSE=64.79 (b=0.000) | 理论正谱(纯缩放) MSE=59973.62
[Worker] k=9.0088 | 物理全谱(含截距) MSE=62.52 (b=-0.000) | 理论正谱(纯缩放) MSE=9167.19
[Worker] k=4.4565 | 物理全谱(含截距) MSE=49.32 (b=0.000) | 理论正谱(纯缩放) MSE=1457.31
[Worker] k=6.0069 | 物理全谱(含截距) MSE=33.88 (b=0.000) | 理论正谱(纯缩放) MSE=205.01
[Worker] k=7.5753 | 物理全谱(含截距) MSE=84.75 (b=0.000) | 理论正谱(纯缩放) MSE=3198.08
[Worker] k=4.5398 | 物理全谱(含截距) MSE=44.67 (b=0.000) | 理论正谱(纯缩放) MSE=1466.43
[Worker] k=4.1642 | 物理全谱(含截距) MSE=80.65 (b=0.000) | 理论正谱(纯缩放) MSE=1332.83
[Worker] k=3.7470 | 物理全谱(含截距) MSE=56.72 (b=0.000) | 理论正谱(纯缩放) MSE=71.47
[Worker] k=5.6074 | 物理全谱(含截距) MSE=74.81 (b=0.000) | 理论正谱(纯缩放) MSE=1653.46
[Worker] k=5.0450 | 物理全谱(含截距) MSE=46.71 (b=0.000) | 理论正谱(纯缩放) MSE=1533.85
[Worker] k=3.3123 | 物理全谱(含截距) MSE=37.34 (b=0.000) | 理论正谱(纯缩放) MSE=1065.76
[Worker] k=8.4865 | 物理全谱(含截距) MSE=65.27 (b=-0.000) | 理论正谱(纯缩放) MSE=1900.27
[Worker] k=8.5392 | 物理全谱(含截距) MSE=110.03 (b=0.000) | 理论正谱(纯缩放) MSE=40332.06
[Worker] k=3.2574 | 物理全谱(含截距) MSE=45.93 (b=0.000) | 理论正谱(纯缩放) MSE=25076.63
[Worker] k=9.4021 | 物理全谱(含截距) MSE=143.31 (b=0.000) | 理论正谱(纯缩放) MSE=6363.82[Worker] k=4.5105 | 物理全谱(含截距) MSE=86.79 (b=0.000) | 理论正谱(纯缩放) MSE=8151.40

[Worker] k=5.2897 | 物理全谱(含截距) MSE=28.95 (b=-0.000) | 理论正谱(纯缩放) MSE=641.68
[Worker] k=3.2938 | 物理全谱(含截距) MSE=42.16 (b=0.000) | 理论正谱(纯缩放) MSE=42.44
[Worker] k=4.7616 | 物理全谱(含截距) MSE=127.81 (b=-0.000) | 理论正谱(纯缩放) MSE=19196.15
[Worker] k=4.2809 | 物理全谱(含截距) MSE=82.46 (b=0.000) | 理论正谱(纯缩放) MSE=3027.72
[Worker] k=7.4847 | 物理全谱(含截距) MSE=60.73 (b=0.000) | 理论正谱(纯缩放) MSE=164206.42
[Worker] k=8.8143 | 物理全谱(含截距) MSE=44.27 (b=-0.000) | 理论正谱(纯缩放) MSE=175313.38
[Worker] k=7.2867 | 物理全谱(含截距) MSE=65.72 (b=0.000) | 理论正谱(纯缩放) MSE=42485.57
[Worker] k=6.8328 | 物理全谱(含截距) MSE=27.22 (b=0.000) | 理论正谱(纯缩放) MSE=687.85
[Worker] k=9.7609 | 物理全谱(含截距) MSE=37.08 (b=0.000) | 理论正谱(纯缩放) MSE=37002.71
[Worker] k=2.6898 | 物理全谱(含截距) MSE=89.47 (b=0.000) | 理论正谱(纯缩放) MSE=100481.49
[Worker] k=5.9312 | 物理全谱(含截距) MSE=76.41 (b=0.000) | 理论正谱(纯缩放) MSE=1118.40
[Worker] k=7.8756 | 物理全谱(含截距) MSE=129.38 (b=0.000) | 理论正谱(纯缩放) MSE=12709.74
[Worker] k=8.0925 | 物理全谱(含截距) MSE=74.07 (b=0.000) | 理论正谱(纯缩放) MSE=1285061.26
[Worker] k=5.0280 | 物理全谱(含截距) MSE=78.37 (b=0.000) | 理论正谱(纯缩放) MSE=1274.52
[Worker] k=2.5142 | 物理全谱(含截距) MSE=54.97 (b=0.000) | 理论正谱(纯缩放) MSE=8738.17
[Worker] k=2.7076 | 物理全谱(含截距) MSE=15.79 (b=0.000) | 理论正谱(纯缩放) MSE=44504.98
[Worker] k=7.6163 | 物理全谱(含截距) MSE=95.68 (b=0.000) | 理论正谱(纯缩放) MSE=6534.12
[Worker] k=2.2785 | 物理全谱(含截距) MSE=75.50 (b=0.000) | 理论正谱(纯缩放) MSE=78.38
[Worker] k=9.4384 | 物理全谱(含截距) MSE=83.58 (b=0.000) | 理论正谱(纯缩放) MSE=1413.78
[Worker] k=9.1544 | 物理全谱(含截距) MSE=63.11 (b=0.000) | 理论正谱(纯缩放) MSE=1748.73
[Worker] k=4.2108 | 物理全谱(含截距) MSE=81.23 (b=0.000) | 理论正谱(纯缩放) MSE=2190.85
[Worker] k=4.9310 | 物理全谱(含截距) MSE=61.50 (b=0.000) | 理论正谱(纯缩放) MSE=375.95
[Worker] k=8.0161 | 物理全谱(含截距) MSE=41.09 (b=0.000) | 理论正谱(纯缩放) MSE=1097.20
[Worker] k=2.8250 | 物理全谱(含截距) MSE=93.92 (b=-0.000) | 理论正谱(纯缩放) MSE=11011.01
[Worker] k=7.4256 | 物理全谱(含截距) MSE=50.32 (b=0.000) | 理论正谱(纯缩放) MSE=475.60
[Worker] k=6.2798 | 物理全谱(含截距) MSE=102.62 (b=0.000) | 理论正谱(纯缩放) MSE=133395.73
[Worker] k=8.3288 | 物理全谱(含截距) MSE=38.61 (b=0.000) | 理论正谱(纯缩放) MSE=76.01
[Worker] k=7.1665 | 物理全谱(含截距) MSE=53.73 (b=0.000) | 理论正谱(纯缩放) MSE=3136.14
[Worker] k=3.9864 | 物理全谱(含截距) MSE=61.00 (b=0.000) | 理论正谱(纯缩放) MSE=747.20
[Worker] k=7.1932 | 物理全谱(含截距) MSE=59.64 (b=0.000) | 理论正谱(纯缩放) MSE=1509.57
[Worker] k=8.9553 | 物理全谱(含截距) MSE=103.05 (b=0.000) | 理论正谱(纯缩放) MSE=104475.79
[Worker] k=9.1415 | 物理全谱(含截距) MSE=64.81 (b=0.000) | 理论正谱(纯缩放) MSE=12729.79
[Worker] k=3.1961 | 物理全谱(含截距) MSE=44.35 (b=0.000) | 理论正谱(纯缩放) MSE=1568.79
[Worker] k=3.8053 | 物理全谱(含截距) MSE=62.05 (b=-0.000) | 理论正谱(纯缩放) MSE=29889.87
[Worker] k=9.1015 | 物理全谱(含截距) MSE=49.98 (b=0.000) | 理论正谱(纯缩放) MSE=2159.95
[Worker] k=5.9643 | 物理全谱(含截距) MSE=163.12 (b=-0.000) | 理论正谱(纯缩放) MSE=34598.75
[Worker] k=6.9067 | 物理全谱(含截距) MSE=105.52 (b=0.000) | 理论正谱(纯缩放) MSE=9295.57
[Worker] k=7.7145 | 物理全谱(含截距) MSE=98.98 (b=0.000) | 理论正谱(纯缩放) MSE=394705.66
[Worker] k=9.7540 | 物理全谱(含截距) MSE=43.67 (b=0.000) | 理论正谱(纯缩放) MSE=2345.39
[Worker] k=7.2723 | 物理全谱(含截距) MSE=38.96 (b=0.000) | 理论正谱(纯缩放) MSE=25437.76
[Worker] k=9.4943 | 物理全谱(含截距) MSE=73.17 (b=0.000) | 理论正谱(纯缩放) MSE=29250.23
[Worker] k=6.1200 | 物理全谱(含截距) MSE=41.05 (b=-0.000) | 理论正谱(纯缩放) MSE=4282.49
[Worker] k=8.7556 | 物理全谱(含截距) MSE=80.09 (b=0.000) | 理论正谱(纯缩放) MSE=38011.61
[Worker] k=7.4233 | 物理全谱(含截距) MSE=84.65 (b=0.000) | 理论正谱(纯缩放) MSE=514.53
[Worker] k=8.3096 | 物理全谱(含截距) MSE=53.18 (b=0.000) | 理论正谱(纯缩放) MSE=115936.15
[Worker] k=6.1290 | 物理全谱(含截距) MSE=26.07 (b=0.000) | 理论正谱(纯缩放) MSE=2252.26
[Worker] k=7.3478 | 物理全谱(含截距) MSE=34.38 (b=-0.000) | 理论正谱(纯缩放) MSE=973.45[Worker] k=3.6132 | 物理全谱(含截距) MSE=31.67 (b=0.000) | 理论正谱(纯缩放) MSE=2363.02

[Worker] k=6.7240 | 物理全谱(含截距) MSE=64.43 (b=0.000) | 理论正谱(纯缩放) MSE=5707.94
[Worker] k=3.6743 | 物理全谱(含截距) MSE=99.29 (b=0.000) | 理论正谱(纯缩放) MSE=1004.54
[Worker] k=7.4856 | 物理全谱(含截距) MSE=32.22 (b=0.000) | 理论正谱(纯缩放) MSE=69710.50
[Worker] k=6.6313 | 物理全谱(含截距) MSE=32.85 (b=0.000) | 理论正谱(纯缩放) MSE=109.15
[Worker] k=6.9681 | 物理全谱(含截距) MSE=70.15 (b=0.000) | 理论正谱(纯缩放) MSE=77544.90
[Worker] k=7.6937 | 物理全谱(含截距) MSE=91.98 (b=0.000) | 理论正谱(纯缩放) MSE=11525.49
[Worker] k=3.7010 | 物理全谱(含截距) MSE=37.63 (b=0.000) | 理论正谱(纯缩放) MSE=1026.84
[Worker] k=8.9627 | 物理全谱(含截距) MSE=59.50 (b=0.000) | 理论正谱(纯缩放) MSE=2506.08
[Worker] k=9.2281 | 物理全谱(含截距) MSE=37.48 (b=0.000) | 理论正谱(纯缩放) MSE=20834.07
[Worker] k=4.8111 | 物理全谱(含截距) MSE=85.52 (b=0.000) | 理论正谱(纯缩放) MSE=368212.40
[Worker] k=7.5570 | 物理全谱(含截距) MSE=217.61 (b=0.000) | 理论正谱(纯缩放) MSE=3538173.76
[Worker] k=6.1825 | 物理全谱(含截距) MSE=56.44 (b=0.000) | 理论正谱(纯缩放) MSE=3908.82
[Worker] k=5.6651 | 物理全谱(含截距) MSE=55.11 (b=0.000) | 理论正谱(纯缩放) MSE=1830.62
[Worker] k=6.3823 | 物理全谱(含截距) MSE=97.46 (b=0.000) | 理论正谱(纯缩放) MSE=97.69
[Worker] k=5.3129 | 物理全谱(含截距) MSE=40.90 (b=0.000) | 理论正谱(纯缩放) MSE=989.54
[Worker] k=7.2297 | 物理全谱(含截距) MSE=51.92 (b=0.000) | 理论正谱(纯缩放) MSE=151.28
[Worker] k=5.9663 | 物理全谱(含截距) MSE=81.05 (b=-0.000) | 理论正谱(纯缩放) MSE=6254.12
[Worker] k=7.5301 | 物理全谱(含截距) MSE=68.81 (b=0.000) | 理论正谱(纯缩放) MSE=152.42
[Worker] k=8.1097 | 物理全谱(含截距) MSE=65.44 (b=0.000) | 理论正谱(纯缩放) MSE=59794.80
[Worker] k=7.8849 | 物理全谱(含截距) MSE=105.63 (b=0.000) | 理论正谱(纯缩放) MSE=137631.75
[Worker] k=6.4272 | 物理全谱(含截距) MSE=39.50 (b=0.000) | 理论正谱(纯缩放) MSE=2054.81
[Worker] k=8.7905 | 物理全谱(含截距) MSE=124.57 (b=0.000) | 理论正谱(纯缩放) MSE=26348.63
[Worker] k=4.4789 | 物理全谱(含截距) MSE=28.67 (b=0.000) | 理论正谱(纯缩放) MSE=2653.05
[Worker] k=5.9310 | 物理全谱(含截距) MSE=120.13 (b=0.000) | 理论正谱(纯缩放) MSE=868.28
[Worker] k=7.2885 | 物理全谱(含截距) MSE=80.35 (b=0.000) | 理论正谱(纯缩放) MSE=999.91
[Worker] k=9.0847 | 物理全谱(含截距) MSE=28.67 (b=0.000) | 理论正谱(纯缩放) MSE=221.79
[Worker] k=5.0927 | 物理全谱(含截距) MSE=59.27 (b=0.000) | 理论正谱(纯缩放) MSE=804.49
[Worker] k=3.1063 | 物理全谱(含截距) MSE=73.73 (b=0.000) | 理论正谱(纯缩放) MSE=1231.62
[Worker] k=7.2337 | 物理全谱(含截距) MSE=43.18 (b=0.000) | 理论正谱(纯缩放) MSE=31138.48
[Worker] k=4.4307 | 物理全谱(含截距) MSE=36.56 (b=0.000) | 理论正谱(纯缩放) MSE=579.32
[Worker] k=6.2189 | 物理全谱(含截距) MSE=33.71 (b=-0.000) | 理论正谱(纯缩放) MSE=2091.11
[Worker] k=7.9741 | 物理全谱(含截距) MSE=73.85 (b=-0.000) | 理论正谱(纯缩放) MSE=1036155.39
[Worker] k=4.2277 | 物理全谱(含截距) MSE=64.81 (b=0.000) | 理论正谱(纯缩放) MSE=2770.83
[Worker] k=4.1884 | 物理全谱(含截距) MSE=212.64 (b=0.000) | 理论正谱(纯缩放) MSE=7091.37
[Worker] k=9.6067 | 物理全谱(含截距) MSE=78.50 (b=0.000) | 理论正谱(纯缩放) MSE=591.51
[Worker] k=8.3579 | 物理全谱(含截距) MSE=57.67 (b=0.000) | 理论正谱(纯缩放) MSE=1350.65
[Worker] k=4.5687 | 物理全谱(含截距) MSE=54.39 (b=0.000) | 理论正谱(纯缩放) MSE=556.80
[Worker] k=5.6455 | 物理全谱(含截距) MSE=36.25 (b=0.000) | 理论正谱(纯缩放) MSE=942.01
[Worker] k=7.7987 | 物理全谱(含截距) MSE=109.78 (b=0.000) | 理论正谱(纯缩放) MSE=3347.68
[Worker] k=9.8368 | 物理全谱(含截距) MSE=39.59 (b=0.000) | 理论正谱(纯缩放) MSE=69069.85
[Worker] k=7.9361 | 物理全谱(含截距) MSE=32.83 (b=-0.000) | 理论正谱(纯缩放) MSE=237.15
[Worker] k=9.8178 | 物理全谱(含截距) MSE=48.56 (b=-0.000) | 理论正谱(纯缩放) MSE=430.90
[Worker] k=3.3828 | 物理全谱(含截距) MSE=22.90 (b=0.000) | 理论正谱(纯缩放) MSE=1681.85
[Worker] k=4.5861 | 物理全谱(含截距) MSE=79.48 (b=0.000) | 理论正谱(纯缩放) MSE=296464.05
[Worker] k=9.3960 | 物理全谱(含截距) MSE=94.86 (b=0.000) | 理论正谱(纯缩放) MSE=2428.02
[Worker] k=5.7942 | 物理全谱(含截距) MSE=117.12 (b=0.000) | 理论正谱(纯缩放) MSE=62633.79
[Worker] k=8.5947 | 物理全谱(含截距) MSE=100.13 (b=0.000) | 理论正谱(纯缩放) MSE=96446.02
[Worker] k=8.2413 | 物理全谱(含截距) MSE=26.56 (b=0.000) | 理论正谱(纯缩放) MSE=2299.49
[Worker] k=8.6007 | 物理全谱(含截距) MSE=55.59 (b=0.000) | 理论正谱(纯缩放) MSE=39890.33
[Worker] k=8.6307 | 物理全谱(含截距) MSE=74.18 (b=0.000) | 理论正谱(纯缩放) MSE=1925.56
[Worker] k=6.9799 | 物理全谱(含截距) MSE=44.94 (b=0.000) | 理论正谱(纯缩放) MSE=2199.52
[Worker] k=7.5667 | 物理全谱(含截距) MSE=81.83 (b=0.000) | 理论正谱(纯缩放) MSE=113.13
[Worker] k=7.0595 | 物理全谱(含截距) MSE=76.44 (b=-0.000) | 理论正谱(纯缩放) MSE=8001.88
[Worker] k=7.4809 | 物理全谱(含截距) MSE=30.91 (b=0.000) | 理论正谱(纯缩放) MSE=963.07
[Worker] k=8.2795 | 物理全谱(含截距) MSE=76.40 (b=-0.000) | 理论正谱(纯缩放) MSE=21685.29
[Worker] k=6.5959 | 物理全谱(含截距) MSE=41.38 (b=0.000) | 理论正谱(纯缩放) MSE=4637.95
[Worker] k=7.7597 | 物理全谱(含截距) MSE=60.66 (b=0.000) | 理论正谱(纯缩放) MSE=1769.95
[Worker] k=5.0529 | 物理全谱(含截距) MSE=137.74 (b=0.000) | 理论正谱(纯缩放) MSE=1930.18
[Worker] k=2.3232 | 物理全谱(含截距) MSE=72.60 (b=0.000) | 理论正谱(纯缩放) MSE=3858.72
[Worker] k=7.5516 | 物理全谱(含截距) MSE=92.90 (b=0.000) | 理论正谱(纯缩放) MSE=460.13
[Worker] k=3.7529 | 物理全谱(含截距) MSE=61.46 (b=0.000) | 理论正谱(纯缩放) MSE=18842.75
[Worker] k=6.8986 | 物理全谱(含截距) MSE=141.46 (b=0.000) | 理论正谱(纯缩放) MSE=757.34
[Worker] k=4.4460 | 物理全谱(含截距) MSE=80.48 (b=0.000) | 理论正谱(纯缩放) MSE=2071.74
[Worker] k=8.8405 | 物理全谱(含截距) MSE=83.92 (b=0.000) | 理论正谱(纯缩放) MSE=13286.98
[Worker] k=9.9411 | 物理全谱(含截距) MSE=124.63 (b=0.000) | 理论正谱(纯缩放) MSE=3429.68
[Worker] k=6.9964 | 物理全谱(含截距) MSE=83.20 (b=0.000) | 理论正谱(纯缩放) MSE=5401891.90
[Worker] k=8.1973 | 物理全谱(含截距) MSE=65.03 (b=0.000) | 理论正谱(纯缩放) MSE=65.47
[Worker] k=6.6591 | 物理全谱(含截距) MSE=51.65 (b=0.000) | 理论正谱(纯缩放) MSE=816798.49
[Worker] k=9.1247 | 物理全谱(含截距) MSE=54.87 (b=0.000) | 理论正谱(纯缩放) MSE=68151.98
[Worker] k=9.5478 | 物理全谱(含截距) MSE=22.07 (b=0.000) | 理论正谱(纯缩放) MSE=63214.87
[Worker] k=6.9515 | 物理全谱(含截距) MSE=69.13 (b=0.000) | 理论正谱(纯缩放) MSE=85843.10
[Worker] k=8.9006 | 物理全谱(含截距) MSE=96.26 (b=0.000) | 理论正谱(纯缩放) MSE=3026.02
[Worker] k=5.9915 | 物理全谱(含截距) MSE=67.45 (b=0.000) | 理论正谱(纯缩放) MSE=556.72
[Worker] k=8.6886 | 物理全谱(含截距) MSE=26.26 (b=0.000) | 理论正谱(纯缩放) MSE=7297.20
[Worker] k=9.1794 | 物理全谱(含截距) MSE=26.81 (b=0.000) | 理论正谱(纯缩放) MSE=18104.42
[Worker] k=8.3760 | 物理全谱(含截距) MSE=25.63 (b=-0.000) | 理论正谱(纯缩放) MSE=3898.55
[Worker] k=7.2071 | 物理全谱(含截距) MSE=57.54 (b=0.000) | 理论正谱(纯缩放) MSE=1551831.98
[Worker] k=6.4228 | 物理全谱(含截距) MSE=38.48 (b=0.000) | 理论正谱(纯缩放) MSE=62.33
[Worker] k=6.6250 | 物理全谱(含截距) MSE=24.82 (b=-0.000) | 理论正谱(纯缩放) MSE=53.92
[Worker] k=9.6958 | 物理全谱(含截距) MSE=97.38 (b=0.000) | 理论正谱(纯缩放) MSE=13515.50
[Worker] k=6.1726 | 物理全谱(含截距) MSE=107.04 (b=0.000) | 理论正谱(纯缩放) MSE=601547.41
[Worker] k=7.1171 | 物理全谱(含截距) MSE=46.32 (b=0.000) | 理论正谱(纯缩放) MSE=1162.41
[Worker] k=5.0044 | 物理全谱(含截距) MSE=66.41 (b=0.000) | 理论正谱(纯缩放) MSE=458.31
[Worker] k=9.2256 | 物理全谱(含截距) MSE=63.54 (b=0.000) | 理论正谱(纯缩放) MSE=3123.74
[Worker] k=2.2347 | 物理全谱(含截距) MSE=56.52 (b=0.000) | 理论正谱(纯缩放) MSE=676.20
[Worker] k=7.7373 | 物理全谱(含截距) MSE=103.69 (b=-0.000) | 理论正谱(纯缩放) MSE=18374.23
[Worker] k=5.3150 | 物理全谱(含截距) MSE=149.49 (b=-0.000) | 理论正谱(纯缩放) MSE=164.43
[Worker] k=7.4563 | 物理全谱(含截距) MSE=129.45 (b=0.000) | 理论正谱(纯缩放) MSE=5370.00
[Worker] k=2.3593 | 物理全谱(含截距) MSE=51.82 (b=0.000) | 理论正谱(纯缩放) MSE=18123.24
[Worker] k=7.0706 | 物理全谱(含截距) MSE=153.29 (b=0.000) | 理论正谱(纯缩放) MSE=68129.59
[Worker] k=2.9561 | 物理全谱(含截距) MSE=85.10 (b=0.000) | 理论正谱(纯缩放) MSE=33766.15
[Worker] k=7.8863 | 物理全谱(含截距) MSE=118.52 (b=-0.000) | 理论正谱(纯缩放) MSE=126.97
[Worker] k=8.9742 | 物理全谱(含截距) MSE=133.16 (b=0.000) | 理论正谱(纯缩放) MSE=622.41
[Worker] k=9.8393 | 物理全谱(含截距) MSE=84.22 (b=0.000) | 理论正谱(纯缩放) MSE=32427.04
[Worker] k=5.9593 | 物理全谱(含截距) MSE=22.13 (b=0.000) | 理论正谱(纯缩放) MSE=22.70
[Worker] k=8.5254 | 物理全谱(含截距) MSE=132.97 (b=0.000) | 理论正谱(纯缩放) MSE=148094.26
[Worker] k=6.8918 | 物理全谱(含截距) MSE=60.46 (b=0.000) | 理论正谱(纯缩放) MSE=4357.66
[Worker] k=5.7373 | 物理全谱(含截距) MSE=102.11 (b=-0.000) | 理论正谱(纯缩放) MSE=84525.77
[Worker] k=6.3615 | 物理全谱(含截距) MSE=142.56 (b=0.000) | 理论正谱(纯缩放) MSE=23070462.39
[Worker] k=7.3011 | 物理全谱(含截距) MSE=146.79 (b=-0.000) | 理论正谱(纯缩放) MSE=2045.20
[Worker] k=7.3024 | 物理全谱(含截距) MSE=60.29 (b=0.000) | 理论正谱(纯缩放) MSE=15388.51
[Worker] k=7.3403 | 物理全谱(含截距) MSE=67.01 (b=-0.000) | 理论正谱(纯缩放) MSE=3161.61
[Worker] k=6.6534 | 物理全谱(含截距) MSE=62.02 (b=0.000) | 理论正谱(纯缩放) MSE=535213.07
[Worker] k=7.1345 | 物理全谱(含截距) MSE=80.65 (b=0.000) | 理论正谱(纯缩放) MSE=2871.14
[Worker] k=8.2128 | 物理全谱(含截距) MSE=49.95 (b=0.000) | 理论正谱(纯缩放) MSE=49.97
[Worker] k=7.3993 | 物理全谱(含截距) MSE=41.56 (b=0.000) | 理论正谱(纯缩放) MSE=33579.69
[Worker] k=2.9739 | 物理全谱(含截距) MSE=33.68 (b=-0.000) | 理论正谱(纯缩放) MSE=255.22
[Worker] k=7.7809 | 物理全谱(含截距) MSE=38.67 (b=0.000) | 理论正谱(纯缩放) MSE=56515.00
[Worker] k=3.3082 | 物理全谱(含截距) MSE=39.34 (b=0.000) | 理论正谱(纯缩放) MSE=189254.90
[Worker] k=6.3212 | 物理全谱(含截距) MSE=45.75 (b=0.000) | 理论正谱(纯缩放) MSE=86532.54
[Worker] k=6.7090 | 物理全谱(含截距) MSE=81.79 (b=0.000) | 理论正谱(纯缩放) MSE=36507.90
[Worker] k=5.2597 | 物理全谱(含截距) MSE=177.41 (b=-0.000) | 理论正谱(纯缩放) MSE=2230.64
[Worker] k=5.0510 | 物理全谱(含截距) MSE=43.61 (b=0.000) | 理论正谱(纯缩放) MSE=234.71
[Worker] k=8.5684 | 物理全谱(含截距) MSE=92.82 (b=0.000) | 理论正谱(纯缩放) MSE=93.50
[Worker] k=8.1085 | 物理全谱(含截距) MSE=49.71 (b=0.000) | 理论正谱(纯缩放) MSE=17339.49
[Worker] k=7.8699 | 物理全谱(含截距) MSE=78.08 (b=0.000) | 理论正谱(纯缩放) MSE=16244.27
[Worker] k=7.7962 | 物理全谱(含截距) MSE=50.01 (b=0.000) | 理论正谱(纯缩放) MSE=198.63
[Worker] k=5.3998 | 物理全谱(含截距) MSE=72.43 (b=0.000) | 理论正谱(纯缩放) MSE=72348.25
[Worker] k=5.4712 | 物理全谱(含截距) MSE=53.60 (b=0.000) | 理论正谱(纯缩放) MSE=231111.38
[Worker] k=8.0321 | 物理全谱(含截距) MSE=38.93 (b=0.000) | 理论正谱(纯缩放) MSE=720.05
[Worker] k=8.3594 | 物理全谱(含截距) MSE=44.97 (b=0.000) | 理论正谱(纯缩放) MSE=2272.42
[Worker] k=7.6946 | 物理全谱(含截距) MSE=70.84 (b=0.000) | 理论正谱(纯缩放) MSE=1163.37
[Worker] k=6.1333 | 物理全谱(含截距) MSE=69.07 (b=0.000) | 理论正谱(纯缩放) MSE=943.36
[Worker] k=7.2521 | 物理全谱(含截距) MSE=105.30 (b=0.000) | 理论正谱(纯缩放) MSE=122708.97
[Worker] k=4.8949 | 物理全谱(含截距) MSE=60.76 (b=0.000) | 理论正谱(纯缩放) MSE=11092.27
[Worker] k=8.2123 | 物理全谱(含截距) MSE=114.89 (b=0.000) | 理论正谱(纯缩放) MSE=89840.18
[Worker] k=7.3523 | 物理全谱(含截距) MSE=80.01 (b=0.000) | 理论正谱(纯缩放) MSE=26229.42
[Worker] k=7.4338 | 物理全谱(含截距) MSE=40.05 (b=0.000) | 理论正谱(纯缩放) MSE=7418.88
[Worker] k=7.6354 | 物理全谱(含截距) MSE=90.71 (b=0.000) | 理论正谱(纯缩放) MSE=264549.29
[Worker] k=7.0548 | 物理全谱(含截距) MSE=91.17 (b=0.000) | 理论正谱(纯缩放) MSE=41207.36
[Worker] k=8.5944 | 物理全谱(含截距) MSE=24.67 (b=0.000) | 理论正谱(纯缩放) MSE=2156.86
[Worker] k=8.4766 | 物理全谱(含截距) MSE=39.18 (b=0.000) | 理论正谱(纯缩放) MSE=99.31
[Worker] k=5.5398 | 物理全谱(含截距) MSE=83.60 (b=0.000) | 理论正谱(纯缩放) MSE=2182.11
[Worker] k=5.7752 | 物理全谱(含截距) MSE=67.69 (b=0.000) | 理论正谱(纯缩放) MSE=34770.71
[Worker] k=8.3371 | 物理全谱(含截距) MSE=85.84 (b=0.000) | 理论正谱(纯缩放) MSE=8113.27
[Worker] k=6.7590 | 物理全谱(含截距) MSE=131.37 (b=0.000) | 理论正谱(纯缩放) MSE=1172.80
[Worker] k=7.7388 | 物理全谱(含截距) MSE=119.81 (b=-0.000) | 理论正谱(纯缩放) MSE=120795.56
[Worker] k=6.9344 | 物理全谱(含截距) MSE=63.07 (b=0.000) | 理论正谱(纯缩放) MSE=15884.55
[Worker] k=4.6114 | 物理全谱(含截距) MSE=42.49 (b=0.000) | 理论正谱(纯缩放) MSE=2600.34
[Worker] k=5.2081 | 物理全谱(含截距) MSE=61.28 (b=0.000) | 理论正谱(纯缩放) MSE=29636.64
[Worker] k=6.0102 | 物理全谱(含截距) MSE=111.74 (b=0.000) | 理论正谱(纯缩放) MSE=527471.08
[Worker] k=6.9161 | 物理全谱(含截距) MSE=76.60 (b=0.000) | 理论正谱(纯缩放) MSE=27103.97
[Worker] k=5.7095 | 物理全谱(含截距) MSE=62.22 (b=0.000) | 理论正谱(纯缩放) MSE=140686.42
[Worker] k=8.2041 | 物理全谱(含截距) MSE=58.50 (b=0.000) | 理论正谱(纯缩放) MSE=69441.58
[Worker] k=6.3269 | 物理全谱(含截距) MSE=89.06 (b=0.000) | 理论正谱(纯缩放) MSE=4739.46
[Worker] k=3.4796 | 物理全谱(含截距) MSE=90.53 (b=0.000) | 理论正谱(纯缩放) MSE=829.19
[Worker] k=2.2146 | 物理全谱(含截距) MSE=44.45 (b=0.000) | 理论正谱(纯缩放) MSE=158092.73
[Worker] k=8.8749 | 物理全谱(含截距) MSE=76.29 (b=-0.000) | 理论正谱(纯缩放) MSE=1253.92
[Worker] k=8.5614 | 物理全谱(含截距) MSE=64.29 (b=-0.000) | 理论正谱(纯缩放) MSE=14034.16
[Worker] k=7.0592 | 物理全谱(含截距) MSE=29.73 (b=0.000) | 理论正谱(纯缩放) MSE=2845.35
[Worker] k=3.2067 | 物理全谱(含截距) MSE=44.69 (b=0.000) | 理论正谱(纯缩放) MSE=2402.11
[Worker] k=7.3966 | 物理全谱(含截距) MSE=106.68 (b=-0.000) | 理论正谱(纯缩放) MSE=5883.00
[Worker] k=9.2279 | 物理全谱(含截距) MSE=66.35 (b=0.000) | 理论正谱(纯缩放) MSE=104598.73
[Worker] k=9.6194 | 物理全谱(含截距) MSE=65.88 (b=0.000) | 理论正谱(纯缩放) MSE=15171.73
[Worker] k=7.6156 | 物理全谱(含截距) MSE=31.56 (b=0.000) | 理论正谱(纯缩放) MSE=51581.76
[Worker] k=8.6385 | 物理全谱(含截距) MSE=25.40 (b=0.000) | 理论正谱(纯缩放) MSE=28.04
[Worker] k=4.1018 | 物理全谱(含截距) MSE=82.40 (b=0.000) | 理论正谱(纯缩放) MSE=43656.45
[Worker] k=6.4453 | 物理全谱(含截距) MSE=88.76 (b=0.000) | 理论正谱(纯缩放) MSE=105395.24
[Worker] k=8.4344 | 物理全谱(含截距) MSE=61.21 (b=-0.000) | 理论正谱(纯缩放) MSE=173156.41
[Worker] k=8.9464 | 物理全谱(含截距) MSE=69.77 (b=-0.000) | 理论正谱(纯缩放) MSE=73.88
[Worker] k=9.3643 | 物理全谱(含截距) MSE=39.47 (b=0.000) | 理论正谱(纯缩放) MSE=316412.03
[Worker] k=9.0796 | 物理全谱(含截距) MSE=35.65 (b=0.000) | 理论正谱(纯缩放) MSE=30574.62
[Worker] k=8.1143 | 物理全谱(含截距) MSE=45.28 (b=-0.000) | 理论正谱(纯缩放) MSE=2655.53
[Worker] k=9.7759 | 物理全谱(含截距) MSE=66.86 (b=-0.000) | 理论正谱(纯缩放) MSE=9932.19
[Worker] k=8.2666 | 物理全谱(含截距) MSE=70.41 (b=0.000) | 理论正谱(纯缩放) MSE=3227.19
[Worker] k=5.5305 | 物理全谱(含截距) MSE=81.67 (b=0.000) | 理论正谱(纯缩放) MSE=8642.73
[Worker] k=8.6417 | 物理全谱(含截距) MSE=135.28 (b=0.000) | 理论正谱(纯缩放) MSE=24464.72
[Worker] k=4.9876 | 物理全谱(含截距) MSE=49.57 (b=-0.000) | 理论正谱(纯缩放) MSE=612378.29
[Worker] k=9.1097 | 物理全谱(含截距) MSE=42.62 (b=0.000) | 理论正谱(纯缩放) MSE=1976.47
[Worker] k=9.9546 | 物理全谱(含截距) MSE=91.56 (b=0.000) | 理论正谱(纯缩放) MSE=426.55
[Worker] k=9.6347 | 物理全谱(含截距) MSE=47.89 (b=0.000) | 理论正谱(纯缩放) MSE=4124.90
[Worker] k=6.4756 | 物理全谱(含截距) MSE=13.41 (b=0.000) | 理论正谱(纯缩放) MSE=1800.69
[Worker] k=9.7871 | 物理全谱(含截距) MSE=51.43 (b=0.000) | 理论正谱(纯缩放) MSE=1389.86
[Worker] k=8.8896 | 物理全谱(含截距) MSE=48.73 (b=0.000) | 理论正谱(纯缩放) MSE=4335.90
[Worker] k=5.8092 | 物理全谱(含截距) MSE=86.93 (b=0.000) | 理论正谱(纯缩放) MSE=7746.09
[Worker] k=6.6061 | 物理全谱(含截距) MSE=40.49 (b=0.000) | 理论正谱(纯缩放) MSE=229.02
[Worker] k=9.1947 | 物理全谱(含截距) MSE=81.02 (b=0.000) | 理论正谱(纯缩放) MSE=39233.53
[Worker] k=5.4378 | 物理全谱(含截距) MSE=79.17 (b=0.000) | 理论正谱(纯缩放) MSE=9707.01
[Worker] k=8.9214 | 物理全谱(含截距) MSE=61.02 (b=-0.000) | 理论正谱(纯缩放) MSE=142.30
[Worker] k=7.3691 | 物理全谱(含截距) MSE=73.79 (b=0.000) | 理论正谱(纯缩放) MSE=1812.50
[Worker] k=2.5880 | 物理全谱(含截距) MSE=117.69 (b=0.000) | 理论正谱(纯缩放) MSE=119.43
[Worker] k=7.1057 | 物理全谱(含截距) MSE=53.79 (b=-0.000) | 理论正谱(纯缩放) MSE=24093.54
[Worker] k=8.9565 | 物理全谱(含截距) MSE=137.19 (b=0.000) | 理论正谱(纯缩放) MSE=43276.34
[Worker] k=8.6574 | 物理全谱(含截距) MSE=103.59 (b=0.000) | 理论正谱(纯缩放) MSE=957.80
[Worker] k=6.3963 | 物理全谱(含截距) MSE=60.60 (b=0.000) | 理论正谱(纯缩放) MSE=5493.00
[Worker] k=6.8555 | 物理全谱(含截距) MSE=60.97 (b=0.000) | 理论正谱(纯缩放) MSE=102099.46
[Worker] k=6.8330 | 物理全谱(含截距) MSE=114.63 (b=0.000) | 理论正谱(纯缩放) MSE=32646.89
[Worker] k=6.7337 | 物理全谱(含截距) MSE=93.63 (b=-0.000) | 理论正谱(纯缩放) MSE=412.22
[Worker] k=7.3026 | 物理全谱(含截距) MSE=31.89 (b=0.000) | 理论正谱(纯缩放) MSE=62.81
[Worker] k=4.8751 | 物理全谱(含截距) MSE=73.36 (b=0.000) | 理论正谱(纯缩放) MSE=711.91
[Worker] k=9.9036 | 物理全谱(含截距) MSE=34.51 (b=0.000) | 理论正谱(纯缩放) MSE=31302.24
[Worker] k=6.8865 | 物理全谱(含截距) MSE=45.55 (b=0.000) | 理论正谱(纯缩放) MSE=15826.26
[Worker] k=7.2618 | 物理全谱(含截距) MSE=14.31 (b=-0.000) | 理论正谱(纯缩放) MSE=3996.87
[Worker] k=5.0980 | 物理全谱(含截距) MSE=25.31 (b=-0.000) | 理论正谱(纯缩放) MSE=1156.70
[Worker] k=7.5374 | 物理全谱(含截距) MSE=92.79 (b=0.000) | 理论正谱(纯缩放) MSE=2029.43
[Worker] k=6.5686 | 物理全谱(含截距) MSE=37.99 (b=0.000) | 理论正谱(纯缩放) MSE=888.82
[Worker] k=8.7781 | 物理全谱(含截距) MSE=79.69 (b=0.000) | 理论正谱(纯缩放) MSE=1323.22
[Worker] k=7.4896 | 物理全谱(含截距) MSE=107.26 (b=0.000) | 理论正谱(纯缩放) MSE=4170.54
[Worker] k=9.6399 | 物理全谱(含截距) MSE=34.15 (b=0.000) | 理论正谱(纯缩放) MSE=951.31
[Worker] k=6.2905 | 物理全谱(含截距) MSE=151.79 (b=0.000) | 理论正谱(纯缩放) MSE=491497.78
[Worker] k=4.1861 | 物理全谱(含截距) MSE=39.25 (b=0.000) | 理论正谱(纯缩放) MSE=7227.75
[Worker] k=7.8993 | 物理全谱(含截距) MSE=33.91 (b=0.000) | 理论正谱(纯缩放) MSE=231.04
[Worker] k=7.8393 | 物理全谱(含截距) MSE=86.88 (b=-0.000) | 理论正谱(纯缩放) MSE=4958.05
[Worker] k=7.4091 | 物理全谱(含截距) MSE=26.19 (b=0.000) | 理论正谱(纯缩放) MSE=129670.93
[Worker] k=4.8503 | 物理全谱(含截距) MSE=37.47 (b=0.000) | 理论正谱(纯缩放) MSE=1505.60[Worker] k=9.6717 | 物理全谱(含截距) MSE=98.06 (b=0.000) | 理论正谱(纯缩放) MSE=67151.24

[Worker] k=7.1941 | 物理全谱(含截距) MSE=73.91 (b=0.000) | 理论正谱(纯缩放) MSE=42873.51
[Worker] k=8.1438 | 物理全谱(含截距) MSE=68.35 (b=0.000) | 理论正谱(纯缩放) MSE=286.12
[Worker] k=5.9765 | 物理全谱(含截距) MSE=70.84 (b=-0.000) | 理论正谱(纯缩放) MSE=4224.92
[Worker] k=9.0355 | 物理全谱(含截距) MSE=157.55 (b=0.000) | 理论正谱(纯缩放) MSE=316695.29
[Worker] k=6.3550 | 物理全谱(含截距) MSE=41.37 (b=0.000) | 理论正谱(纯缩放) MSE=5190.33
[Worker] k=6.8767 | 物理全谱(含截距) MSE=58.28 (b=0.000) | 理论正谱(纯缩放) MSE=303.97
[Worker] k=5.1368 | 物理全谱(含截距) MSE=86.64 (b=-0.000) | 理论正谱(纯缩放) MSE=3276.56
[Worker] k=8.9101 | 物理全谱(含截距) MSE=58.64 (b=0.000) | 理论正谱(纯缩放) MSE=460.43
differential_evolution step 1: f(x)= 13.408407274916122
[Worker] k=7.6381 | 物理全谱(含截距) MSE=42.44 (b=0.000) | 理论正谱(纯缩放) MSE=1713.66
[Worker] k=3.3599 | 物理全谱(含截距) MSE=78.56 (b=-0.000) | 理论正谱(纯缩放) MSE=1063.43
[Worker] k=6.3057 | 物理全谱(含截距) MSE=68.30 (b=0.000) | 理论正谱(纯缩放) MSE=392007.97
[Worker] k=4.2686 | 物理全谱(含截距) MSE=79.31 (b=0.000) | 理论正谱(纯缩放) MSE=695.88
[Worker] k=9.6954 | 物理全谱(含截距) MSE=54.47 (b=0.000) | 理论正谱(纯缩放) MSE=162.62
[Worker] k=8.2128 | 物理全谱(含截距) MSE=97.59 (b=0.000) | 理论正谱(纯缩放) MSE=2861.13
[Worker] k=6.3783 | 物理全谱(含截距) MSE=99.36 (b=0.000) | 理论正谱(纯缩放) MSE=1883.11
[Worker] k=9.2719 | 物理全谱(含截距) MSE=43.15 (b=0.000) | 理论正谱(纯缩放) MSE=4041.18
[Worker] k=9.6989 | 物理全谱(含截距) MSE=84.21 (b=0.000) | 理论正谱(纯缩放) MSE=4092.91
[Worker] k=7.6620 | 物理全谱(含截距) MSE=21.78 (b=0.000) | 理论正谱(纯缩放) MSE=68132.87
[Worker] k=4.0330 | 物理全谱(含截距) MSE=40.19 (b=0.000) | 理论正谱(纯缩放) MSE=29467.42
[Worker] k=5.8733 | 物理全谱(含截距) MSE=31.31 (b=0.000) | 理论正谱(纯缩放) MSE=39182.80
[Worker] k=5.8149 | 物理全谱(含截距) MSE=32.89 (b=0.000) | 理论正谱(纯缩放) MSE=32581.49
[Worker] k=5.5389 | 物理全谱(含截距) MSE=100.46 (b=-0.000) | 理论正谱(纯缩放) MSE=1514.33
[Worker] k=7.2377 | 物理全谱(含截距) MSE=76.08 (b=0.000) | 理论正谱(纯缩放) MSE=10820.45
[Worker] k=7.9789 | 物理全谱(含截距) MSE=56.83 (b=0.000) | 理论正谱(纯缩放) MSE=829.23
[Worker] k=5.8043 | 物理全谱(含截距) MSE=39.15 (b=0.000) | 理论正谱(纯缩放) MSE=1576.33
[Worker] k=8.2039 | 物理全谱(含截距) MSE=61.91 (b=0.000) | 理论正谱(纯缩放) MSE=16872.86
[Worker] k=2.8791 | 物理全谱(含截距) MSE=76.27 (b=0.000) | 理论正谱(纯缩放) MSE=658.87
[Worker] k=5.9439 | 物理全谱(含截距) MSE=52.35 (b=-0.000) | 理论正谱(纯缩放) MSE=1362.93
[Worker] k=5.8225 | 物理全谱(含截距) MSE=76.55 (b=0.000) | 理论正谱(纯缩放) MSE=90.93
[Worker] k=4.8845 | 物理全谱(含截距) MSE=54.60 (b=0.000) | 理论正谱(纯缩放) MSE=9605.73
[Worker] k=7.7155 | 物理全谱(含截距) MSE=46.37 (b=-0.000) | 理论正谱(纯缩放) MSE=63.21
[Worker] k=7.9955 | 物理全谱(含截距) MSE=25.33 (b=0.000) | 理论正谱(纯缩放) MSE=2801.42
[Worker] k=9.3345 | 物理全谱(含截距) MSE=81.33 (b=-0.000) | 理论正谱(纯缩放) MSE=829.49
[Worker] k=7.4105 | 物理全谱(含截距) MSE=69.03 (b=0.000) | 理论正谱(纯缩放) MSE=3231.09
[Worker] k=6.5209 | 物理全谱(含截距) MSE=87.03 (b=0.000) | 理论正谱(纯缩放) MSE=15199.47
[Worker] k=2.8346 | 物理全谱(含截距) MSE=40.16 (b=0.000) | 理论正谱(纯缩放) MSE=1565.70
[Worker] k=5.4934 | 物理全谱(含截距) MSE=62.14 (b=0.000) | 理论正谱(纯缩放) MSE=2234.53
[Worker] k=5.7523 | 物理全谱(含截距) MSE=181.97 (b=0.000) | 理论正谱(纯缩放) MSE=63856.05
[Worker] k=2.8839 | 物理全谱(含截距) MSE=98.02 (b=0.000) | 理论正谱(纯缩放) MSE=308.29
[Worker] k=7.7933 | 物理全谱(含截距) MSE=66.40 (b=0.000) | 理论正谱(纯缩放) MSE=3914.93
[Worker] k=6.3137 | 物理全谱(含截距) MSE=34.58 (b=0.000) | 理论正谱(纯缩放) MSE=644.49
[Worker] k=6.6654 | 物理全谱(含截距) MSE=56.81 (b=0.000) | 理论正谱(纯缩放) MSE=14950.63
[Worker] k=2.1088 | 物理全谱(含截距) MSE=111.46 (b=-0.000) | 理论正谱(纯缩放) MSE=158.86
[Worker] k=5.5580 | 物理全谱(含截距) MSE=128.32 (b=0.000) | 理论正谱(纯缩放) MSE=1943126.42
[Worker] k=6.5398 | 物理全谱(含截距) MSE=92.34 (b=-0.000) | 理论正谱(纯缩放) MSE=260406.75
[Worker] k=6.8370 | 物理全谱(含截距) MSE=100.36 (b=0.000) | 理论正谱(纯缩放) MSE=1325.19
[Worker] k=2.7673 | 物理全谱(含截距) MSE=38.38 (b=0.000) | 理论正谱(纯缩放) MSE=220.35
[Worker] k=5.6497 | 物理全谱(含截距) MSE=51.75 (b=-0.000) | 理论正谱(纯缩放) MSE=436.48
[Worker] k=4.1232 | 物理全谱(含截距) MSE=83.68 (b=0.000) | 理论正谱(纯缩放) MSE=2777.84
[Worker] k=6.8288 | 物理全谱(含截距) MSE=93.95 (b=0.000) | 理论正谱(纯缩放) MSE=1373.53
[Worker] k=8.2688 | 物理全谱(含截距) MSE=124.37 (b=0.000) | 理论正谱(纯缩放) MSE=130838.41
[Worker] k=7.5451 | 物理全谱(含截距) MSE=79.47 (b=0.000) | 理论正谱(纯缩放) MSE=911.00
[Worker] k=8.4246 | 物理全谱(含截距) MSE=55.17 (b=0.000) | 理论正谱(纯缩放) MSE=50118.80
[Worker] k=3.9936 | 物理全谱(含截距) MSE=51.81 (b=0.000) | 理论正谱(纯缩放) MSE=1547.40
[Worker] k=8.1290 | 物理全谱(含截距) MSE=37.50 (b=-0.000) | 理论正谱(纯缩放) MSE=2219.56
[Worker] k=8.4673 | 物理全谱(含截距) MSE=162.55 (b=0.000) | 理论正谱(纯缩放) MSE=50970.32
[Worker] k=5.7169 | 物理全谱(含截距) MSE=96.69 (b=0.000) | 理论正谱(纯缩放) MSE=188223.83
[Worker] k=8.0963 | 物理全谱(含截距) MSE=30.24 (b=0.000) | 理论正谱(纯缩放) MSE=2605.73
[Worker] k=4.8721 | 物理全谱(含截距) MSE=28.59 (b=-0.000) | 理论正谱(纯缩放) MSE=47629.12[Worker] k=4.1501 | 物理全谱(含截距) MSE=25.84 (b=0.000) | 理论正谱(纯缩放) MSE=8071.01

[Worker] k=7.2705 | 物理全谱(含截距) MSE=38.94 (b=0.000) | 理论正谱(纯缩放) MSE=786.91
[Worker] k=8.7373 | 物理全谱(含截距) MSE=57.54 (b=0.000) | 理论正谱(纯缩放) MSE=37317.92
[Worker] k=3.8141 | 物理全谱(含截距) MSE=55.33 (b=0.000) | 理论正谱(纯缩放) MSE=195.50
[Worker] k=3.1754 | 物理全谱(含截距) MSE=42.06 (b=0.000) | 理论正谱(纯缩放) MSE=199.95
[Worker] k=7.8881 | 物理全谱(含截距) MSE=58.16 (b=0.000) | 理论正谱(纯缩放) MSE=21689.64
[Worker] k=5.0634 | 物理全谱(含截距) MSE=64.01 (b=-0.000) | 理论正谱(纯缩放) MSE=294.07
[Worker] k=4.3008 | 物理全谱(含截距) MSE=35.71 (b=0.000) | 理论正谱(纯缩放) MSE=1258.59
[Worker] k=6.9424 | 物理全谱(含截距) MSE=61.99 (b=0.000) | 理论正谱(纯缩放) MSE=138541.96
[Worker] k=5.1683 | 物理全谱(含截距) MSE=57.63 (b=0.000) | 理论正谱(纯缩放) MSE=264.96
[Worker] k=6.7443 | 物理全谱(含截距) MSE=57.00 (b=0.000) | 理论正谱(纯缩放) MSE=64.73
[Worker] k=5.1570 | 物理全谱(含截距) MSE=66.69 (b=-0.000) | 理论正谱(纯缩放) MSE=22807.96
[Worker] k=6.1840 | 物理全谱(含截距) MSE=40.19 (b=-0.000) | 理论正谱(纯缩放) MSE=154895.03
[Worker] k=8.5534 | 物理全谱(含截距) MSE=58.93 (b=0.000) | 理论正谱(纯缩放) MSE=137439.38
[Worker] k=6.1665 | 物理全谱(含截距) MSE=90.83 (b=0.000) | 理论正谱(纯缩放) MSE=16555.79
[Worker] k=9.1949 | 物理全谱(含截距) MSE=50.22 (b=0.000) | 理论正谱(纯缩放) MSE=52.60
[Worker] k=5.4889 | 物理全谱(含截距) MSE=170.58 (b=0.000) | 理论正谱(纯缩放) MSE=3268.10
[Worker] k=4.3486 | 物理全谱(含截距) MSE=19.99 (b=0.000) | 理论正谱(纯缩放) MSE=883.86
[Worker] k=2.8749 | 物理全谱(含截距) MSE=36.63 (b=-0.000) | 理论正谱(纯缩放) MSE=62.97
[Worker] k=6.8991 | 物理全谱(含截距) MSE=63.36 (b=0.000) | 理论正谱(纯缩放) MSE=326025.52
[Worker] k=6.2857 | 物理全谱(含截距) MSE=41.47 (b=-0.000) | 理论正谱(纯缩放) MSE=1730.12
[Worker] k=9.2966 | 物理全谱(含截距) MSE=64.81 (b=0.000) | 理论正谱(纯缩放) MSE=41296.70
[Worker] k=6.7013 | 物理全谱(含截距) MSE=83.89 (b=0.000) | 理论正谱(纯缩放) MSE=892.91
[Worker] k=6.6557 | 物理全谱(含截距) MSE=31.68 (b=0.000) | 理论正谱(纯缩放) MSE=490.97[Worker] k=3.2422 | 物理全谱(含截距) MSE=35.53 (b=0.000) | 理论正谱(纯缩放) MSE=294.95

[Worker] k=6.8961 | 物理全谱(含截距) MSE=124.47 (b=0.000) | 理论正谱(纯缩放) MSE=174.17
[Worker] k=6.2694 | 物理全谱(含截距) MSE=59.74 (b=0.000) | 理论正谱(纯缩放) MSE=31675.80
[Worker] k=9.3041 | 物理全谱(含截距) MSE=39.33 (b=0.000) | 理论正谱(纯缩放) MSE=4071.45
[Worker] k=9.1217 | 物理全谱(含截距) MSE=65.11 (b=-0.000) | 理论正谱(纯缩放) MSE=5471661.62
[Worker] k=6.2468 | 物理全谱(含截距) MSE=29.24 (b=0.000) | 理论正谱(纯缩放) MSE=353.39
[Worker] k=7.8773 | 物理全谱(含截距) MSE=83.38 (b=0.000) | 理论正谱(纯缩放) MSE=409218.64
[Worker] k=9.8190 | 物理全谱(含截距) MSE=46.87 (b=0.000) | 理论正谱(纯缩放) MSE=1141.20
[Worker] k=9.8895 | 物理全谱(含截距) MSE=115.24 (b=-0.000) | 理论正谱(纯缩放) MSE=12750.95
[Worker] k=9.0269 | 物理全谱(含截距) MSE=39.88 (b=-0.000) | 理论正谱(纯缩放) MSE=109.11
[Worker] k=4.4807 | 物理全谱(含截距) MSE=79.37 (b=-0.000) | 理论正谱(纯缩放) MSE=6258.73
[Worker] k=3.1525 | 物理全谱(含截距) MSE=74.14 (b=0.000) | 理论正谱(纯缩放) MSE=81.35
[Worker] k=4.4477 | 物理全谱(含截距) MSE=106.04 (b=0.000) | 理论正谱(纯缩放) MSE=31724.59
[Worker] k=9.4761 | 物理全谱(含截距) MSE=46.10 (b=0.000) | 理论正谱(纯缩放) MSE=70.67
[Worker] k=5.0207 | 物理全谱(含截距) MSE=79.46 (b=0.000) | 理论正谱(纯缩放) MSE=20640.07
[Worker] k=5.0497 | 物理全谱(含截距) MSE=77.52 (b=0.000) | 理论正谱(纯缩放) MSE=11119.16
[Worker] k=9.8563 | 物理全谱(含截距) MSE=47.66 (b=0.000) | 理论正谱(纯缩放) MSE=3566.30
[Worker] k=5.8340 | 物理全谱(含截距) MSE=76.05 (b=0.000) | 理论正谱(纯缩放) MSE=1260.71
[Worker] k=5.1002 | 物理全谱(含截距) MSE=38.94 (b=-0.000) | 理论正谱(纯缩放) MSE=2544.67
[Worker] k=5.0758 | 物理全谱(含截距) MSE=47.32 (b=0.000) | 理论正谱(纯缩放) MSE=86673.16
[Worker] k=6.9852 | 物理全谱(含截距) MSE=58.23 (b=0.000) | 理论正谱(纯缩放) MSE=24632.32
[Worker] k=6.1982 | 物理全谱(含截距) MSE=21.63 (b=0.000) | 理论正谱(纯缩放) MSE=435555.51
[Worker] k=7.1683 | 物理全谱(含截距) MSE=38.96 (b=0.000) | 理论正谱(纯缩放) MSE=2665.66
[Worker] k=4.6357 | 物理全谱(含截距) MSE=110.63 (b=0.000) | 理论正谱(纯缩放) MSE=45843.70
[Worker] k=9.6129 | 物理全谱(含截距) MSE=96.66 (b=-0.000) | 理论正谱(纯缩放) MSE=10438493.86
[Worker] k=4.6192 | 物理全谱(含截距) MSE=51.74 (b=0.000) | 理论正谱(纯缩放) MSE=611829.15
[Worker] k=2.0676 | 物理全谱(含截距) MSE=59.36 (b=-0.000) | 理论正谱(纯缩放) MSE=397.67
[Worker] k=5.9957 | 物理全谱(含截距) MSE=50.99 (b=0.000) | 理论正谱(纯缩放) MSE=3058972.63
[Worker] k=9.4779 | 物理全谱(含截距) MSE=105.59 (b=0.000) | 理论正谱(纯缩放) MSE=111509.03
[Worker] k=4.6480 | 物理全谱(含截距) MSE=44.64 (b=0.000) | 理论正谱(纯缩放) MSE=833.70
[Worker] k=4.2894 | 物理全谱(含截距) MSE=27.50 (b=0.000) | 理论正谱(纯缩放) MSE=2186.48
[Worker] k=6.8514 | 物理全谱(含截距) MSE=148.39 (b=0.000) | 理论正谱(纯缩放) MSE=157.34
[Worker] k=7.4102 | 物理全谱(含截距) MSE=70.00 (b=0.000) | 理论正谱(纯缩放) MSE=895.94
[Worker] k=5.9839 | 物理全谱(含截距) MSE=87.74 (b=0.000) | 理论正谱(纯缩放) MSE=46219.44
[Worker] k=8.5136 | 物理全谱(含截距) MSE=39.79 (b=0.000) | 理论正谱(纯缩放) MSE=787.28
[Worker] k=9.1454 | 物理全谱(含截距) MSE=65.33 (b=0.000) | 理论正谱(纯缩放) MSE=158367.31
[Worker] k=6.1765 | 物理全谱(含截距) MSE=47.72 (b=0.000) | 理论正谱(纯缩放) MSE=1787.99
[Worker] k=3.2678 | 物理全谱(含截距) MSE=92.68 (b=0.000) | 理论正谱(纯缩放) MSE=11575.82
[Worker] k=5.9300 | 物理全谱(含截距) MSE=72.63 (b=-0.000) | 理论正谱(纯缩放) MSE=61989.84
[Worker] k=7.2298 | 物理全谱(含截距) MSE=32.79 (b=0.000) | 理论正谱(纯缩放) MSE=462.21
[Worker] k=8.0607 | 物理全谱(含截距) MSE=126.16 (b=0.000) | 理论正谱(纯缩放) MSE=197.33
[Worker] k=6.8592 | 物理全谱(含截距) MSE=74.90 (b=0.000) | 理论正谱(纯缩放) MSE=2893.74
[Worker] k=5.3184 | 物理全谱(含截距) MSE=44.09 (b=0.000) | 理论正谱(纯缩放) MSE=565.28
[Worker] k=4.3719 | 物理全谱(含截距) MSE=135.70 (b=0.000) | 理论正谱(纯缩放) MSE=23820.52
[Worker] k=7.1123 | 物理全谱(含截距) MSE=73.77 (b=-0.000) | 理论正谱(纯缩放) MSE=545468.67
[Worker] k=5.5788 | 物理全谱(含截距) MSE=78.40 (b=0.000) | 理论正谱(纯缩放) MSE=653.38
[Worker] k=6.3516 | 物理全谱(含截距) MSE=81.16 (b=0.000) | 理论正谱(纯缩放) MSE=1820.18
[Worker] k=9.8219 | 物理全谱(含截距) MSE=57.87 (b=0.000) | 理论正谱(纯缩放) MSE=21440.54
[Worker] k=8.3760 | 物理全谱(含截距) MSE=141.34 (b=-0.000) | 理论正谱(纯缩放) MSE=2112.25
[Worker] k=4.9880 | 物理全谱(含截距) MSE=85.21 (b=-0.000) | 理论正谱(纯缩放) MSE=15215.15
[Worker] k=3.8384 | 物理全谱(含截距) MSE=61.63 (b=0.000) | 理论正谱(纯缩放) MSE=52928.49
[Worker] k=7.4935 | 物理全谱(含截距) MSE=77.45 (b=-0.000) | 理论正谱(纯缩放) MSE=117390.15
[Worker] k=9.0136 | 物理全谱(含截距) MSE=58.90 (b=0.000) | 理论正谱(纯缩放) MSE=988.31
[Worker] k=6.9835 | 物理全谱(含截距) MSE=103.39 (b=0.000) | 理论正谱(纯缩放) MSE=108656.01
[Worker] k=9.4461 | 物理全谱(含截距) MSE=41.39 (b=0.000) | 理论正谱(纯缩放) MSE=790.75
[Worker] k=4.5034 | 物理全谱(含截距) MSE=61.93 (b=-0.000) | 理论正谱(纯缩放) MSE=62.14
[Worker] k=7.6502 | 物理全谱(含截距) MSE=53.14 (b=0.000) | 理论正谱(纯缩放) MSE=3360.18
[Worker] k=5.1226 | 物理全谱(含截距) MSE=73.74 (b=0.000) | 理论正谱(纯缩放) MSE=24255.89
[Worker] k=5.1244 | 物理全谱(含截距) MSE=73.98 (b=0.000) | 理论正谱(纯缩放) MSE=161216.15
[Worker] k=8.3326 | 物理全谱(含截距) MSE=106.66 (b=0.000) | 理论正谱(纯缩放) MSE=17779.85
[Worker] k=4.4152 | 物理全谱(含截距) MSE=76.75 (b=0.000) | 理论正谱(纯缩放) MSE=1707.65
[Worker] k=6.9411 | 物理全谱(含截距) MSE=33.17 (b=-0.000) | 理论正谱(纯缩放) MSE=48.31
[Worker] k=3.5616 | 物理全谱(含截距) MSE=84.34 (b=0.000) | 理论正谱(纯缩放) MSE=5890.50
[Worker] k=7.7671 | 物理全谱(含截距) MSE=100.35 (b=-0.000) | 理论正谱(纯缩放) MSE=101310.50
[Worker] k=6.4960 | 物理全谱(含截距) MSE=47.78 (b=0.000) | 理论正谱(纯缩放) MSE=86726.77
[Worker] k=9.7193 | 物理全谱(含截距) MSE=95.90 (b=0.000) | 理论正谱(纯缩放) MSE=4202.01
[Worker] k=6.8023 | 物理全谱(含截距) MSE=81.41 (b=0.000) | 理论正谱(纯缩放) MSE=60166.72
[Worker] k=6.5182 | 物理全谱(含截距) MSE=117.36 (b=0.000) | 理论正谱(纯缩放) MSE=34916.06
[Worker] k=3.1343 | 物理全谱(含截距) MSE=54.97 (b=-0.000) | 理论正谱(纯缩放) MSE=50246.76
[Worker] k=6.7729 | 物理全谱(含截距) MSE=131.32 (b=0.000) | 理论正谱(纯缩放) MSE=5878.91
[Worker] k=6.7607 | 物理全谱(含截距) MSE=63.61 (b=0.000) | 理论正谱(纯缩放) MSE=21707.59
[Worker] k=6.7913 | 物理全谱(含截距) MSE=44.89 (b=0.000) | 理论正谱(纯缩放) MSE=358.61
[Worker] k=5.7731 | 物理全谱(含截距) MSE=69.54 (b=0.000) | 理论正谱(纯缩放) MSE=1216.42
[Worker] k=8.3761 | 物理全谱(含截距) MSE=32.57 (b=0.000) | 理论正谱(纯缩放) MSE=251.31
[Worker] k=8.3944 | 物理全谱(含截距) MSE=52.30 (b=0.000) | 理论正谱(纯缩放) MSE=123.41
[Worker] k=2.1951 | 物理全谱(含截距) MSE=38.50 (b=0.000) | 理论正谱(纯缩放) MSE=2812.70
[Worker] k=6.8813 | 物理全谱(含截距) MSE=126.67 (b=0.000) | 理论正谱(纯缩放) MSE=21000.58
[Worker] k=6.7374 | 物理全谱(含截距) MSE=32.59 (b=0.000) | 理论正谱(纯缩放) MSE=1540155.88
[Worker] k=5.0956 | 物理全谱(含截距) MSE=132.02 (b=-0.000) | 理论正谱(纯缩放) MSE=5527.06
[Worker] k=6.9355 | 物理全谱(含截距) MSE=67.95 (b=0.000) | 理论正谱(纯缩放) MSE=365888.93
[Worker] k=5.9446 | 物理全谱(含截距) MSE=45.06 (b=0.000) | 理论正谱(纯缩放) MSE=2048.98
[Worker] k=6.6329 | 物理全谱(含截距) MSE=61.74 (b=0.000) | 理论正谱(纯缩放) MSE=638.88
[Worker] k=8.2028 | 物理全谱(含截距) MSE=23.90 (b=-0.000) | 理论正谱(纯缩放) MSE=3027.77
[Worker] k=3.0063 | 物理全谱(含截距) MSE=98.45 (b=0.000) | 理论正谱(纯缩放) MSE=4915.74
[Worker] k=3.9034 | 物理全谱(含截距) MSE=143.38 (b=-0.000) | 理论正谱(纯缩放) MSE=215.32
[Worker] k=7.1701 | 物理全谱(含截距) MSE=37.33 (b=0.000) | 理论正谱(纯缩放) MSE=454.74
[Worker] k=9.7904 | 物理全谱(含截距) MSE=34.68 (b=0.000) | 理论正谱(纯缩放) MSE=146480.94
[Worker] k=6.6413 | 物理全谱(含截距) MSE=37.56 (b=0.000) | 理论正谱(纯缩放) MSE=1264.01
[Worker] k=5.3614 | 物理全谱(含截距) MSE=50.58 (b=0.000) | 理论正谱(纯缩放) MSE=10015.54
[Worker] k=8.5515 | 物理全谱(含截距) MSE=57.28 (b=0.000) | 理论正谱(纯缩放) MSE=201196.97
[Worker] k=6.5607 | 物理全谱(含截距) MSE=142.96 (b=0.000) | 理论正谱(纯缩放) MSE=46968.36
[Worker] k=3.8268 | 物理全谱(含截距) MSE=127.18 (b=0.000) | 理论正谱(纯缩放) MSE=175.55
[Worker] k=8.9918 | 物理全谱(含截距) MSE=57.33 (b=0.000) | 理论正谱(纯缩放) MSE=69584.03
[Worker] k=4.6097 | 物理全谱(含截距) MSE=83.22 (b=0.000) | 理论正谱(纯缩放) MSE=23835.97
[Worker] k=6.9739 | 物理全谱(含截距) MSE=60.95 (b=0.000) | 理论正谱(纯缩放) MSE=48175.45
[Worker] k=8.0028 | 物理全谱(含截距) MSE=78.98 (b=0.000) | 理论正谱(纯缩放) MSE=1113.35
[Worker] k=4.1603 | 物理全谱(含截距) MSE=117.02 (b=-0.000) | 理论正谱(纯缩放) MSE=105535.93
[Worker] k=6.7015 | 物理全谱(含截距) MSE=53.94 (b=0.000) | 理论正谱(纯缩放) MSE=7138.26
[Worker] k=5.8998 | 物理全谱(含截距) MSE=68.47 (b=0.000) | 理论正谱(纯缩放) MSE=542.95
[Worker] k=8.2116 | 物理全谱(含截距) MSE=77.37 (b=0.000) | 理论正谱(纯缩放) MSE=30406.71
[Worker] k=6.2630 | 物理全谱(含截距) MSE=42.74 (b=0.000) | 理论正谱(纯缩放) MSE=30199.74
[Worker] k=7.7370 | 物理全谱(含截距) MSE=17.79 (b=0.000) | 理论正谱(纯缩放) MSE=103405.13
[Worker] k=4.9497 | 物理全谱(含截距) MSE=120.05 (b=-0.000) | 理论正谱(纯缩放) MSE=251.27
[Worker] k=6.0551 | 物理全谱(含截距) MSE=47.04 (b=0.000) | 理论正谱(纯缩放) MSE=277.91
[Worker] k=4.4352 | 物理全谱(含截距) MSE=164.74 (b=0.000) | 理论正谱(纯缩放) MSE=46574.38
[Worker] k=5.1092 | 物理全谱(含截距) MSE=80.94 (b=0.000) | 理论正谱(纯缩放) MSE=1824.36
[Worker] k=5.3578 | 物理全谱(含截距) MSE=60.69 (b=0.000) | 理论正谱(纯缩放) MSE=720.96
[Worker] k=5.7108 | 物理全谱(含截距) MSE=69.54 (b=0.000) | 理论正谱(纯缩放) MSE=5563649.63[Worker] k=7.2594 | 物理全谱(含截距) MSE=70.89 (b=0.000) | 理论正谱(纯缩放) MSE=20203.76

[Worker] k=7.9869 | 物理全谱(含截距) MSE=33.15 (b=0.000) | 理论正谱(纯缩放) MSE=244.22
[Worker] k=7.0279 | 物理全谱(含截距) MSE=70.22 (b=-0.000) | 理论正谱(纯缩放) MSE=42312.21
[Worker] k=8.5287 | 物理全谱(含截距) MSE=65.89 (b=0.000) | 理论正谱(纯缩放) MSE=3886.80
[Worker] k=8.9188 | 物理全谱(含截距) MSE=65.73 (b=0.000) | 理论正谱(纯缩放) MSE=16440.66
[Worker] k=5.0561 | 物理全谱(含截距) MSE=72.92 (b=0.000) | 理论正谱(纯缩放) MSE=3028.74
[Worker] k=8.2846 | 物理全谱(含截距) MSE=55.28 (b=0.000) | 理论正谱(纯缩放) MSE=736460.80
[Worker] k=5.6659 | 物理全谱(含截距) MSE=50.89 (b=0.000) | 理论正谱(纯缩放) MSE=467.77
[Worker] k=3.1124 | 物理全谱(含截距) MSE=80.85 (b=0.000) | 理论正谱(纯缩放) MSE=80.85
[Worker] k=7.1489 | 物理全谱(含截距) MSE=65.10 (b=0.000) | 理论正谱(纯缩放) MSE=8714.38
[Worker] k=3.9922 | 物理全谱(含截距) MSE=62.51 (b=0.000) | 理论正谱(纯缩放) MSE=2348.09
[Worker] k=8.6392 | 物理全谱(含截距) MSE=19.39 (b=-0.000) | 理论正谱(纯缩放) MSE=393.35
[Worker] k=8.5001 | 物理全谱(含截距) MSE=58.98 (b=0.000) | 理论正谱(纯缩放) MSE=2538.21
[Worker] k=9.4937 | 物理全谱(含截距) MSE=36.00 (b=0.000) | 理论正谱(纯缩放) MSE=4231.30
[Worker] k=9.5255 | 物理全谱(含截距) MSE=39.04 (b=0.000) | 理论正谱(纯缩放) MSE=29809.95
[Worker] k=6.2369 | 物理全谱(含截距) MSE=79.97 (b=0.000) | 理论正谱(纯缩放) MSE=85.77
[Worker] k=4.3423 | 物理全谱(含截距) MSE=49.19 (b=0.000) | 理论正谱(纯缩放) MSE=274.66
[Worker] k=6.1349 | 物理全谱(含截距) MSE=77.51 (b=0.000) | 理论正谱(纯缩放) MSE=101088.59
[Worker] k=6.3630 | 物理全谱(含截距) MSE=27.01 (b=0.000) | 理论正谱(纯缩放) MSE=254114.63
[Worker] k=8.1076 | 物理全谱(含截距) MSE=55.17 (b=0.000) | 理论正谱(纯缩放) MSE=626.96
[Worker] k=3.6853 | 物理全谱(含截距) MSE=87.90 (b=0.000) | 理论正谱(纯缩放) MSE=1843.03
[Worker] k=5.3166 | 物理全谱(含截距) MSE=89.39 (b=0.000) | 理论正谱(纯缩放) MSE=939.03
[Worker] k=7.0662 | 物理全谱(含截距) MSE=55.19 (b=0.000) | 理论正谱(纯缩放) MSE=55648.45
[Worker] k=7.3230 | 物理全谱(含截距) MSE=82.96 (b=0.000) | 理论正谱(纯缩放) MSE=151.39
[Worker] k=7.6241 | 物理全谱(含截距) MSE=71.90 (b=0.000) | 理论正谱(纯缩放) MSE=11087965.06
[Worker] k=6.9190 | 物理全谱(含截距) MSE=36.47 (b=0.000) | 理论正谱(纯缩放) MSE=492.71
[Worker] k=4.8635 | 物理全谱(含截距) MSE=68.54 (b=0.000) | 理论正谱(纯缩放) MSE=3469.30
[Worker] k=7.8237 | 物理全谱(含截距) MSE=72.92 (b=0.000) | 理论正谱(纯缩放) MSE=5119.04
[Worker] k=8.1514 | 物理全谱(含截距) MSE=50.28 (b=0.000) | 理论正谱(纯缩放) MSE=2560.23
[Worker] k=3.4514 | 物理全谱(含截距) MSE=30.02 (b=0.000) | 理论正谱(纯缩放) MSE=98736.18
[Worker] k=4.2207 | 物理全谱(含截距) MSE=53.05 (b=0.000) | 理论正谱(纯缩放) MSE=2840.59
[Worker] k=8.9371 | 物理全谱(含截距) MSE=24.37 (b=0.000) | 理论正谱(纯缩放) MSE=7075.70
[Worker] k=5.6244 | 物理全谱(含截距) MSE=51.08 (b=0.000) | 理论正谱(纯缩放) MSE=2355.25
[Worker] k=4.8296 | 物理全谱(含截距) MSE=82.23 (b=-0.000) | 理论正谱(纯缩放) MSE=231.38
[Worker] k=2.2303 | 物理全谱(含截距) MSE=43.08 (b=0.000) | 理论正谱(纯缩放) MSE=104921.99
[Worker] k=5.8287 | 物理全谱(含截距) MSE=62.46 (b=0.000) | 理论正谱(纯缩放) MSE=650934.86
[Worker] k=7.0419 | 物理全谱(含截距) MSE=60.30 (b=0.000) | 理论正谱(纯缩放) MSE=674.40
[Worker] k=4.8841 | 物理全谱(含截距) MSE=60.63 (b=0.000) | 理论正谱(纯缩放) MSE=1136.56
[Worker] k=3.0220 | 物理全谱(含截距) MSE=80.36 (b=0.000) | 理论正谱(纯缩放) MSE=17636.25
[Worker] k=4.3117 | 物理全谱(含截距) MSE=132.02 (b=0.000) | 理论正谱(纯缩放) MSE=37329.04
[Worker] k=2.1685 | 物理全谱(含截距) MSE=16.90 (b=0.000) | 理论正谱(纯缩放) MSE=5515.51
[Worker] k=8.6967 | 物理全谱(含截距) MSE=77.46 (b=0.000) | 理论正谱(纯缩放) MSE=3593.95
[Worker] k=6.4717 | 物理全谱(含截距) MSE=20.16 (b=0.000) | 理论正谱(纯缩放) MSE=58.48
[Worker] k=5.3081 | 物理全谱(含截距) MSE=54.33 (b=0.000) | 理论正谱(纯缩放) MSE=351.67
[Worker] k=2.8038 | 物理全谱(含截距) MSE=60.20 (b=0.000) | 理论正谱(纯缩放) MSE=12177.71
[Worker] k=8.1390 | 物理全谱(含截距) MSE=61.63 (b=0.000) | 理论正谱(纯缩放) MSE=59317.30
[Worker] k=6.2678 | 物理全谱(含截距) MSE=67.72 (b=-0.000) | 理论正谱(纯缩放) MSE=18413.46
[Worker] k=4.9528 | 物理全谱(含截距) MSE=41.68 (b=0.000) | 理论正谱(纯缩放) MSE=1875.23
[Worker] k=5.6588 | 物理全谱(含截距) MSE=94.97 (b=0.000) | 理论正谱(纯缩放) MSE=2167.52
[Worker] k=9.5834 | 物理全谱(含截距) MSE=71.40 (b=-0.000) | 理论正谱(纯缩放) MSE=14895.35
[Worker] k=5.5348 | 物理全谱(含截距) MSE=120.04 (b=0.000) | 理论正谱(纯缩放) MSE=236.48
[Worker] k=6.1310 | 物理全谱(含截距) MSE=122.33 (b=0.000) | 理论正谱(纯缩放) MSE=6562.04
[Worker] k=3.9286 | 物理全谱(含截距) MSE=44.53 (b=-0.000) | 理论正谱(纯缩放) MSE=3260.86
[Worker] k=5.4243 | 物理全谱(含截距) MSE=97.02 (b=0.000) | 理论正谱(纯缩放) MSE=718.35
[Worker] k=6.2705 | 物理全谱(含截距) MSE=93.05 (b=-0.000) | 理论正谱(纯缩放) MSE=97103.93
[Worker] k=4.1039 | 物理全谱(含截距) MSE=182.31 (b=0.000) | 理论正谱(纯缩放) MSE=865.37
[Worker] k=6.1251 | 物理全谱(含截距) MSE=123.32 (b=-0.000) | 理论正谱(纯缩放) MSE=14173.68
[Worker] k=2.3130 | 物理全谱(含截距) MSE=66.12 (b=0.000) | 理论正谱(纯缩放) MSE=10114.81
[Worker] k=8.7725 | 物理全谱(含截距) MSE=77.39 (b=-0.000) | 理论正谱(纯缩放) MSE=9626.72
[Worker] k=7.0868 | 物理全谱(含截距) MSE=107.84 (b=-0.000) | 理论正谱(纯缩放) MSE=259663.59
[Worker] k=5.3352 | 物理全谱(含截距) MSE=51.29 (b=-0.000) | 理论正谱(纯缩放) MSE=132.06
[Worker] k=7.7771 | 物理全谱(含截距) MSE=103.53 (b=0.000) | 理论正谱(纯缩放) MSE=1167.37
[Worker] k=3.0359 | 物理全谱(含截距) MSE=74.92 (b=0.000) | 理论正谱(纯缩放) MSE=231682.45
[Worker] k=4.3846 | 物理全谱(含截距) MSE=69.87 (b=0.000) | 理论正谱(纯缩放) MSE=196.75
[Worker] k=6.4755 | 物理全谱(含截距) MSE=136.88 (b=0.000) | 理论正谱(纯缩放) MSE=6643444.69
[Worker] k=7.0269 | 物理全谱(含截距) MSE=101.26 (b=0.000) | 理论正谱(纯缩放) MSE=1599.10
[Worker] k=7.0012 | 物理全谱(含截距) MSE=65.81 (b=0.000) | 理论正谱(纯缩放) MSE=55607.38
differential_evolution step 2: f(x)= 13.408407274916122
[Worker] k=7.7902 | 物理全谱(含截距) MSE=57.88 (b=0.000) | 理论正谱(纯缩放) MSE=33933.81
[Worker] k=8.4911 | 物理全谱(含截距) MSE=53.83 (b=0.000) | 理论正谱(纯缩放) MSE=9165.88
[Worker] k=6.6159 | 物理全谱(含截距) MSE=75.79 (b=0.000) | 理论正谱(纯缩放) MSE=169.97
[Worker] k=9.9280 | 物理全谱(含截距) MSE=81.39 (b=0.000) | 理论正谱(纯缩放) MSE=3345.69
[Worker] k=3.0365 | 物理全谱(含截距) MSE=82.23 (b=0.000) | 理论正谱(纯缩放) MSE=428.92
[Worker] k=7.3558 | 物理全谱(含截距) MSE=109.64 (b=0.000) | 理论正谱(纯缩放) MSE=4031.20
[Worker] k=2.6232 | 物理全谱(含截距) MSE=34.31 (b=0.000) | 理论正谱(纯缩放) MSE=94.17
[Worker] k=7.1991 | 物理全谱(含截距) MSE=28.36 (b=0.000) | 理论正谱(纯缩放) MSE=625265.02
[Worker] k=7.1525 | 物理全谱(含截距) MSE=78.46 (b=0.000) | 理论正谱(纯缩放) MSE=3276.09
[Worker] k=2.6255 | 物理全谱(含截距) MSE=40.35 (b=-0.000) | 理论正谱(纯缩放) MSE=193433.53
[Worker] k=8.7969 | 物理全谱(含截距) MSE=54.82 (b=0.000) | 理论正谱(纯缩放) MSE=47342.86
[Worker] k=9.6264 | 物理全谱(含截距) MSE=116.80 (b=0.000) | 理论正谱(纯缩放) MSE=6427.81
[Worker] k=4.4197 | 物理全谱(含截距) MSE=52.52 (b=0.000) | 理论正谱(纯缩放) MSE=10492.75
[Worker] k=7.8924 | 物理全谱(含截距) MSE=91.64 (b=0.000) | 理论正谱(纯缩放) MSE=18133.63
[Worker] k=4.7338 | 物理全谱(含截距) MSE=40.60 (b=-0.000) | 理论正谱(纯缩放) MSE=618.17
[Worker] k=2.4113 | 物理全谱(含截距) MSE=32.72 (b=0.000) | 理论正谱(纯缩放) MSE=393461.76
[Worker] k=5.3411 | 物理全谱(含截距) MSE=55.32 (b=0.000) | 理论正谱(纯缩放) MSE=5846.48
[Worker] k=7.8523 | 物理全谱(含截距) MSE=91.58 (b=0.000) | 理论正谱(纯缩放) MSE=2052.21
[Worker] k=4.2643 | 物理全谱(含截距) MSE=26.33 (b=-0.000) | 理论正谱(纯缩放) MSE=1531.45
[Worker] k=4.9141 | 物理全谱(含截距) MSE=68.09 (b=0.000) | 理论正谱(纯缩放) MSE=5189.14
[Worker] k=9.1642 | 物理全谱(含截距) MSE=40.28 (b=0.000) | 理论正谱(纯缩放) MSE=2473.93
[Worker] k=9.0037 | 物理全谱(含截距) MSE=73.87 (b=0.000) | 理论正谱(纯缩放) MSE=884422.01
[Worker] k=6.6917 | 物理全谱(含截距) MSE=58.63 (b=0.000) | 理论正谱(纯缩放) MSE=560647.31
[Worker] k=2.9854 | 物理全谱(含截距) MSE=95.84 (b=-0.000) | 理论正谱(纯缩放) MSE=130.91
[Worker] k=3.5874 | 物理全谱(含截距) MSE=132.02 (b=-0.000) | 理论正谱(纯缩放) MSE=236.62
[Worker] k=8.9501 | 物理全谱(含截距) MSE=47.62 (b=0.000) | 理论正谱(纯缩放) MSE=48132.52
[Worker] k=5.4738 | 物理全谱(含截距) MSE=57.57 (b=0.000) | 理论正谱(纯缩放) MSE=233.47
[Worker] k=8.2448 | 物理全谱(含截距) MSE=38.32 (b=0.000) | 理论正谱(纯缩放) MSE=38.82
[Worker] k=6.8076 | 物理全谱(含截距) MSE=132.72 (b=0.000) | 理论正谱(纯缩放) MSE=193585.61
[Worker] k=8.9555 | 物理全谱(含截距) MSE=108.45 (b=0.000) | 理论正谱(纯缩放) MSE=28335.27
[Worker] k=7.3396 | 物理全谱(含截距) MSE=50.26 (b=0.000) | 理论正谱(纯缩放) MSE=2117.29
[Worker] k=7.5076 | 物理全谱(含截距) MSE=65.21 (b=0.000) | 理论正谱(纯缩放) MSE=2154061.80
[Worker] k=6.0832 | 物理全谱(含截距) MSE=52.05 (b=0.000) | 理论正谱(纯缩放) MSE=15132.99
[Worker] k=9.2579 | 物理全谱(含截距) MSE=47.11 (b=0.000) | 理论正谱(纯缩放) MSE=173091.19
[Worker] k=3.9303 | 物理全谱(含截距) MSE=54.93 (b=0.000) | 理论正谱(纯缩放) MSE=1708.63
[Worker] k=6.0955 | 物理全谱(含截距) MSE=99.36 (b=-0.000) | 理论正谱(纯缩放) MSE=99.94
[Worker] k=3.1449 | 物理全谱(含截距) MSE=88.51 (b=0.000) | 理论正谱(纯缩放) MSE=54713.33
[Worker] k=2.4616 | 物理全谱(含截距) MSE=40.01 (b=0.000) | 理论正谱(纯缩放) MSE=1629.17
[Worker] k=2.5624 | 物理全谱(含截距) MSE=149.21 (b=0.000) | 理论正谱(纯缩放) MSE=97077.40
[Worker] k=9.5601 | 物理全谱(含截距) MSE=40.58 (b=0.000) | 理论正谱(纯缩放) MSE=306.67
[Worker] k=5.4698 | 物理全谱(含截距) MSE=51.47 (b=0.000) | 理论正谱(纯缩放) MSE=708.70
[Worker] k=5.3348 | 物理全谱(含截距) MSE=72.24 (b=0.000) | 理论正谱(纯缩放) MSE=1763.60
[Worker] k=6.5949 | 物理全谱(含截距) MSE=20.95 (b=0.000) | 理论正谱(纯缩放) MSE=3487.40
[Worker] k=4.9368 | 物理全谱(含截距) MSE=113.84 (b=0.000) | 理论正谱(纯缩放) MSE=1524.34
[Worker] k=7.9149 | 物理全谱(含截距) MSE=57.93 (b=0.000) | 理论正谱(纯缩放) MSE=6143.82
[Worker] k=6.2488 | 物理全谱(含截距) MSE=27.92 (b=0.000) | 理论正谱(纯缩放) MSE=4469.69
[Worker] k=6.4782 | 物理全谱(含截距) MSE=143.11 (b=0.000) | 理论正谱(纯缩放) MSE=1653363.88
[Worker] k=2.8741 | 物理全谱(含截距) MSE=97.08 (b=0.000) | 理论正谱(纯缩放) MSE=196.33
[Worker] k=5.3945 | 物理全谱(含截距) MSE=43.06 (b=0.000) | 理论正谱(纯缩放) MSE=4905.16
[Worker] k=9.8913 | 物理全谱(含截距) MSE=51.03 (b=0.000) | 理论正谱(纯缩放) MSE=1636.31
[Worker] k=3.1333 | 物理全谱(含截距) MSE=42.03 (b=0.000) | 理论正谱(纯缩放) MSE=3260.96
[Worker] k=6.1358 | 物理全谱(含截距) MSE=102.55 (b=0.000) | 理论正谱(纯缩放) MSE=104.15
[Worker] k=3.9133 | 物理全谱(含截距) MSE=82.29 (b=0.000) | 理论正谱(纯缩放) MSE=130.96
[Worker] k=5.4203 | 物理全谱(含截距) MSE=106.42 (b=0.000) | 理论正谱(纯缩放) MSE=48224.38
[Worker] k=8.7386 | 物理全谱(含截距) MSE=40.58 (b=0.000) | 理论正谱(纯缩放) MSE=47.43
[Worker] k=2.7060 | 物理全谱(含截距) MSE=119.92 (b=0.000) | 理论正谱(纯缩放) MSE=479.17
[Worker] k=3.4848 | 物理全谱(含截距) MSE=65.95 (b=0.000) | 理论正谱(纯缩放) MSE=2410.94
[Worker] k=5.3410 | 物理全谱(含截距) MSE=108.42 (b=0.000) | 理论正谱(纯缩放) MSE=29414.24
[Worker] k=2.3327 | 物理全谱(含截距) MSE=40.71 (b=0.000) | 理论正谱(纯缩放) MSE=93766.87
[Worker] k=5.5954 | 物理全谱(含截距) MSE=33.60 (b=-0.000) | 理论正谱(纯缩放) MSE=1413.32
[Worker] k=3.2507 | 物理全谱(含截距) MSE=91.20 (b=0.000) | 理论正谱(纯缩放) MSE=5915.04
[Worker] k=7.4522 | 物理全谱(含截距) MSE=109.81 (b=0.000) | 理论正谱(纯缩放) MSE=50981.68
[Worker] k=5.4431 | 物理全谱(含截距) MSE=143.10 (b=0.000) | 理论正谱(纯缩放) MSE=28970.85
[Worker] k=7.3174 | 物理全谱(含截距) MSE=60.90 (b=0.000) | 理论正谱(纯缩放) MSE=704.53
[Worker] k=5.2523 | 物理全谱(含截距) MSE=38.42 (b=0.000) | 理论正谱(纯缩放) MSE=1299.30
[Worker] k=9.3787 | 物理全谱(含截距) MSE=49.79 (b=0.000) | 理论正谱(纯缩放) MSE=1885.54
[Worker] k=5.8955 | 物理全谱(含截距) MSE=16.11 (b=-0.000) | 理论正谱(纯缩放) MSE=1931.75
[Worker] k=4.6670 | 物理全谱(含截距) MSE=152.53 (b=0.000) | 理论正谱(纯缩放) MSE=12025.16
[Worker] k=9.2805 | 物理全谱(含截距) MSE=65.06 (b=0.000) | 理论正谱(纯缩放) MSE=909.39
[Worker] k=2.4708 | 物理全谱(含截距) MSE=63.69 (b=0.000) | 理论正谱(纯缩放) MSE=78.27
[Worker] k=3.7928 | 物理全谱(含截距) MSE=68.62 (b=0.000) | 理论正谱(纯缩放) MSE=1256.16
[Worker] k=5.2123 | 物理全谱(含截距) MSE=69.70 (b=0.000) | 理论正谱(纯缩放) MSE=95434.93
[Worker] k=2.6472 | 物理全谱(含截距) MSE=112.85 (b=-0.000) | 理论正谱(纯缩放) MSE=571568.30
[Worker] k=8.0152 | 物理全谱(含截距) MSE=33.98 (b=0.000) | 理论正谱(纯缩放) MSE=8879.03
[Worker] k=5.0450 | 物理全谱(含截距) MSE=45.41 (b=0.000) | 理论正谱(纯缩放) MSE=15375.23
[Worker] k=8.6770 | 物理全谱(含截距) MSE=83.09 (b=0.000) | 理论正谱(纯缩放) MSE=86.37
[Worker] k=5.4371 | 物理全谱(含截距) MSE=78.04 (b=0.000) | 理论正谱(纯缩放) MSE=78.38
[Worker] k=2.2800 | 物理全谱(含截距) MSE=55.43 (b=0.000) | 理论正谱(纯缩放) MSE=76085.46
[Worker] k=4.8335 | 物理全谱(含截距) MSE=34.00 (b=0.000) | 理论正谱(纯缩放) MSE=44871.39
[Worker] k=2.2141 | 物理全谱(含截距) MSE=48.79 (b=0.000) | 理论正谱(纯缩放) MSE=325562.26
[Worker] k=4.6300 | 物理全谱(含截距) MSE=36.46 (b=0.000) | 理论正谱(纯缩放) MSE=440.85
[Worker] k=5.9650 | 物理全谱(含截距) MSE=49.58 (b=0.000) | 理论正谱(纯缩放) MSE=4296.20
[Worker] k=3.9066 | 物理全谱(含截距) MSE=42.46 (b=0.000) | 理论正谱(纯缩放) MSE=11795.68
[Worker] k=3.7545 | 物理全谱(含截距) MSE=63.09 (b=0.000) | 理论正谱(纯缩放) MSE=86.84
[Worker] k=5.8481 | 物理全谱(含截距) MSE=59.14 (b=0.000) | 理论正谱(纯缩放) MSE=51928.10
[Worker] k=2.8111 | 物理全谱(含截距) MSE=98.48 (b=0.000) | 理论正谱(纯缩放) MSE=174426.89
[Worker] k=3.2695 | 物理全谱(含截距) MSE=95.59 (b=0.000) | 理论正谱(纯缩放) MSE=1716.60
[Worker] k=2.0230 | 物理全谱(含截距) MSE=94.51 (b=0.000) | 理论正谱(纯缩放) MSE=94.71
[Worker] k=5.6479 | 物理全谱(含截距) MSE=73.70 (b=0.000) | 理论正谱(纯缩放) MSE=1198.32
[Worker] k=7.2025 | 物理全谱(含截距) MSE=42.33 (b=0.000) | 理论正谱(纯缩放) MSE=8926.37
[Worker] k=8.6417 | 物理全谱(含截距) MSE=55.15 (b=0.000) | 理论正谱(纯缩放) MSE=83.63
[Worker] k=9.4115 | 物理全谱(含截距) MSE=56.53 (b=0.000) | 理论正谱(纯缩放) MSE=239.16
[Worker] k=9.1296 | 物理全谱(含截距) MSE=35.81 (b=0.000) | 理论正谱(纯缩放) MSE=951502.00
[Worker] k=5.0986 | 物理全谱(含截距) MSE=195.17 (b=0.000) | 理论正谱(纯缩放) MSE=28944.21
[Worker] k=3.0071 | 物理全谱(含截距) MSE=59.19 (b=0.000) | 理论正谱(纯缩放) MSE=173.05
[Worker] k=8.6218 | 物理全谱(含截距) MSE=70.56 (b=-0.000) | 理论正谱(纯缩放) MSE=23516.96
[Worker] k=8.2326 | 物理全谱(含截距) MSE=54.38 (b=0.000) | 理论正谱(纯缩放) MSE=1166.78
[Worker] k=8.3455 | 物理全谱(含截距) MSE=62.08 (b=0.000) | 理论正谱(纯缩放) MSE=100.99
[Worker] k=5.7995 | 物理全谱(含截距) MSE=44.03 (b=0.000) | 理论正谱(纯缩放) MSE=42996.81
[Worker] k=4.3597 | 物理全谱(含截距) MSE=138.73 (b=-0.000) | 理论正谱(纯缩放) MSE=2600.28
[Worker] k=2.1427 | 物理全谱(含截距) MSE=104.61 (b=0.000) | 理论正谱(纯缩放) MSE=2729.55
[Worker] k=4.9954 | 物理全谱(含截距) MSE=54.11 (b=0.000) | 理论正谱(纯缩放) MSE=145.59
[Worker] k=6.2872 | 物理全谱(含截距) MSE=93.09 (b=0.000) | 理论正谱(纯缩放) MSE=1856.38
[Worker] k=7.8011 | 物理全谱(含截距) MSE=100.97 (b=-0.000) | 理论正谱(纯缩放) MSE=876679.51
[Worker] k=3.6795 | 物理全谱(含截距) MSE=31.38 (b=-0.000) | 理论正谱(纯缩放) MSE=34500.87
[Worker] k=8.7224 | 物理全谱(含截距) MSE=98.91 (b=0.000) | 理论正谱(纯缩放) MSE=4582.34
[Worker] k=6.3627 | 物理全谱(含截距) MSE=93.61 (b=0.000) | 理论正谱(纯缩放) MSE=115.00
[Worker] k=7.2845 | 物理全谱(含截距) MSE=28.36 (b=0.000) | 理论正谱(纯缩放) MSE=6437.67
[Worker] k=7.4086 | 物理全谱(含截距) MSE=78.42 (b=0.000) | 理论正谱(纯缩放) MSE=156.50
[Worker] k=9.3315 | 物理全谱(含截距) MSE=70.82 (b=0.000) | 理论正谱(纯缩放) MSE=850961.12
[Worker] k=8.5355 | 物理全谱(含截距) MSE=200.73 (b=0.000) | 理论正谱(纯缩放) MSE=5028.90
[Worker] k=7.1820 | 物理全谱(含截距) MSE=13.31 (b=0.000) | 理论正谱(纯缩放) MSE=3526.08
[Worker] k=4.4422 | 物理全谱(含截距) MSE=78.71 (b=0.000) | 理论正谱(纯缩放) MSE=1386.46
[Worker] k=4.5907 | 物理全谱(含截距) MSE=24.06 (b=0.000) | 理论正谱(纯缩放) MSE=1111.44
[Worker] k=7.0046 | 物理全谱(含截距) MSE=86.94 (b=0.000) | 理论正谱(纯缩放) MSE=10127.80
[Worker] k=6.2576 | 物理全谱(含截距) MSE=105.95 (b=0.000) | 理论正谱(纯缩放) MSE=29664.73
[Worker] k=7.9222 | 物理全谱(含截距) MSE=65.77 (b=0.000) | 理论正谱(纯缩放) MSE=2225.34
[Worker] k=7.4926 | 物理全谱(含截距) MSE=36.45 (b=0.000) | 理论正谱(纯缩放) MSE=63216.05
[Worker] k=5.4403 | 物理全谱(含截距) MSE=85.73 (b=0.000) | 理论正谱(纯缩放) MSE=145998.44
[Worker] k=4.3652 | 物理全谱(含截距) MSE=73.39 (b=0.000) | 理论正谱(纯缩放) MSE=215.06
[Worker] k=5.4919 | 物理全谱(含截距) MSE=67.43 (b=0.000) | 理论正谱(纯缩放) MSE=69651.50
[Worker] k=9.1027 | 物理全谱(含截距) MSE=44.47 (b=0.000) | 理论正谱(纯缩放) MSE=58.36
[Worker] k=8.6557 | 物理全谱(含截距) MSE=137.59 (b=-0.000) | 理论正谱(纯缩放) MSE=2377.74
[Worker] k=6.1086 | 物理全谱(含截距) MSE=71.74 (b=-0.000) | 理论正谱(纯缩放) MSE=87.35
[Worker] k=5.9023 | 物理全谱(含截距) MSE=71.86 (b=0.000) | 理论正谱(纯缩放) MSE=106.07
[Worker] k=3.1797 | 物理全谱(含截距) MSE=97.76 (b=0.000) | 理论正谱(纯缩放) MSE=5872.27
[Worker] k=7.7642 | 物理全谱(含截距) MSE=42.02 (b=-0.000) | 理论正谱(纯缩放) MSE=7038.12[Worker] k=6.3466 | 物理全谱(含截距) MSE=93.90 (b=0.000) | 理论正谱(纯缩放) MSE=3213.66

[Worker] k=7.6858 | 物理全谱(含截距) MSE=38.67 (b=0.000) | 理论正谱(纯缩放) MSE=979.27
[Worker] k=7.0718 | 物理全谱(含截距) MSE=62.09 (b=0.000) | 理论正谱(纯缩放) MSE=4177.01
[Worker] k=4.0074 | 物理全谱(含截距) MSE=80.09 (b=0.000) | 理论正谱(纯缩放) MSE=2368.44
[Worker] k=3.8699 | 物理全谱(含截距) MSE=87.78 (b=0.000) | 理论正谱(纯缩放) MSE=1375.99
[Worker] k=5.8863 | 物理全谱(含截距) MSE=81.08 (b=0.000) | 理论正谱(纯缩放) MSE=2224325.02
[Worker] k=2.3291 | 物理全谱(含截距) MSE=49.20 (b=-0.000) | 理论正谱(纯缩放) MSE=10946.46
[Worker] k=4.0870 | 物理全谱(含截距) MSE=62.41 (b=0.000) | 理论正谱(纯缩放) MSE=267801.48
[Worker] k=8.6417 | 物理全谱(含截距) MSE=77.26 (b=0.000) | 理论正谱(纯缩放) MSE=757.21
[Worker] k=7.3723 | 物理全谱(含截距) MSE=141.72 (b=0.000) | 理论正谱(纯缩放) MSE=3095.93
[Worker] k=5.7274 | 物理全谱(含截距) MSE=163.74 (b=0.000) | 理论正谱(纯缩放) MSE=390927.69
[Worker] k=4.4810 | 物理全谱(含截距) MSE=55.47 (b=0.000) | 理论正谱(纯缩放) MSE=5862.65
[Worker] k=7.2204 | 物理全谱(含截距) MSE=103.49 (b=0.000) | 理论正谱(纯缩放) MSE=1539.17
[Worker] k=3.6092 | 物理全谱(含截距) MSE=69.05 (b=0.000) | 理论正谱(纯缩放) MSE=22164.10
[Worker] k=5.4532 | 物理全谱(含截距) MSE=48.13 (b=0.000) | 理论正谱(纯缩放) MSE=2150.38
[Worker] k=5.8017 | 物理全谱(含截距) MSE=37.07 (b=0.000) | 理论正谱(纯缩放) MSE=243.79
[Worker] k=7.9443 | 物理全谱(含截距) MSE=48.78 (b=0.000) | 理论正谱(纯缩放) MSE=2408.01
[Worker] k=4.0366 | 物理全谱(含截距) MSE=152.53 (b=0.000) | 理论正谱(纯缩放) MSE=15115.23
[Worker] k=8.9095 | 物理全谱(含截距) MSE=99.58 (b=0.000) | 理论正谱(纯缩放) MSE=4875.31
[Worker] k=7.8672 | 物理全谱(含截距) MSE=25.31 (b=0.000) | 理论正谱(纯缩放) MSE=3952.37
[Worker] k=3.0369 | 物理全谱(含截距) MSE=52.06 (b=0.000) | 理论正谱(纯缩放) MSE=128772.43
[Worker] k=4.0065 | 物理全谱(含截距) MSE=51.66 (b=0.000) | 理论正谱(纯缩放) MSE=86.09
[Worker] k=8.1557 | 物理全谱(含截距) MSE=67.96 (b=0.000) | 理论正谱(纯缩放) MSE=74.95
[Worker] k=4.0250 | 物理全谱(含截距) MSE=26.58 (b=0.000) | 理论正谱(纯缩放) MSE=77.58
[Worker] k=6.9381 | 物理全谱(含截距) MSE=44.29 (b=0.000) | 理论正谱(纯缩放) MSE=339.60
[Worker] k=5.4712 | 物理全谱(含截距) MSE=53.37 (b=0.000) | 理论正谱(纯缩放) MSE=23283.29
[Worker] k=2.4126 | 物理全谱(含截距) MSE=30.60 (b=0.000) | 理论正谱(纯缩放) MSE=506631.22
[Worker] k=7.6770 | 物理全谱(含截距) MSE=109.39 (b=0.000) | 理论正谱(纯缩放) MSE=3181.68
[Worker] k=8.8034 | 物理全谱(含截距) MSE=37.94 (b=0.000) | 理论正谱(纯缩放) MSE=12104.26
[Worker] k=6.6897 | 物理全谱(含截距) MSE=61.61 (b=0.000) | 理论正谱(纯缩放) MSE=12516.44
[Worker] k=4.0931 | 物理全谱(含截距) MSE=37.44 (b=0.000) | 理论正谱(纯缩放) MSE=69557.26
[Worker] k=5.3415 | 物理全谱(含截距) MSE=67.74 (b=0.000) | 理论正谱(纯缩放) MSE=4608.43
[Worker] k=4.1029 | 物理全谱(含截距) MSE=70.11 (b=0.000) | 理论正谱(纯缩放) MSE=270895.93
[Worker] k=2.2445 | 物理全谱(含截距) MSE=79.89 (b=-0.000) | 理论正谱(纯缩放) MSE=3922.24
[Worker] k=7.7638 | 物理全谱(含截距) MSE=98.54 (b=0.000) | 理论正谱(纯缩放) MSE=27380.81
[Worker] k=2.6493 | 物理全谱(含截距) MSE=35.98 (b=0.000) | 理论正谱(纯缩放) MSE=122.13
[Worker] k=9.3136 | 物理全谱(含截距) MSE=124.12 (b=0.000) | 理论正谱(纯缩放) MSE=61968.03
[Worker] k=3.8402 | 物理全谱(含截距) MSE=39.40 (b=0.000) | 理论正谱(纯缩放) MSE=442.07
[Worker] k=6.8121 | 物理全谱(含截距) MSE=41.05 (b=0.000) | 理论正谱(纯缩放) MSE=473.79
[Worker] k=3.4097 | 物理全谱(含截距) MSE=43.43 (b=0.000) | 理论正谱(纯缩放) MSE=512118.37
[Worker] k=3.6429 | 物理全谱(含截距) MSE=75.25 (b=0.000) | 理论正谱(纯缩放) MSE=438357.67
[Worker] k=5.7679 | 物理全谱(含截距) MSE=87.57 (b=0.000) | 理论正谱(纯缩放) MSE=308.28
[Worker] k=7.3745 | 物理全谱(含截距) MSE=50.53 (b=-0.000) | 理论正谱(纯缩放) MSE=6356.38
[Worker] k=8.4380 | 物理全谱(含截距) MSE=113.55 (b=0.000) | 理论正谱(纯缩放) MSE=18293.15
[Worker] k=4.6775 | 物理全谱(含截距) MSE=54.09 (b=0.000) | 理论正谱(纯缩放) MSE=74009.26
[Worker] k=7.0695 | 物理全谱(含截距) MSE=38.79 (b=0.000) | 理论正谱(纯缩放) MSE=1022.85
[Worker] k=3.7258 | 物理全谱(含截距) MSE=48.55 (b=-0.000) | 理论正谱(纯缩放) MSE=2231.65
[Worker] k=7.1649 | 物理全谱(含截距) MSE=116.04 (b=0.000) | 理论正谱(纯缩放) MSE=2677.57
[Worker] k=7.2091 | 物理全谱(含截距) MSE=100.74 (b=-0.000) | 理论正谱(纯缩放) MSE=85845.26
[Worker] k=8.8595 | 物理全谱(含截距) MSE=93.26 (b=0.000) | 理论正谱(纯缩放) MSE=18156.82
[Worker] k=7.4777 | 物理全谱(含截距) MSE=78.44 (b=0.000) | 理论正谱(纯缩放) MSE=118.26
[Worker] k=5.4706 | 物理全谱(含截距) MSE=54.34 (b=0.000) | 理论正谱(纯缩放) MSE=117.20
[Worker] k=6.5542 | 物理全谱(含截距) MSE=79.92 (b=0.000) | 理论正谱(纯缩放) MSE=6643.59
[Worker] k=5.8345 | 物理全谱(含截距) MSE=148.50 (b=0.000) | 理论正谱(纯缩放) MSE=3090369.79
[Worker] k=8.3862 | 物理全谱(含截距) MSE=96.91 (b=-0.000) | 理论正谱(纯缩放) MSE=2339.03
[Worker] k=9.0712 | 物理全谱(含截距) MSE=102.74 (b=0.000) | 理论正谱(纯缩放) MSE=3453.98
[Worker] k=3.3324 | 物理全谱(含截距) MSE=84.01 (b=-0.000) | 理论正谱(纯缩放) MSE=390.94
[Worker] k=8.3864 | 物理全谱(含截距) MSE=148.49 (b=0.000) | 理论正谱(纯缩放) MSE=10271.87
[Worker] k=6.4321 | 物理全谱(含截距) MSE=87.86 (b=-0.000) | 理论正谱(纯缩放) MSE=26611.21
[Worker] k=5.0471 | 物理全谱(含截距) MSE=44.72 (b=0.000) | 理论正谱(纯缩放) MSE=61.90
[Worker] k=6.6426 | 物理全谱(含截距) MSE=75.76 (b=0.000) | 理论正谱(纯缩放) MSE=1074.07
[Worker] k=4.2754 | 物理全谱(含截距) MSE=128.63 (b=0.000) | 理论正谱(纯缩放) MSE=2467.56
[Worker] k=4.6517 | 物理全谱(含截距) MSE=37.59 (b=0.000) | 理论正谱(纯缩放) MSE=552.37
[Worker] k=8.1360 | 物理全谱(含截距) MSE=107.77 (b=-0.000) | 理论正谱(纯缩放) MSE=1811026.64
[Worker] k=8.5280 | 物理全谱(含截距) MSE=132.27 (b=-0.000) | 理论正谱(纯缩放) MSE=5385.27
[Worker] k=8.2776 | 物理全谱(含截距) MSE=29.61 (b=0.000) | 理论正谱(纯缩放) MSE=34.81
[Worker] k=5.6211 | 物理全谱(含截距) MSE=79.39 (b=0.000) | 理论正谱(纯缩放) MSE=83.57
[Worker] k=7.8211 | 物理全谱(含截距) MSE=175.70 (b=0.000) | 理论正谱(纯缩放) MSE=76951.38
[Worker] k=8.2541 | 物理全谱(含截距) MSE=43.39 (b=0.000) | 理论正谱(纯缩放) MSE=185210.95
[Worker] k=4.1357 | 物理全谱(含截距) MSE=49.38 (b=0.000) | 理论正谱(纯缩放) MSE=21016.02
[Worker] k=4.9864 | 物理全谱(含截距) MSE=90.16 (b=0.000) | 理论正谱(纯缩放) MSE=10687151.31
[Worker] k=6.2811 | 物理全谱(含截距) MSE=47.37 (b=0.000) | 理论正谱(纯缩放) MSE=33270.10
[Worker] k=9.6278 | 物理全谱(含截距) MSE=17.72 (b=0.000) | 理论正谱(纯缩放) MSE=689309.77
[Worker] k=8.5578 | 物理全谱(含截距) MSE=60.28 (b=0.000) | 理论正谱(纯缩放) MSE=755.85
[Worker] k=8.2033 | 物理全谱(含截距) MSE=109.74 (b=0.000) | 理论正谱(纯缩放) MSE=53791.65
[Worker] k=3.2678 | 物理全谱(含截距) MSE=28.52 (b=0.000) | 理论正谱(纯缩放) MSE=524.33
[Worker] k=7.7047 | 物理全谱(含截距) MSE=127.27 (b=-0.000) | 理论正谱(纯缩放) MSE=56088.71
[Worker] k=4.6448 | 物理全谱(含截距) MSE=39.05 (b=-0.000) | 理论正谱(纯缩放) MSE=189786.28
[Worker] k=8.2633 | 物理全谱(含截距) MSE=53.51 (b=0.000) | 理论正谱(纯缩放) MSE=24165.65
[Worker] k=8.0128 | 物理全谱(含截距) MSE=136.81 (b=0.000) | 理论正谱(纯缩放) MSE=24177.00
[Worker] k=5.0597 | 物理全谱(含截距) MSE=55.77 (b=-0.000) | 理论正谱(纯缩放) MSE=839102.21
[Worker] k=3.2324 | 物理全谱(含截距) MSE=177.30 (b=0.000) | 理论正谱(纯缩放) MSE=223.59
[Worker] k=7.0565 | 物理全谱(含截距) MSE=60.28 (b=-0.000) | 理论正谱(纯缩放) MSE=360931.45
[Worker] k=6.5801 | 物理全谱(含截距) MSE=48.66 (b=0.000) | 理论正谱(纯缩放) MSE=2596.45
[Worker] k=5.0777 | 物理全谱(含截距) MSE=22.31 (b=0.000) | 理论正谱(纯缩放) MSE=893.24
[Worker] k=6.6850 | 物理全谱(含截距) MSE=70.44 (b=0.000) | 理论正谱(纯缩放) MSE=204774.31
[Worker] k=3.1490 | 物理全谱(含截距) MSE=68.24 (b=-0.000) | 理论正谱(纯缩放) MSE=74.98
[Worker] k=7.6879 | 物理全谱(含截距) MSE=38.38 (b=-0.000) | 理论正谱(纯缩放) MSE=5572.32
[Worker] k=7.9573 | 物理全谱(含截距) MSE=70.98 (b=-0.000) | 理论正谱(纯缩放) MSE=439.32
[Worker] k=7.2737 | 物理全谱(含截距) MSE=112.27 (b=0.000) | 理论正谱(纯缩放) MSE=648.47
[Worker] k=2.2467 | 物理全谱(含截距) MSE=49.55 (b=0.000) | 理论正谱(纯缩放) MSE=125361.62
[Worker] k=4.7572 | 物理全谱(含截距) MSE=60.64 (b=0.000) | 理论正谱(纯缩放) MSE=131.08
[Worker] k=7.8238 | 物理全谱(含截距) MSE=15.53 (b=0.000) | 理论正谱(纯缩放) MSE=9677.99
[Worker] k=8.5051 | 物理全谱(含截距) MSE=78.05 (b=0.000) | 理论正谱(纯缩放) MSE=208847.08
[Worker] k=7.3192 | 物理全谱(含截距) MSE=87.32 (b=0.000) | 理论正谱(纯缩放) MSE=31023.53
[Worker] k=6.6300 | 物理全谱(含截距) MSE=58.59 (b=0.000) | 理论正谱(纯缩放) MSE=2602.35
[Worker] k=7.0834 | 物理全谱(含截距) MSE=60.69 (b=0.000) | 理论正谱(纯缩放) MSE=107.51
[Worker] k=5.6666 | 物理全谱(含截距) MSE=59.53 (b=0.000) | 理论正谱(纯缩放) MSE=2541.19
[Worker] k=9.4125 | 物理全谱(含截距) MSE=43.14 (b=0.000) | 理论正谱(纯缩放) MSE=118485.32
[Worker] k=7.3279 | 物理全谱(含截距) MSE=34.49 (b=-0.000) | 理论正谱(纯缩放) MSE=33985.93
[Worker] k=2.6327 | 物理全谱(含截距) MSE=52.85 (b=0.000) | 理论正谱(纯缩放) MSE=121.90
[Worker] k=8.0038 | 物理全谱(含截距) MSE=106.25 (b=0.000) | 理论正谱(纯缩放) MSE=6969.26
[Worker] k=7.5000 | 物理全谱(含截距) MSE=27.65 (b=0.000) | 理论正谱(纯缩放) MSE=670292.59
[Worker] k=8.3011 | 物理全谱(含截距) MSE=54.94 (b=0.000) | 理论正谱(纯缩放) MSE=10107.14
[Worker] k=4.9926 | 物理全谱(含截距) MSE=156.89 (b=0.000) | 理论正谱(纯缩放) MSE=96349.11
[Worker] k=7.2738 | 物理全谱(含截距) MSE=136.35 (b=0.000) | 理论正谱(纯缩放) MSE=105993.10
[Worker] k=8.7551 | 物理全谱(含截距) MSE=29.19 (b=0.000) | 理论正谱(纯缩放) MSE=139521.86
[Worker] k=5.2254 | 物理全谱(含截距) MSE=140.14 (b=0.000) | 理论正谱(纯缩放) MSE=25386.37
[Worker] k=8.0327 | 物理全谱(含截距) MSE=39.15 (b=0.000) | 理论正谱(纯缩放) MSE=3833.57
[Worker] k=7.0544 | 物理全谱(含截距) MSE=49.48 (b=0.000) | 理论正谱(纯缩放) MSE=1125.93
[Worker] k=4.7555 | 物理全谱(含截距) MSE=82.60 (b=0.000) | 理论正谱(纯缩放) MSE=842.06
[Worker] k=5.1072 | 物理全谱(含截距) MSE=43.36 (b=0.000) | 理论正谱(纯缩放) MSE=620.67
[Worker] k=6.2156 | 物理全谱(含截距) MSE=63.51 (b=0.000) | 理论正谱(纯缩放) MSE=20973.44
[Worker] k=4.7447 | 物理全谱(含截距) MSE=111.49 (b=-0.000) | 理论正谱(纯缩放) MSE=1074.77
[Worker] k=7.4378 | 物理全谱(含截距) MSE=101.71 (b=0.000) | 理论正谱(纯缩放) MSE=499644.45
[Worker] k=8.8601 | 物理全谱(含截距) MSE=63.88 (b=0.000) | 理论正谱(纯缩放) MSE=24035.37
[Worker] k=6.5050 | 物理全谱(含截距) MSE=55.85 (b=0.000) | 理论正谱(纯缩放) MSE=20814.90
[Worker] k=6.4504 | 物理全谱(含截距) MSE=12.55 (b=0.000) | 理论正谱(纯缩放) MSE=1327.14
[Worker] k=8.3074 | 物理全谱(含截距) MSE=57.71 (b=0.000) | 理论正谱(纯缩放) MSE=32114.70
[Worker] k=8.7287 | 物理全谱(含截距) MSE=124.66 (b=0.000) | 理论正谱(纯缩放) MSE=19896.06
[Worker] k=8.6470 | 物理全谱(含截距) MSE=63.50 (b=0.000) | 理论正谱(纯缩放) MSE=189.59
[Worker] k=2.0557 | 物理全谱(含截距) MSE=56.08 (b=0.000) | 理论正谱(纯缩放) MSE=60.32
[Worker] k=6.7928 | 物理全谱(含截距) MSE=48.82 (b=-0.000) | 理论正谱(纯缩放) MSE=1881.64
differential_evolution step 3: f(x)= 12.552565771441177
[Worker] k=6.6091 | 物理全谱(含截距) MSE=48.17 (b=0.000) | 理论正谱(纯缩放) MSE=90361.04
[Worker] k=7.7013 | 物理全谱(含截距) MSE=51.36 (b=0.000) | 理论正谱(纯缩放) MSE=434.79
[Worker] k=6.6019 | 物理全谱(含截距) MSE=82.76 (b=-0.000) | 理论正谱(纯缩放) MSE=35041.36
[Worker] k=4.6589 | 物理全谱(含截距) MSE=66.79 (b=-0.000) | 理论正谱(纯缩放) MSE=26521.20
[Worker] k=8.8246 | 物理全谱(含截距) MSE=48.13 (b=0.000) | 理论正谱(纯缩放) MSE=60332.51
[Worker] k=9.8222 | 物理全谱(含截距) MSE=115.32 (b=0.000) | 理论正谱(纯缩放) MSE=11762.01
[Worker] k=4.3746 | 物理全谱(含截距) MSE=101.19 (b=-0.000) | 理论正谱(纯缩放) MSE=1273.36
[Worker] k=6.8811 | 物理全谱(含截距) MSE=46.00 (b=0.000) | 理论正谱(纯缩放) MSE=8692.42
[Worker] k=9.1473 | 物理全谱(含截距) MSE=199.71 (b=0.000) | 理论正谱(纯缩放) MSE=273998.63[Worker] k=9.8365 | 物理全谱(含截距) MSE=20.16 (b=0.000) | 理论正谱(纯缩放) MSE=946.37

[Worker] k=5.9137 | 物理全谱(含截距) MSE=79.79 (b=0.000) | 理论正谱(纯缩放) MSE=93.75
[Worker] k=9.5704 | 物理全谱(含截距) MSE=131.10 (b=0.000) | 理论正谱(纯缩放) MSE=4564.77
[Worker] k=6.1234 | 物理全谱(含截距) MSE=54.04 (b=-0.000) | 理论正谱(纯缩放) MSE=7183.23
[Worker] k=8.1828 | 物理全谱(含截距) MSE=74.50 (b=0.000) | 理论正谱(纯缩放) MSE=682.07
[Worker] k=3.7287 | 物理全谱(含截距) MSE=57.08 (b=0.000) | 理论正谱(纯缩放) MSE=1624.30
[Worker] k=2.0169 | 物理全谱(含截距) MSE=19.69 (b=-0.000) | 理论正谱(纯缩放) MSE=692.28
[Worker] k=9.6032 | 物理全谱(含截距) MSE=151.23 (b=0.000) | 理论正谱(纯缩放) MSE=135760.34
[Worker] k=7.6616 | 物理全谱(含截距) MSE=95.48 (b=0.000) | 理论正谱(纯缩放) MSE=106.31
[Worker] k=3.3140 | 物理全谱(含截距) MSE=38.96 (b=0.000) | 理论正谱(纯缩放) MSE=762.47
[Worker] k=8.6253 | 物理全谱(含截距) MSE=37.26 (b=0.000) | 理论正谱(纯缩放) MSE=200.85
[Worker] k=4.6356 | 物理全谱(含截距) MSE=92.52 (b=0.000) | 理论正谱(纯缩放) MSE=1566.24
[Worker] k=7.0844 | 物理全谱(含截距) MSE=46.94 (b=0.000) | 理论正谱(纯缩放) MSE=7185.96
[Worker] k=8.5189 | 物理全谱(含截距) MSE=90.41 (b=0.000) | 理论正谱(纯缩放) MSE=2991.79
[Worker] k=4.8942 | 物理全谱(含截距) MSE=34.34 (b=0.000) | 理论正谱(纯缩放) MSE=34.38
[Worker] k=3.0876 | 物理全谱(含截距) MSE=17.49 (b=0.000) | 理论正谱(纯缩放) MSE=3735.72
[Worker] k=6.9553 | 物理全谱(含截距) MSE=43.85 (b=0.000) | 理论正谱(纯缩放) MSE=201154.15
[Worker] k=6.0998 | 物理全谱(含截距) MSE=41.32 (b=0.000) | 理论正谱(纯缩放) MSE=41.46
[Worker] k=8.6977 | 物理全谱(含截距) MSE=36.34 (b=0.000) | 理论正谱(纯缩放) MSE=128.46
[Worker] k=9.7699 | 物理全谱(含截距) MSE=59.75 (b=0.000) | 理论正谱(纯缩放) MSE=1737.68
[Worker] k=5.8044 | 物理全谱(含截距) MSE=78.29 (b=0.000) | 理论正谱(纯缩放) MSE=34162.96
[Worker] k=6.8147 | 物理全谱(含截距) MSE=119.51 (b=0.000) | 理论正谱(纯缩放) MSE=31364.35
[Worker] k=7.2506 | 物理全谱(含截距) MSE=105.57 (b=0.000) | 理论正谱(纯缩放) MSE=13074.82
[Worker] k=5.6662 | 物理全谱(含截距) MSE=128.82 (b=0.000) | 理论正谱(纯缩放) MSE=159.44
[Worker] k=3.2977 | 物理全谱(含截距) MSE=69.69 (b=0.000) | 理论正谱(纯缩放) MSE=8432.66
[Worker] k=8.0308 | 物理全谱(含截距) MSE=89.46 (b=-0.000) | 理论正谱(纯缩放) MSE=1898.43
[Worker] k=4.6993 | 物理全谱(含截距) MSE=49.72 (b=0.000) | 理论正谱(纯缩放) MSE=1642.82
[Worker] k=4.1605 | 物理全谱(含截距) MSE=44.17 (b=0.000) | 理论正谱(纯缩放) MSE=1151.06
[Worker] k=8.7159 | 物理全谱(含截距) MSE=91.81 (b=0.000) | 理论正谱(纯缩放) MSE=230691.68
[Worker] k=8.4059 | 物理全谱(含截距) MSE=120.88 (b=0.000) | 理论正谱(纯缩放) MSE=13949.05
[Worker] k=6.7232 | 物理全谱(含截距) MSE=46.19 (b=0.000) | 理论正谱(纯缩放) MSE=30325.84
[Worker] k=2.2314 | 物理全谱(含截距) MSE=61.60 (b=0.000) | 理论正谱(纯缩放) MSE=9255.10
[Worker] k=2.2539 | 物理全谱(含截距) MSE=43.59 (b=0.000) | 理论正谱(纯缩放) MSE=2952.41
[Worker] k=9.8148 | 物理全谱(含截距) MSE=40.36 (b=0.000) | 理论正谱(纯缩放) MSE=143.80
[Worker] k=6.2248 | 物理全谱(含截距) MSE=75.29 (b=0.000) | 理论正谱(纯缩放) MSE=76.68
[Worker] k=6.0670 | 物理全谱(含截距) MSE=59.73 (b=0.000) | 理论正谱(纯缩放) MSE=1019092.40
[Worker] k=4.6240 | 物理全谱(含截距) MSE=43.12 (b=0.000) | 理论正谱(纯缩放) MSE=11417.98
[Worker] k=2.2574 | 物理全谱(含截距) MSE=79.17 (b=0.000) | 理论正谱(纯缩放) MSE=9556.92
[Worker] k=4.3927 | 物理全谱(含截距) MSE=56.94 (b=0.000) | 理论正谱(纯缩放) MSE=13425.55
[Worker] k=8.2087 | 物理全谱(含截距) MSE=36.14 (b=0.000) | 理论正谱(纯缩放) MSE=12962.05
[Worker] k=2.7917 | 物理全谱(含截距) MSE=52.53 (b=0.000) | 理论正谱(纯缩放) MSE=1859415.81
[Worker] k=5.8065 | 物理全谱(含截距) MSE=119.48 (b=0.000) | 理论正谱(纯缩放) MSE=15127.87
[Worker] k=7.2735 | 物理全谱(含截距) MSE=208.06 (b=0.000) | 理论正谱(纯缩放) MSE=138577.42
[Worker] k=5.7823 | 物理全谱(含截距) MSE=71.52 (b=-0.000) | 理论正谱(纯缩放) MSE=1762.80
[Worker] k=4.1738 | 物理全谱(含截距) MSE=68.82 (b=0.000) | 理论正谱(纯缩放) MSE=209677.81
[Worker] k=4.1134 | 物理全谱(含截距) MSE=56.95 (b=0.000) | 理论正谱(纯缩放) MSE=844.43
[Worker] k=2.1792 | 物理全谱(含截距) MSE=53.66 (b=0.000) | 理论正谱(纯缩放) MSE=276.89
[Worker] k=2.3021 | 物理全谱(含截距) MSE=108.80 (b=0.000) | 理论正谱(纯缩放) MSE=2626.18
[Worker] k=5.9142 | 物理全谱(含截距) MSE=121.60 (b=0.000) | 理论正谱(纯缩放) MSE=598558.29
[Worker] k=5.4709 | 物理全谱(含截距) MSE=70.07 (b=0.000) | 理论正谱(纯缩放) MSE=67618.97
[Worker] k=9.9624 | 物理全谱(含截距) MSE=61.66 (b=0.000) | 理论正谱(纯缩放) MSE=271.53
[Worker] k=7.8637 | 物理全谱(含截距) MSE=46.13 (b=-0.000) | 理论正谱(纯缩放) MSE=1896.11
[Worker] k=6.4983 | 物理全谱(含截距) MSE=90.85 (b=0.000) | 理论正谱(纯缩放) MSE=1138867.02
[Worker] k=3.7015 | 物理全谱(含截距) MSE=106.64 (b=0.000) | 理论正谱(纯缩放) MSE=1555.93
[Worker] k=8.7451 | 物理全谱(含截距) MSE=39.39 (b=0.000) | 理论正谱(纯缩放) MSE=15729.77
[Worker] k=6.7993 | 物理全谱(含截距) MSE=15.78 (b=0.000) | 理论正谱(纯缩放) MSE=1959.38
[Worker] k=2.2125 | 物理全谱(含截距) MSE=70.10 (b=0.000) | 理论正谱(纯缩放) MSE=34588.71
[Worker] k=5.9353 | 物理全谱(含截距) MSE=79.73 (b=-0.000) | 理论正谱(纯缩放) MSE=68514.76
[Worker] k=7.9398 | 物理全谱(含截距) MSE=75.18 (b=-0.000) | 理论正谱(纯缩放) MSE=84272.72
[Worker] k=4.3516 | 物理全谱(含截距) MSE=146.87 (b=0.000) | 理论正谱(纯缩放) MSE=20911.92
[Worker] k=5.7745 | 物理全谱(含截距) MSE=101.09 (b=0.000) | 理论正谱(纯缩放) MSE=3244224.12
[Worker] k=9.7761 | 物理全谱(含截距) MSE=64.99 (b=0.000) | 理论正谱(纯缩放) MSE=627.35
[Worker] k=8.3911 | 物理全谱(含截距) MSE=12.01 (b=-0.000) | 理论正谱(纯缩放) MSE=578.20
[Worker] k=3.4816 | 物理全谱(含截距) MSE=40.39 (b=0.000) | 理论正谱(纯缩放) MSE=1202.91
[Worker] k=9.2144 | 物理全谱(含截距) MSE=66.65 (b=-0.000) | 理论正谱(纯缩放) MSE=97.52
[Worker] k=4.2082 | 物理全谱(含截距) MSE=68.49 (b=0.000) | 理论正谱(纯缩放) MSE=13144439.66
[Worker] k=9.3699 | 物理全谱(含截距) MSE=42.94 (b=0.000) | 理论正谱(纯缩放) MSE=668.51
[Worker] k=7.3603 | 物理全谱(含截距) MSE=78.33 (b=-0.000) | 理论正谱(纯缩放) MSE=516.10
[Worker] k=7.0680 | 物理全谱(含截距) MSE=34.84 (b=0.000) | 理论正谱(纯缩放) MSE=35541.97
[Worker] k=7.6123 | 物理全谱(含截距) MSE=67.06 (b=0.000) | 理论正谱(纯缩放) MSE=36486.34
[Worker] k=2.9089 | 物理全谱(含截距) MSE=43.13 (b=0.000) | 理论正谱(纯缩放) MSE=69059.46
[Worker] k=5.3571 | 物理全谱(含截距) MSE=67.74 (b=0.000) | 理论正谱(纯缩放) MSE=62582.00
[Worker] k=2.9261 | 物理全谱(含截距) MSE=87.68 (b=0.000) | 理论正谱(纯缩放) MSE=125.40
[Worker] k=2.7698 | 物理全谱(含截距) MSE=150.60 (b=-0.000) | 理论正谱(纯缩放) MSE=164043.12
[Worker] k=8.9417 | 物理全谱(含截距) MSE=135.90 (b=0.000) | 理论正谱(纯缩放) MSE=251.27
[Worker] k=8.2268 | 物理全谱(含截距) MSE=47.79 (b=0.000) | 理论正谱(纯缩放) MSE=190548.36
[Worker] k=6.4625 | 物理全谱(含截距) MSE=122.18 (b=0.000) | 理论正谱(纯缩放) MSE=46238.56
[Worker] k=8.3309 | 物理全谱(含截距) MSE=69.78 (b=-0.000) | 理论正谱(纯缩放) MSE=1485.30
[Worker] k=5.1990 | 物理全谱(含截距) MSE=148.95 (b=0.000) | 理论正谱(纯缩放) MSE=37721.57[Worker] k=6.9680 | 物理全谱(含截距) MSE=36.59 (b=0.000) | 理论正谱(纯缩放) MSE=6293.93

[Worker] k=6.7952 | 物理全谱(含截距) MSE=84.04 (b=0.000) | 理论正谱(纯缩放) MSE=494.62
[Worker] k=2.6193 | 物理全谱(含截距) MSE=91.39 (b=0.000) | 理论正谱(纯缩放) MSE=4016.34
[Worker] k=8.1662 | 物理全谱(含截距) MSE=76.58 (b=0.000) | 理论正谱(纯缩放) MSE=865.94
[Worker] k=8.4838 | 物理全谱(含截距) MSE=74.54 (b=0.000) | 理论正谱(纯缩放) MSE=4440.40
[Worker] k=7.6162 | 物理全谱(含截距) MSE=110.10 (b=0.000) | 理论正谱(纯缩放) MSE=13911.39
[Worker] k=5.1590 | 物理全谱(含截距) MSE=63.73 (b=0.000) | 理论正谱(纯缩放) MSE=208869.17
[Worker] k=6.1064 | 物理全谱(含截距) MSE=76.06 (b=0.000) | 理论正谱(纯缩放) MSE=46044.04
[Worker] k=5.8702 | 物理全谱(含截距) MSE=74.10 (b=0.000) | 理论正谱(纯缩放) MSE=54590.79
[Worker] k=7.5517 | 物理全谱(含截距) MSE=41.93 (b=0.000) | 理论正谱(纯缩放) MSE=8532.25
[Worker] k=8.3749 | 物理全谱(含截距) MSE=49.14 (b=0.000) | 理论正谱(纯缩放) MSE=626.94
[Worker] k=6.2527 | 物理全谱(含截距) MSE=54.48 (b=0.000) | 理论正谱(纯缩放) MSE=316.53
[Worker] k=7.4804 | 物理全谱(含截距) MSE=21.41 (b=0.000) | 理论正谱(纯缩放) MSE=289545.54
[Worker] k=4.4765 | 物理全谱(含截距) MSE=61.02 (b=0.000) | 理论正谱(纯缩放) MSE=1336.93
[Worker] k=5.6752 | 物理全谱(含截距) MSE=116.32 (b=0.000) | 理论正谱(纯缩放) MSE=27074.07
[Worker] k=7.8485 | 物理全谱(含截距) MSE=39.02 (b=0.000) | 理论正谱(纯缩放) MSE=1346.96
[Worker] k=4.9568 | 物理全谱(含截距) MSE=142.53 (b=0.000) | 理论正谱(纯缩放) MSE=582.39
[Worker] k=6.4580 | 物理全谱(含截距) MSE=143.34 (b=-0.000) | 理论正谱(纯缩放) MSE=462.63
[Worker] k=5.9767 | 物理全谱(含截距) MSE=61.72 (b=0.000) | 理论正谱(纯缩放) MSE=60996.29
[Worker] k=4.3470 | 物理全谱(含截距) MSE=53.08 (b=0.000) | 理论正谱(纯缩放) MSE=2456.00
[Worker] k=9.4440 | 物理全谱(含截距) MSE=101.92 (b=0.000) | 理论正谱(纯缩放) MSE=2643.58
[Worker] k=4.2247 | 物理全谱(含截距) MSE=63.93 (b=0.000) | 理论正谱(纯缩放) MSE=1394.34
[Worker] k=9.3700 | 物理全谱(含截距) MSE=42.42 (b=0.000) | 理论正谱(纯缩放) MSE=1477.00
[Worker] k=4.8164 | 物理全谱(含截距) MSE=85.92 (b=0.000) | 理论正谱(纯缩放) MSE=994.64
[Worker] k=5.4464 | 物理全谱(含截距) MSE=56.23 (b=0.000) | 理论正谱(纯缩放) MSE=8607.94
[Worker] k=5.8481 | 物理全谱(含截距) MSE=123.74 (b=-0.000) | 理论正谱(纯缩放) MSE=6302.85
[Worker] k=6.2366 | 物理全谱(含截距) MSE=72.86 (b=0.000) | 理论正谱(纯缩放) MSE=87080.22
[Worker] k=8.1883 | 物理全谱(含截距) MSE=89.74 (b=0.000) | 理论正谱(纯缩放) MSE=1061.19
[Worker] k=2.7225 | 物理全谱(含截距) MSE=38.62 (b=0.000) | 理论正谱(纯缩放) MSE=356.52
[Worker] k=6.7831 | 物理全谱(含截距) MSE=73.25 (b=-0.000) | 理论正谱(纯缩放) MSE=3692.76
[Worker] k=5.7845 | 物理全谱(含截距) MSE=82.25 (b=0.000) | 理论正谱(纯缩放) MSE=1920.30
[Worker] k=8.0741 | 物理全谱(含截距) MSE=86.14 (b=-0.000) | 理论正谱(纯缩放) MSE=107052.62
[Worker] k=5.1206 | 物理全谱(含截距) MSE=43.72 (b=0.000) | 理论正谱(纯缩放) MSE=725061.43
[Worker] k=5.1822 | 物理全谱(含截距) MSE=128.17 (b=0.000) | 理论正谱(纯缩放) MSE=25979.23
[Worker] k=6.2035 | 物理全谱(含截距) MSE=59.95 (b=-0.000) | 理论正谱(纯缩放) MSE=43289.99
[Worker] k=5.3702 | 物理全谱(含截距) MSE=88.89 (b=0.000) | 理论正谱(纯缩放) MSE=19699.93
[Worker] k=2.8791 | 物理全谱(含截距) MSE=67.23 (b=0.000) | 理论正谱(纯缩放) MSE=110.77
[Worker] k=2.5380 | 物理全谱(含截距) MSE=113.50 (b=0.000) | 理论正谱(纯缩放) MSE=5375378.01
[Worker] k=6.2538 | 物理全谱(含截距) MSE=108.70 (b=0.000) | 理论正谱(纯缩放) MSE=70076.77
[Worker] k=5.6351 | 物理全谱(含截距) MSE=53.06 (b=0.000) | 理论正谱(纯缩放) MSE=59.19
[Worker] k=6.7081 | 物理全谱(含截距) MSE=31.13 (b=0.000) | 理论正谱(纯缩放) MSE=103851.31
[Worker] k=7.4594 | 物理全谱(含截距) MSE=114.65 (b=-0.000) | 理论正谱(纯缩放) MSE=6579.21
[Worker] k=2.9382 | 物理全谱(含截距) MSE=73.49 (b=-0.000) | 理论正谱(纯缩放) MSE=75.27
[Worker] k=4.7413 | 物理全谱(含截距) MSE=70.05 (b=0.000) | 理论正谱(纯缩放) MSE=10066.57
[Worker] k=7.8963 | 物理全谱(含截距) MSE=70.34 (b=0.000) | 理论正谱(纯缩放) MSE=99459.94
[Worker] k=5.3516 | 物理全谱(含截距) MSE=90.91 (b=-0.000) | 理论正谱(纯缩放) MSE=292418.03
[Worker] k=8.7890 | 物理全谱(含截距) MSE=143.35 (b=0.000) | 理论正谱(纯缩放) MSE=645190.18
[Worker] k=9.2736 | 物理全谱(含截距) MSE=93.21 (b=0.000) | 理论正谱(纯缩放) MSE=921953.17
[Worker] k=7.5182 | 物理全谱(含截距) MSE=27.52 (b=0.000) | 理论正谱(纯缩放) MSE=4625.72
[Worker] k=6.6378 | 物理全谱(含截距) MSE=32.18 (b=0.000) | 理论正谱(纯缩放) MSE=68.95
[Worker] k=2.8110 | 物理全谱(含截距) MSE=193.70 (b=-0.000) | 理论正谱(纯缩放) MSE=1613.76
[Worker] k=9.3054 | 物理全谱(含截距) MSE=28.26 (b=0.000) | 理论正谱(纯缩放) MSE=385.69
[Worker] k=4.9488 | 物理全谱(含截距) MSE=147.19 (b=0.000) | 理论正谱(纯缩放) MSE=1484.99
[Worker] k=2.7402 | 物理全谱(含截距) MSE=24.86 (b=0.000) | 理论正谱(纯缩放) MSE=38.29
[Worker] k=6.7198 | 物理全谱(含截距) MSE=86.45 (b=0.000) | 理论正谱(纯缩放) MSE=867.64
[Worker] k=4.9795 | 物理全谱(含截距) MSE=92.02 (b=0.000) | 理论正谱(纯缩放) MSE=13627.04
[Worker] k=8.0078 | 物理全谱(含截距) MSE=50.02 (b=0.000) | 理论正谱(纯缩放) MSE=2951.44
[Worker] k=5.3081 | 物理全谱(含截距) MSE=57.51 (b=0.000) | 理论正谱(纯缩放) MSE=200336.97
[Worker] k=6.2282 | 物理全谱(含截距) MSE=32.99 (b=-0.000) | 理论正谱(纯缩放) MSE=2328.91
[Worker] k=2.3763 | 物理全谱(含截距) MSE=101.17 (b=0.000) | 理论正谱(纯缩放) MSE=227158.32
[Worker] k=3.5742 | 物理全谱(含截距) MSE=115.24 (b=0.000) | 理论正谱(纯缩放) MSE=75054.84
[Worker] k=6.3116 | 物理全谱(含截距) MSE=62.29 (b=0.000) | 理论正谱(纯缩放) MSE=206.96
[Worker] k=6.5765 | 物理全谱(含截距) MSE=81.47 (b=0.000) | 理论正谱(纯缩放) MSE=24346.40
[Worker] k=5.0547 | 物理全谱(含截距) MSE=27.31 (b=0.000) | 理论正谱(纯缩放) MSE=146389.88
[Worker] k=5.6772 | 物理全谱(含截距) MSE=42.32 (b=0.000) | 理论正谱(纯缩放) MSE=585.03
[Worker] k=6.6915 | 物理全谱(含截距) MSE=210.27 (b=0.000) | 理论正谱(纯缩放) MSE=12023.23
[Worker] k=4.0229 | 物理全谱(含截距) MSE=104.02 (b=-0.000) | 理论正谱(纯缩放) MSE=354366.33
[Worker] k=6.3030 | 物理全谱(含截距) MSE=55.13 (b=0.000) | 理论正谱(纯缩放) MSE=3352.44
[Worker] k=7.3887 | 物理全谱(含截距) MSE=23.12 (b=0.000) | 理论正谱(纯缩放) MSE=2104.70
[Worker] k=2.1213 | 物理全谱(含截距) MSE=50.59 (b=0.000) | 理论正谱(纯缩放) MSE=868.76
[Worker] k=5.2633 | 物理全谱(含截距) MSE=18.02 (b=0.000) | 理论正谱(纯缩放) MSE=21.03
[Worker] k=8.8269 | 物理全谱(含截距) MSE=52.85 (b=0.000) | 理论正谱(纯缩放) MSE=709.87[Worker] k=6.5666 | 物理全谱(含截距) MSE=85.05 (b=-0.000) | 理论正谱(纯缩放) MSE=107.58

[Worker] k=6.6220 | 物理全谱(含截距) MSE=58.24 (b=0.000) | 理论正谱(纯缩放) MSE=7533.41
[Worker] k=5.7317 | 物理全谱(含截距) MSE=57.69 (b=0.000) | 理论正谱(纯缩放) MSE=376.63
[Worker] k=8.8852 | 物理全谱(含截距) MSE=56.80 (b=0.000) | 理论正谱(纯缩放) MSE=1791.58
[Worker] k=3.9511 | 物理全谱(含截距) MSE=99.03 (b=0.000) | 理论正谱(纯缩放) MSE=12252.89
[Worker] k=6.0824 | 物理全谱(含截距) MSE=78.98 (b=0.000) | 理论正谱(纯缩放) MSE=3989.08
[Worker] k=9.4147 | 物理全谱(含截距) MSE=56.07 (b=0.000) | 理论正谱(纯缩放) MSE=445.24
[Worker] k=7.4991 | 物理全谱(含截距) MSE=16.60 (b=0.000) | 理论正谱(纯缩放) MSE=8278.42
[Worker] k=6.1972 | 物理全谱(含截距) MSE=33.76 (b=0.000) | 理论正谱(纯缩放) MSE=39.99
[Worker] k=6.7225 | 物理全谱(含截距) MSE=42.20 (b=0.000) | 理论正谱(纯缩放) MSE=283.80
[Worker] k=7.7283 | 物理全谱(含截距) MSE=110.18 (b=0.000) | 理论正谱(纯缩放) MSE=3626.08
[Worker] k=5.7479 | 物理全谱(含截距) MSE=38.99 (b=0.000) | 理论正谱(纯缩放) MSE=1835.74
[Worker] k=7.6299 | 物理全谱(含截距) MSE=115.47 (b=0.000) | 理论正谱(纯缩放) MSE=423102.20
[Worker] k=7.5380 | 物理全谱(含截距) MSE=207.40 (b=0.000) | 理论正谱(纯缩放) MSE=6969.16
[Worker] k=7.4277 | 物理全谱(含截距) MSE=66.72 (b=0.000) | 理论正谱(纯缩放) MSE=203449.47
[Worker] k=2.4680 | 物理全谱(含截距) MSE=36.93 (b=-0.000) | 理论正谱(纯缩放) MSE=2266.45
[Worker] k=8.1826 | 物理全谱(含截距) MSE=117.57 (b=-0.000) | 理论正谱(纯缩放) MSE=5416.18
[Worker] k=8.6822 | 物理全谱(含截距) MSE=46.56 (b=0.000) | 理论正谱(纯缩放) MSE=64754.49
[Worker] k=2.7690 | 物理全谱(含截距) MSE=98.20 (b=0.000) | 理论正谱(纯缩放) MSE=43737.31
[Worker] k=9.4160 | 物理全谱(含截距) MSE=66.64 (b=-0.000) | 理论正谱(纯缩放) MSE=282.52
[Worker] k=4.7983 | 物理全谱(含截距) MSE=46.56 (b=0.000) | 理论正谱(纯缩放) MSE=993.92
[Worker] k=4.6963 | 物理全谱(含截距) MSE=81.31 (b=0.000) | 理论正谱(纯缩放) MSE=24717.43
[Worker] k=9.8493 | 物理全谱(含截距) MSE=87.68 (b=0.000) | 理论正谱(纯缩放) MSE=913322.20
[Worker] k=9.6237 | 物理全谱(含截距) MSE=48.02 (b=0.000) | 理论正谱(纯缩放) MSE=330120.76
[Worker] k=7.2606 | 物理全谱(含截距) MSE=77.99 (b=0.000) | 理论正谱(纯缩放) MSE=4748.19
[Worker] k=5.0522 | 物理全谱(含截距) MSE=117.32 (b=0.000) | 理论正谱(纯缩放) MSE=297150.90
[Worker] k=9.4195 | 物理全谱(含截距) MSE=74.47 (b=0.000) | 理论正谱(纯缩放) MSE=730.13
[Worker] k=7.4059 | 物理全谱(含截距) MSE=261.10 (b=0.000) | 理论正谱(纯缩放) MSE=128557.54
[Worker] k=7.7133 | 物理全谱(含截距) MSE=87.01 (b=0.000) | 理论正谱(纯缩放) MSE=34421.75
[Worker] k=9.6037 | 物理全谱(含截距) MSE=69.27 (b=0.000) | 理论正谱(纯缩放) MSE=240.19
[Worker] k=7.7959 | 物理全谱(含截距) MSE=40.85 (b=0.000) | 理论正谱(纯缩放) MSE=16354.76
[Worker] k=9.0166 | 物理全谱(含截距) MSE=34.45 (b=-0.000) | 理论正谱(纯缩放) MSE=1878.45
[Worker] k=8.2942 | 物理全谱(含截距) MSE=42.24 (b=0.000) | 理论正谱(纯缩放) MSE=1206.04
[Worker] k=6.1206 | 物理全谱(含截距) MSE=48.09 (b=0.000) | 理论正谱(纯缩放) MSE=7750.25
[Worker] k=4.2568 | 物理全谱(含截距) MSE=67.18 (b=0.000) | 理论正谱(纯缩放) MSE=17153.37
[Worker] k=3.3702 | 物理全谱(含截距) MSE=57.34 (b=-0.000) | 理论正谱(纯缩放) MSE=294.30
[Worker] k=7.7132 | 物理全谱(含截距) MSE=46.78 (b=0.000) | 理论正谱(纯缩放) MSE=3617.27
[Worker] k=6.4009 | 物理全谱(含截距) MSE=41.23 (b=0.000) | 理论正谱(纯缩放) MSE=1362.56
[Worker] k=2.8517 | 物理全谱(含截距) MSE=55.60 (b=0.000) | 理论正谱(纯缩放) MSE=1015.07
[Worker] k=7.2066 | 物理全谱(含截距) MSE=70.14 (b=0.000) | 理论正谱(纯缩放) MSE=496692.64
[Worker] k=6.0311 | 物理全谱(含截距) MSE=116.29 (b=0.000) | 理论正谱(纯缩放) MSE=6403.81
[Worker] k=8.2657 | 物理全谱(含截距) MSE=70.23 (b=0.000) | 理论正谱(纯缩放) MSE=1067209.34
[Worker] k=3.3520 | 物理全谱(含截距) MSE=57.84 (b=0.000) | 理论正谱(纯缩放) MSE=70.37
[Worker] k=6.0091 | 物理全谱(含截距) MSE=29.31 (b=0.000) | 理论正谱(纯缩放) MSE=57.30
[Worker] k=5.8952 | 物理全谱(含截距) MSE=51.18 (b=-0.000) | 理论正谱(纯缩放) MSE=17097.24
[Worker] k=5.0888 | 物理全谱(含截距) MSE=64.52 (b=0.000) | 理论正谱(纯缩放) MSE=475.33
[Worker] k=5.2538 | 物理全谱(含截距) MSE=34.84 (b=0.000) | 理论正谱(纯缩放) MSE=156.22
[Worker] k=5.3081 | 物理全谱(含截距) MSE=57.51 (b=0.000) | 理论正谱(纯缩放) MSE=200336.97
[Worker] k=6.6081 | 物理全谱(含截距) MSE=138.50 (b=0.000) | 理论正谱(纯缩放) MSE=34885.18
[Worker] k=6.5966 | 物理全谱(含截距) MSE=85.11 (b=-0.000) | 理论正谱(纯缩放) MSE=85.14
[Worker] k=4.8651 | 物理全谱(含截距) MSE=92.90 (b=0.000) | 理论正谱(纯缩放) MSE=4370.55
[Worker] k=4.3708 | 物理全谱(含截距) MSE=123.84 (b=0.000) | 理论正谱(纯缩放) MSE=713989.81
[Worker] k=2.7499 | 物理全谱(含截距) MSE=94.97 (b=0.000) | 理论正谱(纯缩放) MSE=1253.28
[Worker] k=4.6412 | 物理全谱(含截距) MSE=35.58 (b=0.000) | 理论正谱(纯缩放) MSE=404.77
[Worker] k=6.2777 | 物理全谱(含截距) MSE=83.40 (b=0.000) | 理论正谱(纯缩放) MSE=187289.07
[Worker] k=7.8424 | 物理全谱(含截距) MSE=64.11 (b=0.000) | 理论正谱(纯缩放) MSE=575.19
[Worker] k=5.1550 | 物理全谱(含截距) MSE=127.85 (b=0.000) | 理论正谱(纯缩放) MSE=9540.90
[Worker] k=2.2343 | 物理全谱(含截距) MSE=73.18 (b=0.000) | 理论正谱(纯缩放) MSE=12642.36
[Worker] k=6.8783 | 物理全谱(含截距) MSE=23.88 (b=0.000) | 理论正谱(纯缩放) MSE=2933.80
[Worker] k=2.6862 | 物理全谱(含截距) MSE=102.69 (b=0.000) | 理论正谱(纯缩放) MSE=301.92
[Worker] k=5.1866 | 物理全谱(含截距) MSE=55.52 (b=0.000) | 理论正谱(纯缩放) MSE=3281.67
[Worker] k=8.8637 | 物理全谱(含截距) MSE=49.10 (b=-0.000) | 理论正谱(纯缩放) MSE=762.14
[Worker] k=7.8372 | 物理全谱(含截距) MSE=191.45 (b=0.000) | 理论正谱(纯缩放) MSE=3539.91
[Worker] k=5.2347 | 物理全谱(含截距) MSE=50.86 (b=0.000) | 理论正谱(纯缩放) MSE=68591.15
[Worker] k=5.7934 | 物理全谱(含截距) MSE=46.15 (b=-0.000) | 理论正谱(纯缩放) MSE=57876.25
[Worker] k=4.9981 | 物理全谱(含截距) MSE=29.41 (b=0.000) | 理论正谱(纯缩放) MSE=39807.42
[Worker] k=6.9007 | 物理全谱(含截距) MSE=37.97 (b=0.000) | 理论正谱(纯缩放) MSE=1859.27
[Worker] k=4.7188 | 物理全谱(含截距) MSE=56.68 (b=0.000) | 理论正谱(纯缩放) MSE=2329.85
[Worker] k=7.8229 | 物理全谱(含截距) MSE=43.74 (b=0.000) | 理论正谱(纯缩放) MSE=2633.75
[Worker] k=8.3589 | 物理全谱(含截距) MSE=111.59 (b=0.000) | 理论正谱(纯缩放) MSE=10442.99
[Worker] k=8.2068 | 物理全谱(含截距) MSE=139.63 (b=0.000) | 理论正谱(纯缩放) MSE=800.27
[Worker] k=4.4617 | 物理全谱(含截距) MSE=140.16 (b=-0.000) | 理论正谱(纯缩放) MSE=463314.20
[Worker] k=7.0826 | 物理全谱(含截距) MSE=36.02 (b=-0.000) | 理论正谱(纯缩放) MSE=646.20
[Worker] k=8.1294 | 物理全谱(含截距) MSE=100.52 (b=0.000) | 理论正谱(纯缩放) MSE=383726.26
[Worker] k=6.9062 | 物理全谱(含截距) MSE=52.84 (b=0.000) | 理论正谱(纯缩放) MSE=24549.26
[Worker] k=5.7912 | 物理全谱(含截距) MSE=47.21 (b=-0.000) | 理论正谱(纯缩放) MSE=481.90
[Worker] k=6.9081 | 物理全谱(含截距) MSE=62.63 (b=0.000) | 理论正谱(纯缩放) MSE=274.11
[Worker] k=5.1539 | 物理全谱(含截距) MSE=26.88 (b=0.000) | 理论正谱(纯缩放) MSE=2348.41
[Worker] k=4.6267 | 物理全谱(含截距) MSE=38.35 (b=0.000) | 理论正谱(纯缩放) MSE=15643.04
[Worker] k=6.9603 | 物理全谱(含截距) MSE=33.07 (b=0.000) | 理论正谱(纯缩放) MSE=17116.17
[Worker] k=6.2681 | 物理全谱(含截距) MSE=27.67 (b=0.000) | 理论正谱(纯缩放) MSE=194957.06
[Worker] k=2.3021 | 物理全谱(含截距) MSE=49.40 (b=-0.000) | 理论正谱(纯缩放) MSE=63.74
[Worker] k=5.8964 | 物理全谱(含截距) MSE=121.14 (b=0.000) | 理论正谱(纯缩放) MSE=21991.73
[Worker] k=7.0070 | 物理全谱(含截距) MSE=115.66 (b=0.000) | 理论正谱(纯缩放) MSE=22798.71
[Worker] k=6.4313 | 物理全谱(含截距) MSE=110.38 (b=0.000) | 理论正谱(纯缩放) MSE=234636.05
[Worker] k=4.1667 | 物理全谱(含截距) MSE=36.78 (b=0.000) | 理论正谱(纯缩放) MSE=1463.06
[Worker] k=8.7299 | 物理全谱(含截距) MSE=30.62 (b=0.000) | 理论正谱(纯缩放) MSE=752.13
[Worker] k=4.2901 | 物理全谱(含截距) MSE=26.54 (b=-0.000) | 理论正谱(纯缩放) MSE=978.96
[Worker] k=9.9350 | 物理全谱(含截距) MSE=89.80 (b=0.000) | 理论正谱(纯缩放) MSE=21901.96
[Worker] k=8.4756 | 物理全谱(含截距) MSE=77.49 (b=-0.000) | 理论正谱(纯缩放) MSE=4832.59
differential_evolution step 4: f(x)= 12.006087294038593
[Worker] k=8.7559 | 物理全谱(含截距) MSE=52.12 (b=-0.000) | 理论正谱(纯缩放) MSE=52.45
[Worker] k=7.3525 | 物理全谱(含截距) MSE=80.06 (b=0.000) | 理论正谱(纯缩放) MSE=196.27
[Worker] k=9.2241 | 物理全谱(含截距) MSE=42.25 (b=-0.000) | 理论正谱(纯缩放) MSE=83.15
[Worker] k=9.7574 | 物理全谱(含截距) MSE=34.00 (b=0.000) | 理论正谱(纯缩放) MSE=5149.37
[Worker] k=5.5256 | 物理全谱(含截距) MSE=19.77 (b=0.000) | 理论正谱(纯缩放) MSE=603.60
[Worker] k=5.8332 | 物理全谱(含截距) MSE=86.45 (b=0.000) | 理论正谱(纯缩放) MSE=1267.96
[Worker] k=4.6092 | 物理全谱(含截距) MSE=56.85 (b=0.000) | 理论正谱(纯缩放) MSE=398.79
[Worker] k=6.7917 | 物理全谱(含截距) MSE=82.47 (b=0.000) | 理论正谱(纯缩放) MSE=13517.19
[Worker] k=6.8794 | 物理全谱(含截距) MSE=61.49 (b=0.000) | 理论正谱(纯缩放) MSE=280.40
[Worker] k=5.1286 | 物理全谱(含截距) MSE=111.10 (b=0.000) | 理论正谱(纯缩放) MSE=106834.30
[Worker] k=8.4744 | 物理全谱(含截距) MSE=76.40 (b=0.000) | 理论正谱(纯缩放) MSE=2406395.61
[Worker] k=4.9925 | 物理全谱(含截距) MSE=62.98 (b=0.000) | 理论正谱(纯缩放) MSE=852.15
[Worker] k=7.6054 | 物理全谱(含截距) MSE=26.20 (b=-0.000) | 理论正谱(纯缩放) MSE=44382.47
[Worker] k=6.9642 | 物理全谱(含截距) MSE=24.69 (b=-0.000) | 理论正谱(纯缩放) MSE=48683.76
[Worker] k=5.0696 | 物理全谱(含截距) MSE=65.83 (b=-0.000) | 理论正谱(纯缩放) MSE=99473.91
[Worker] k=8.4357 | 物理全谱(含截距) MSE=145.35 (b=0.000) | 理论正谱(纯缩放) MSE=73203.73
[Worker] k=4.2950 | 物理全谱(含截距) MSE=34.68 (b=0.000) | 理论正谱(纯缩放) MSE=443.84
[Worker] k=8.7272 | 物理全谱(含截距) MSE=34.36 (b=-0.000) | 理论正谱(纯缩放) MSE=128692.14
[Worker] k=4.2577 | 物理全谱(含截距) MSE=48.76 (b=0.000) | 理论正谱(纯缩放) MSE=69731.19
[Worker] k=6.1172 | 物理全谱(含截距) MSE=60.22 (b=0.000) | 理论正谱(纯缩放) MSE=364076.44
[Worker] k=4.3120 | 物理全谱(含截距) MSE=68.42 (b=0.000) | 理论正谱(纯缩放) MSE=1544.94
[Worker] k=5.4150 | 物理全谱(含截距) MSE=35.74 (b=-0.000) | 理论正谱(纯缩放) MSE=1054.48
[Worker] k=5.2288 | 物理全谱(含截距) MSE=81.01 (b=0.000) | 理论正谱(纯缩放) MSE=6871.27
[Worker] k=7.7862 | 物理全谱(含截距) MSE=102.92 (b=0.000) | 理论正谱(纯缩放) MSE=7878.19
[Worker] k=9.2501 | 物理全谱(含截距) MSE=103.91 (b=0.000) | 理论正谱(纯缩放) MSE=1784.69
[Worker] k=2.2881 | 物理全谱(含截距) MSE=62.48 (b=0.000) | 理论正谱(纯缩放) MSE=218390.02
[Worker] k=6.0219 | 物理全谱(含截距) MSE=103.17 (b=0.000) | 理论正谱(纯缩放) MSE=173.81
[Worker] k=7.8158 | 物理全谱(含截距) MSE=85.68 (b=0.000) | 理论正谱(纯缩放) MSE=40394.42
[Worker] k=6.9500 | 物理全谱(含截距) MSE=82.95 (b=0.000) | 理论正谱(纯缩放) MSE=1462.28
[Worker] k=2.5744 | 物理全谱(含截距) MSE=99.06 (b=0.000) | 理论正谱(纯缩放) MSE=407.00
[Worker] k=6.4627 | 物理全谱(含截距) MSE=48.18 (b=0.000) | 理论正谱(纯缩放) MSE=403.77
[Worker] k=9.1194 | 物理全谱(含截距) MSE=76.96 (b=0.000) | 理论正谱(纯缩放) MSE=1567.11
[Worker] k=5.8327 | 物理全谱(含截距) MSE=50.60 (b=0.000) | 理论正谱(纯缩放) MSE=358142.12
[Worker] k=8.8478 | 物理全谱(含截距) MSE=88.10 (b=0.000) | 理论正谱(纯缩放) MSE=182.13
[Worker] k=8.4531 | 物理全谱(含截距) MSE=98.13 (b=0.000) | 理论正谱(纯缩放) MSE=19944.49
[Worker] k=8.4978 | 物理全谱(含截距) MSE=58.98 (b=0.000) | 理论正谱(纯缩放) MSE=2947.93
[Worker] k=8.0423 | 物理全谱(含截距) MSE=80.56 (b=0.000) | 理论正谱(纯缩放) MSE=1756.73
[Worker] k=8.3109 | 物理全谱(含截距) MSE=105.15 (b=0.000) | 理论正谱(纯缩放) MSE=1393.32
[Worker] k=3.6099 | 物理全谱(含截距) MSE=152.57 (b=-0.000) | 理论正谱(纯缩放) MSE=3579.91
[Worker] k=3.4058 | 物理全谱(含截距) MSE=50.02 (b=0.000) | 理论正谱(纯缩放) MSE=699.49
[Worker] k=6.2603 | 物理全谱(含截距) MSE=121.01 (b=0.000) | 理论正谱(纯缩放) MSE=492.07
[Worker] k=9.1456 | 物理全谱(含截距) MSE=31.81 (b=0.000) | 理论正谱(纯缩放) MSE=7232.28
[Worker] k=9.3490 | 物理全谱(含截距) MSE=52.92 (b=0.000) | 理论正谱(纯缩放) MSE=124.46
[Worker] k=9.6831 | 物理全谱(含截距) MSE=131.02 (b=0.000) | 理论正谱(纯缩放) MSE=10829924.64
[Worker] k=3.3466 | 物理全谱(含截距) MSE=76.21 (b=0.000) | 理论正谱(纯缩放) MSE=87.81
[Worker] k=3.6944 | 物理全谱(含截距) MSE=103.58 (b=0.000) | 理论正谱(纯缩放) MSE=389416.24
[Worker] k=6.5996 | 物理全谱(含截距) MSE=62.65 (b=0.000) | 理论正谱(纯缩放) MSE=17278.97
[Worker] k=6.3917 | 物理全谱(含截距) MSE=84.04 (b=0.000) | 理论正谱(纯缩放) MSE=11709.29
[Worker] k=8.5990 | 物理全谱(含截距) MSE=15.92 (b=0.000) | 理论正谱(纯缩放) MSE=369.59
[Worker] k=4.3333 | 物理全谱(含截距) MSE=116.54 (b=0.000) | 理论正谱(纯缩放) MSE=6331.32
[Worker] k=3.4109 | 物理全谱(含截距) MSE=71.66 (b=0.000) | 理论正谱(纯缩放) MSE=194.13
[Worker] k=5.0500 | 物理全谱(含截距) MSE=42.06 (b=0.000) | 理论正谱(纯缩放) MSE=40698.94
[Worker] k=7.2082 | 物理全谱(含截距) MSE=30.09 (b=0.000) | 理论正谱(纯缩放) MSE=7155.23
[Worker] k=6.6136 | 物理全谱(含截距) MSE=80.27 (b=0.000) | 理论正谱(纯缩放) MSE=1202.82
[Worker] k=6.8383 | 物理全谱(含截距) MSE=110.66 (b=0.000) | 理论正谱(纯缩放) MSE=2597.56
[Worker] k=9.5217 | 物理全谱(含截距) MSE=52.89 (b=0.000) | 理论正谱(纯缩放) MSE=2061.28
[Worker] k=7.4946 | 物理全谱(含截距) MSE=39.54 (b=-0.000) | 理论正谱(纯缩放) MSE=784.48
[Worker] k=6.8129 | 物理全谱(含截距) MSE=69.62 (b=0.000) | 理论正谱(纯缩放) MSE=6051.96
[Worker] k=5.6848 | 物理全谱(含截距) MSE=59.44 (b=0.000) | 理论正谱(纯缩放) MSE=1381.32
[Worker] k=6.5462 | 物理全谱(含截距) MSE=52.14 (b=-0.000) | 理论正谱(纯缩放) MSE=79231.97
[Worker] k=4.6289 | 物理全谱(含截距) MSE=55.94 (b=0.000) | 理论正谱(纯缩放) MSE=2448.02
[Worker] k=6.8726 | 物理全谱(含截距) MSE=16.51 (b=0.000) | 理论正谱(纯缩放) MSE=138120.53
[Worker] k=7.3154 | 物理全谱(含截距) MSE=39.60 (b=-0.000) | 理论正谱(纯缩放) MSE=4695.70
[Worker] k=9.9753 | 物理全谱(含截距) MSE=34.75 (b=-0.000) | 理论正谱(纯缩放) MSE=809.24
[Worker] k=9.5283 | 物理全谱(含截距) MSE=31.90 (b=0.000) | 理论正谱(纯缩放) MSE=422.74
[Worker] k=6.7010 | 物理全谱(含截距) MSE=91.36 (b=0.000) | 理论正谱(纯缩放) MSE=12960.47
[Worker] k=7.7887 | 物理全谱(含截距) MSE=95.91 (b=0.000) | 理论正谱(纯缩放) MSE=104.52
[Worker] k=7.7162 | 物理全谱(含截距) MSE=55.97 (b=0.000) | 理论正谱(纯缩放) MSE=9392.18
[Worker] k=9.2231 | 物理全谱(含截距) MSE=60.91 (b=0.000) | 理论正谱(纯缩放) MSE=28529.88
[Worker] k=9.5030 | 物理全谱(含截距) MSE=68.12 (b=0.000) | 理论正谱(纯缩放) MSE=3458.76
[Worker] k=8.4875 | 物理全谱(含截距) MSE=37.28 (b=0.000) | 理论正谱(纯缩放) MSE=44407.10
[Worker] k=8.5768 | 物理全谱(含截距) MSE=82.75 (b=-0.000) | 理论正谱(纯缩放) MSE=9637.36
[Worker] k=8.8843 | 物理全谱(含截距) MSE=85.22 (b=-0.000) | 理论正谱(纯缩放) MSE=86.40
[Worker] k=7.0161 | 物理全谱(含截距) MSE=29.43 (b=0.000) | 理论正谱(纯缩放) MSE=85077.91
[Worker] k=8.5310 | 物理全谱(含截距) MSE=143.65 (b=0.000) | 理论正谱(纯缩放) MSE=338605.36
[Worker] k=9.2153 | 物理全谱(含截距) MSE=32.30 (b=0.000) | 理论正谱(纯缩放) MSE=2901.84
[Worker] k=7.2488 | 物理全谱(含截距) MSE=67.42 (b=0.000) | 理论正谱(纯缩放) MSE=2576.32
[Worker] k=7.9230 | 物理全谱(含截距) MSE=12.39 (b=0.000) | 理论正谱(纯缩放) MSE=831.10
[Worker] k=8.1289 | 物理全谱(含截距) MSE=15.96 (b=0.000) | 理论正谱(纯缩放) MSE=5404.53
[Worker] k=7.4175 | 物理全谱(含截距) MSE=54.34 (b=0.000) | 理论正谱(纯缩放) MSE=14479.96
[Worker] k=9.0957 | 物理全谱(含截距) MSE=83.75 (b=0.000) | 理论正谱(纯缩放) MSE=64761.98
[Worker] k=3.0356 | 物理全谱(含截距) MSE=81.83 (b=0.000) | 理论正谱(纯缩放) MSE=611.58
[Worker] k=6.5781 | 物理全谱(含截距) MSE=92.50 (b=0.000) | 理论正谱(纯缩放) MSE=14224.08
[Worker] k=7.0716 | 物理全谱(含截距) MSE=37.85 (b=0.000) | 理论正谱(纯缩放) MSE=16920.18
[Worker] k=9.4680 | 物理全谱(含截距) MSE=36.79 (b=0.000) | 理论正谱(纯缩放) MSE=57083.47
[Worker] k=7.5781 | 物理全谱(含截距) MSE=82.51 (b=0.000) | 理论正谱(纯缩放) MSE=51479.15
[Worker] k=7.2713 | 物理全谱(含截距) MSE=119.95 (b=0.000) | 理论正谱(纯缩放) MSE=1395047.46
[Worker] k=5.0702 | 物理全谱(含截距) MSE=100.24 (b=0.000) | 理论正谱(纯缩放) MSE=22457.96
[Worker] k=6.3610 | 物理全谱(含截距) MSE=51.39 (b=0.000) | 理论正谱(纯缩放) MSE=269.18
[Worker] k=7.3163 | 物理全谱(含截距) MSE=152.76 (b=0.000) | 理论正谱(纯缩放) MSE=107402.27
[Worker] k=8.8452 | 物理全谱(含截距) MSE=28.03 (b=0.000) | 理论正谱(纯缩放) MSE=67.56
[Worker] k=6.8847 | 物理全谱(含截距) MSE=69.45 (b=0.000) | 理论正谱(纯缩放) MSE=7208.51
[Worker] k=9.8553 | 物理全谱(含截距) MSE=95.03 (b=0.000) | 理论正谱(纯缩放) MSE=2080.76
[Worker] k=5.0931 | 物理全谱(含截距) MSE=94.41 (b=0.000) | 理论正谱(纯缩放) MSE=180895.36
[Worker] k=3.6390 | 物理全谱(含截距) MSE=50.17 (b=0.000) | 理论正谱(纯缩放) MSE=1193779.04
[Worker] k=6.1564 | 物理全谱(含截距) MSE=43.61 (b=0.000) | 理论正谱(纯缩放) MSE=195.69
[Worker] k=8.6752 | 物理全谱(含截距) MSE=80.75 (b=0.000) | 理论正谱(纯缩放) MSE=5897.26
[Worker] k=7.2444 | 物理全谱(含截距) MSE=44.97 (b=0.000) | 理论正谱(纯缩放) MSE=212.66
[Worker] k=5.7336 | 物理全谱(含截距) MSE=56.89 (b=0.000) | 理论正谱(纯缩放) MSE=243.46
[Worker] k=9.6763 | 物理全谱(含截距) MSE=43.51 (b=0.000) | 理论正谱(纯缩放) MSE=49.34
[Worker] k=5.9007 | 物理全谱(含截距) MSE=101.68 (b=0.000) | 理论正谱(纯缩放) MSE=16304.45
[Worker] k=8.8909 | 物理全谱(含截距) MSE=123.09 (b=0.000) | 理论正谱(纯缩放) MSE=5845.84
[Worker] k=2.9580 | 物理全谱(含截距) MSE=53.49 (b=-0.000) | 理论正谱(纯缩放) MSE=42964.40
[Worker] k=3.7573 | 物理全谱(含截距) MSE=99.60 (b=0.000) | 理论正谱(纯缩放) MSE=99.78
[Worker] k=5.9537 | 物理全谱(含截距) MSE=63.01 (b=0.000) | 理论正谱(纯缩放) MSE=1522.91
[Worker] k=7.5879 | 物理全谱(含截距) MSE=123.14 (b=-0.000) | 理论正谱(纯缩放) MSE=11418.87
[Worker] k=8.3017 | 物理全谱(含截距) MSE=141.80 (b=0.000) | 理论正谱(纯缩放) MSE=341.53
[Worker] k=8.6737 | 物理全谱(含截距) MSE=53.31 (b=0.000) | 理论正谱(纯缩放) MSE=180098.20
[Worker] k=9.4190 | 物理全谱(含截距) MSE=48.84 (b=0.000) | 理论正谱(纯缩放) MSE=234.70
[Worker] k=9.8571 | 物理全谱(含截距) MSE=104.31 (b=0.000) | 理论正谱(纯缩放) MSE=469263.98
[Worker] k=8.2791 | 物理全谱(含截距) MSE=21.94 (b=0.000) | 理论正谱(纯缩放) MSE=49165.70
[Worker] k=7.9886 | 物理全谱(含截距) MSE=63.71 (b=0.000) | 理论正谱(纯缩放) MSE=12330.30
[Worker] k=7.2824 | 物理全谱(含截距) MSE=106.39 (b=0.000) | 理论正谱(纯缩放) MSE=25927.07
[Worker] k=7.2810 | 物理全谱(含截距) MSE=71.09 (b=0.000) | 理论正谱(纯缩放) MSE=50808.64
[Worker] k=4.9102 | 物理全谱(含截距) MSE=109.57 (b=0.000) | 理论正谱(纯缩放) MSE=27383.31
[Worker] k=6.1787 | 物理全谱(含截距) MSE=46.46 (b=0.000) | 理论正谱(纯缩放) MSE=106.13
[Worker] k=7.9021 | 物理全谱(含截距) MSE=32.72 (b=0.000) | 理论正谱(纯缩放) MSE=698944.39
[Worker] k=6.5467 | 物理全谱(含截距) MSE=17.33 (b=0.000) | 理论正谱(纯缩放) MSE=10926.76
[Worker] k=6.8378 | 物理全谱(含截距) MSE=36.97 (b=0.000) | 理论正谱(纯缩放) MSE=1692.37
[Worker] k=8.2906 | 物理全谱(含截距) MSE=58.93 (b=0.000) | 理论正谱(纯缩放) MSE=1539.43
[Worker] k=6.8606 | 物理全谱(含截距) MSE=102.96 (b=0.000) | 理论正谱(纯缩放) MSE=28388.15
[Worker] k=5.3917 | 物理全谱(含截距) MSE=49.66 (b=0.000) | 理论正谱(纯缩放) MSE=466.25
[Worker] k=8.3087 | 物理全谱(含截距) MSE=77.37 (b=0.000) | 理论正谱(纯缩放) MSE=1754.11
[Worker] k=6.4072 | 物理全谱(含截距) MSE=69.71 (b=0.000) | 理论正谱(纯缩放) MSE=9292.20
[Worker] k=8.4574 | 物理全谱(含截距) MSE=55.21 (b=-0.000) | 理论正谱(纯缩放) MSE=34844.13
[Worker] k=8.3319 | 物理全谱(含截距) MSE=43.42 (b=0.000) | 理论正谱(纯缩放) MSE=56146.97
[Worker] k=5.0256 | 物理全谱(含截距) MSE=62.29 (b=0.000) | 理论正谱(纯缩放) MSE=626.84
[Worker] k=5.8289 | 物理全谱(含截距) MSE=94.29 (b=-0.000) | 理论正谱(纯缩放) MSE=22062.39
[Worker] k=9.1343 | 物理全谱(含截距) MSE=82.59 (b=0.000) | 理论正谱(纯缩放) MSE=6412.14
[Worker] k=5.2851 | 物理全谱(含截距) MSE=55.79 (b=0.000) | 理论正谱(纯缩放) MSE=7418.90
[Worker] k=8.0373 | 物理全谱(含截距) MSE=63.13 (b=0.000) | 理论正谱(纯缩放) MSE=3067.04
[Worker] k=9.2877 | 物理全谱(含截距) MSE=73.79 (b=0.000) | 理论正谱(纯缩放) MSE=424.72
[Worker] k=8.2708 | 物理全谱(含截距) MSE=94.40 (b=0.000) | 理论正谱(纯缩放) MSE=2694.92
[Worker] k=9.6986 | 物理全谱(含截距) MSE=97.20 (b=0.000) | 理论正谱(纯缩放) MSE=317433.64
[Worker] k=9.9959 | 物理全谱(含截距) MSE=25.54 (b=-0.000) | 理论正谱(纯缩放) MSE=1451.70
[Worker] k=7.1307 | 物理全谱(含截距) MSE=37.40 (b=0.000) | 理论正谱(纯缩放) MSE=7103.69
[Worker] k=8.4743 | 物理全谱(含截距) MSE=88.14 (b=0.000) | 理论正谱(纯缩放) MSE=2675.46
[Worker] k=3.5429 | 物理全谱(含截距) MSE=57.99 (b=0.000) | 理论正谱(纯缩放) MSE=1664.39
[Worker] k=5.9003 | 物理全谱(含截距) MSE=57.47 (b=0.000) | 理论正谱(纯缩放) MSE=232.15
[Worker] k=2.8203 | 物理全谱(含截距) MSE=92.07 (b=0.000) | 理论正谱(纯缩放) MSE=594.67
[Worker] k=9.9492 | 物理全谱(含截距) MSE=65.45 (b=0.000) | 理论正谱(纯缩放) MSE=609751.46
[Worker] k=9.2243 | 物理全谱(含截距) MSE=61.70 (b=-0.000) | 理论正谱(纯缩放) MSE=231.99
[Worker] k=8.2473 | 物理全谱(含截距) MSE=84.08 (b=0.000) | 理论正谱(纯缩放) MSE=206018.43
[Worker] k=7.3402 | 物理全谱(含截距) MSE=154.25 (b=-0.000) | 理论正谱(纯缩放) MSE=5329.98
[Worker] k=5.6177 | 物理全谱(含截距) MSE=83.37 (b=-0.000) | 理论正谱(纯缩放) MSE=2158.87
[Worker] k=7.4180 | 物理全谱(含截距) MSE=112.94 (b=-0.000) | 理论正谱(纯缩放) MSE=101096.17
[Worker] k=9.2951 | 物理全谱(含截距) MSE=49.36 (b=0.000) | 理论正谱(纯缩放) MSE=4740.77
[Worker] k=4.7836 | 物理全谱(含截距) MSE=39.71 (b=0.000) | 理论正谱(纯缩放) MSE=467.04
[Worker] k=5.2924 | 物理全谱(含截距) MSE=72.86 (b=0.000) | 理论正谱(纯缩放) MSE=59684.91
[Worker] k=5.1533 | 物理全谱(含截距) MSE=38.66 (b=0.000) | 理论正谱(纯缩放) MSE=66.11
[Worker] k=4.5119 | 物理全谱(含截距) MSE=125.82 (b=0.000) | 理论正谱(纯缩放) MSE=127.44
[Worker] k=7.4933 | 物理全谱(含截距) MSE=111.68 (b=0.000) | 理论正谱(纯缩放) MSE=3432.53
[Worker] k=9.1313 | 物理全谱(含截距) MSE=30.26 (b=0.000) | 理论正谱(纯缩放) MSE=1745.48
[Worker] k=9.6047 | 物理全谱(含截距) MSE=45.18 (b=-0.000) | 理论正谱(纯缩放) MSE=5328.45
[Worker] k=7.9513 | 物理全谱(含截距) MSE=80.04 (b=0.000) | 理论正谱(纯缩放) MSE=1256963.29
[Worker] k=9.9538 | 物理全谱(含截距) MSE=40.35 (b=-0.000) | 理论正谱(纯缩放) MSE=163862.99
[Worker] k=4.7860 | 物理全谱(含截距) MSE=86.01 (b=-0.000) | 理论正谱(纯缩放) MSE=14584.57
[Worker] k=7.0722 | 物理全谱(含截距) MSE=51.02 (b=0.000) | 理论正谱(纯缩放) MSE=19820.55
[Worker] k=4.7226 | 物理全谱(含截距) MSE=62.77 (b=0.000) | 理论正谱(纯缩放) MSE=1351.80
[Worker] k=6.0214 | 物理全谱(含截距) MSE=51.27 (b=0.000) | 理论正谱(纯缩放) MSE=1732.50
[Worker] k=7.0109 | 物理全谱(含截距) MSE=46.53 (b=0.000) | 理论正谱(纯缩放) MSE=1883.14
[Worker] k=9.1313 | 物理全谱(含截距) MSE=30.26 (b=0.000) | 理论正谱(纯缩放) MSE=1745.48
[Worker] k=8.1215 | 物理全谱(含截距) MSE=71.76 (b=0.000) | 理论正谱(纯缩放) MSE=5873.58
[Worker] k=5.1591 | 物理全谱(含截距) MSE=98.86 (b=0.000) | 理论正谱(纯缩放) MSE=1742.01
[Worker] k=5.9328 | 物理全谱(含截距) MSE=48.42 (b=0.000) | 理论正谱(纯缩放) MSE=17185.10
[Worker] k=2.4579 | 物理全谱(含截距) MSE=87.00 (b=0.000) | 理论正谱(纯缩放) MSE=136.86
[Worker] k=9.8082 | 物理全谱(含截距) MSE=104.07 (b=0.000) | 理论正谱(纯缩放) MSE=19707.79
[Worker] k=6.4212 | 物理全谱(含截距) MSE=58.24 (b=0.000) | 理论正谱(纯缩放) MSE=8519.22
[Worker] k=4.8512 | 物理全谱(含截距) MSE=135.77 (b=0.000) | 理论正谱(纯缩放) MSE=27934.53
[Worker] k=3.6355 | 物理全谱(含截距) MSE=69.28 (b=-0.000) | 理论正谱(纯缩放) MSE=1534.13
[Worker] k=9.1281 | 物理全谱(含截距) MSE=54.87 (b=-0.000) | 理论正谱(纯缩放) MSE=10886.84
[Worker] k=6.6147 | 物理全谱(含截距) MSE=113.32 (b=0.000) | 理论正谱(纯缩放) MSE=16423.33
[Worker] k=5.1634 | 物理全谱(含截距) MSE=54.80 (b=0.000) | 理论正谱(纯缩放) MSE=1290.47
[Worker] k=4.1434 | 物理全谱(含截距) MSE=50.23 (b=0.000) | 理论正谱(纯缩放) MSE=891.48
[Worker] k=3.8939 | 物理全谱(含截距) MSE=46.19 (b=0.000) | 理论正谱(纯缩放) MSE=1041082.41
[Worker] k=3.6542 | 物理全谱(含截距) MSE=35.90 (b=-0.000) | 理论正谱(纯缩放) MSE=572.36
[Worker] k=8.9032 | 物理全谱(含截距) MSE=37.25 (b=0.000) | 理论正谱(纯缩放) MSE=77.02
[Worker] k=8.5351 | 物理全谱(含截距) MSE=37.39 (b=-0.000) | 理论正谱(纯缩放) MSE=35094.00
[Worker] k=6.8219 | 物理全谱(含截距) MSE=50.75 (b=0.000) | 理论正谱(纯缩放) MSE=2369673.22
[Worker] k=8.0196 | 物理全谱(含截距) MSE=43.99 (b=0.000) | 理论正谱(纯缩放) MSE=83.86
[Worker] k=5.7649 | 物理全谱(含截距) MSE=68.01 (b=0.000) | 理论正谱(纯缩放) MSE=8577.50
[Worker] k=8.0249 | 物理全谱(含截距) MSE=55.15 (b=0.000) | 理论正谱(纯缩放) MSE=24018.17
[Worker] k=8.3886 | 物理全谱(含截距) MSE=73.40 (b=-0.000) | 理论正谱(纯缩放) MSE=8671.70
[Worker] k=4.6583 | 物理全谱(含截距) MSE=49.79 (b=0.000) | 理论正谱(纯缩放) MSE=650.78
[Worker] k=8.5981 | 物理全谱(含截距) MSE=54.92 (b=0.000) | 理论正谱(纯缩放) MSE=17899.08
[Worker] k=8.6168 | 物理全谱(含截距) MSE=40.56 (b=-0.000) | 理论正谱(纯缩放) MSE=2124.07
[Worker] k=8.6131 | 物理全谱(含截距) MSE=64.52 (b=0.000) | 理论正谱(纯缩放) MSE=166708.96
[Worker] k=7.6629 | 物理全谱(含截距) MSE=34.91 (b=0.000) | 理论正谱(纯缩放) MSE=106086.28
[Worker] k=7.3514 | 物理全谱(含截距) MSE=41.40 (b=0.000) | 理论正谱(纯缩放) MSE=895.92
[Worker] k=6.2737 | 物理全谱(含截距) MSE=58.73 (b=0.000) | 理论正谱(纯缩放) MSE=53943.56
[Worker] k=4.4741 | 物理全谱(含截距) MSE=97.90 (b=0.000) | 理论正谱(纯缩放) MSE=1172033.33
[Worker] k=3.9900 | 物理全谱(含截距) MSE=50.75 (b=0.000) | 理论正谱(纯缩放) MSE=1447.80
[Worker] k=9.3658 | 物理全谱(含截距) MSE=43.96 (b=0.000) | 理论正谱(纯缩放) MSE=240989.61
[Worker] k=7.8270 | 物理全谱(含截距) MSE=43.28 (b=0.000) | 理论正谱(纯缩放) MSE=232563.15
[Worker] k=5.3260 | 物理全谱(含截距) MSE=32.41 (b=0.000) | 理论正谱(纯缩放) MSE=33.45
[Worker] k=9.1669 | 物理全谱(含截距) MSE=157.87 (b=0.000) | 理论正谱(纯缩放) MSE=138096.20
[Worker] k=6.6805 | 物理全谱(含截距) MSE=128.54 (b=0.000) | 理论正谱(纯缩放) MSE=5338.32
[Worker] k=6.7252 | 物理全谱(含截距) MSE=56.41 (b=-0.000) | 理论正谱(纯缩放) MSE=1024640.55
[Worker] k=7.6380 | 物理全谱(含截距) MSE=51.24 (b=0.000) | 理论正谱(纯缩放) MSE=73.69
[Worker] k=8.7413 | 物理全谱(含截距) MSE=89.26 (b=0.000) | 理论正谱(纯缩放) MSE=23593.52
[Worker] k=3.3089 | 物理全谱(含截距) MSE=101.29 (b=0.000) | 理论正谱(纯缩放) MSE=18224.12
[Worker] k=7.6464 | 物理全谱(含截距) MSE=51.20 (b=0.000) | 理论正谱(纯缩放) MSE=500.41
[Worker] k=8.6001 | 物理全谱(含截距) MSE=41.18 (b=0.000) | 理论正谱(纯缩放) MSE=673.42
[Worker] k=8.5354 | 物理全谱(含截距) MSE=41.94 (b=0.000) | 理论正谱(纯缩放) MSE=734.83
[Worker] k=9.7333 | 物理全谱(含截距) MSE=83.35 (b=0.000) | 理论正谱(纯缩放) MSE=32666.86
[Worker] k=8.4629 | 物理全谱(含截距) MSE=72.11 (b=0.000) | 理论正谱(纯缩放) MSE=38206.93
[Worker] k=9.9327 | 物理全谱(含截距) MSE=44.58 (b=0.000) | 理论正谱(纯缩放) MSE=102.80
[Worker] k=4.2643 | 物理全谱(含截距) MSE=68.56 (b=0.000) | 理论正谱(纯缩放) MSE=373.44
[Worker] k=9.4882 | 物理全谱(含截距) MSE=155.83 (b=0.000) | 理论正谱(纯缩放) MSE=65357.49[Worker] k=4.5967 | 物理全谱(含截距) MSE=77.92 (b=0.000) | 理论正谱(纯缩放) MSE=22153.71

[Worker] k=6.8749 | 物理全谱(含截距) MSE=81.74 (b=-0.000) | 理论正谱(纯缩放) MSE=23731.30
[Worker] k=5.5571 | 物理全谱(含截距) MSE=78.19 (b=0.000) | 理论正谱(纯缩放) MSE=2194.53
[Worker] k=6.9575 | 物理全谱(含截距) MSE=30.09 (b=0.000) | 理论正谱(纯缩放) MSE=2612.21[Worker] k=9.6240 | 物理全谱(含截距) MSE=74.17 (b=0.000) | 理论正谱(纯缩放) MSE=208.32

[Worker] k=3.9312 | 物理全谱(含截距) MSE=59.02 (b=0.000) | 理论正谱(纯缩放) MSE=69901.13
[Worker] k=9.3240 | 物理全谱(含截距) MSE=30.15 (b=0.000) | 理论正谱(纯缩放) MSE=21191.91
[Worker] k=8.1401 | 物理全谱(含截距) MSE=47.10 (b=0.000) | 理论正谱(纯缩放) MSE=9437.43
[Worker] k=4.4457 | 物理全谱(含截距) MSE=78.42 (b=0.000) | 理论正谱(纯缩放) MSE=827.25
[Worker] k=6.7650 | 物理全谱(含截距) MSE=62.25 (b=0.000) | 理论正谱(纯缩放) MSE=3039.79
[Worker] k=6.5693 | 物理全谱(含截距) MSE=65.68 (b=0.000) | 理论正谱(纯缩放) MSE=2558.68
[Worker] k=2.0136 | 物理全谱(含截距) MSE=84.74 (b=0.000) | 理论正谱(纯缩放) MSE=7268.86
[Worker] k=5.8717 | 物理全谱(含截距) MSE=67.54 (b=0.000) | 理论正谱(纯缩放) MSE=144.42
[Worker] k=4.4237 | 物理全谱(含截距) MSE=77.20 (b=0.000) | 理论正谱(纯缩放) MSE=307.85
[Worker] k=7.5542 | 物理全谱(含截距) MSE=75.22 (b=0.000) | 理论正谱(纯缩放) MSE=232272.31
[Worker] k=5.0029 | 物理全谱(含截距) MSE=21.40 (b=0.000) | 理论正谱(纯缩放) MSE=25.78
[Worker] k=9.1816 | 物理全谱(含截距) MSE=82.47 (b=0.000) | 理论正谱(纯缩放) MSE=50575.07
[Worker] k=5.2197 | 物理全谱(含截距) MSE=37.88 (b=0.000) | 理论正谱(纯缩放) MSE=69.58
[Worker] k=5.8320 | 物理全谱(含截距) MSE=130.13 (b=0.000) | 理论正谱(纯缩放) MSE=62110.00
[Worker] k=3.6926 | 物理全谱(含截距) MSE=111.07 (b=0.000) | 理论正谱(纯缩放) MSE=711.26
[Worker] k=7.5452 | 物理全谱(含截距) MSE=115.06 (b=0.000) | 理论正谱(纯缩放) MSE=358743.36
[Worker] k=4.2094 | 物理全谱(含截距) MSE=54.66 (b=0.000) | 理论正谱(纯缩放) MSE=749.67
[Worker] k=8.6173 | 物理全谱(含截距) MSE=91.56 (b=0.000) | 理论正谱(纯缩放) MSE=49918.49
[Worker] k=6.9449 | 物理全谱(含截距) MSE=41.18 (b=0.000) | 理论正谱(纯缩放) MSE=291678.33
[Worker] k=5.3079 | 物理全谱(含截距) MSE=88.52 (b=0.000) | 理论正谱(纯缩放) MSE=2076.15
[Worker] k=8.6979 | 物理全谱(含截距) MSE=104.18 (b=0.000) | 理论正谱(纯缩放) MSE=35116.31
[Worker] k=9.2528 | 物理全谱(含截距) MSE=74.96 (b=0.000) | 理论正谱(纯缩放) MSE=890.70
[Worker] k=7.8243 | 物理全谱(含截距) MSE=60.24 (b=0.000) | 理论正谱(纯缩放) MSE=976.18
[Worker] k=6.8288 | 物理全谱(含截距) MSE=132.63 (b=-0.000) | 理论正谱(纯缩放) MSE=6178.48
[Worker] k=6.6332 | 物理全谱(含截距) MSE=80.92 (b=0.000) | 理论正谱(纯缩放) MSE=27519.55
[Worker] k=8.4082 | 物理全谱(含截距) MSE=42.39 (b=0.000) | 理论正谱(纯缩放) MSE=174.05
[Worker] k=8.4460 | 物理全谱(含截距) MSE=101.54 (b=0.000) | 理论正谱(纯缩放) MSE=357.13
[Worker] k=6.9356 | 物理全谱(含截距) MSE=132.97 (b=0.000) | 理论正谱(纯缩放) MSE=76796.16
[Worker] k=7.7292 | 物理全谱(含截距) MSE=28.79 (b=0.000) | 理论正谱(纯缩放) MSE=51.08
[Worker] k=8.9458 | 物理全谱(含截距) MSE=20.89 (b=0.000) | 理论正谱(纯缩放) MSE=217.99
[Worker] k=9.3494 | 物理全谱(含截距) MSE=34.17 (b=0.000) | 理论正谱(纯缩放) MSE=635.97
[Worker] k=9.0014 | 物理全谱(含截距) MSE=25.60 (b=0.000) | 理论正谱(纯缩放) MSE=849787.84
[Worker] k=7.7857 | 物理全谱(含截距) MSE=54.34 (b=0.000) | 理论正谱(纯缩放) MSE=2329.22
[Worker] k=8.6045 | 物理全谱(含截距) MSE=72.39 (b=0.000) | 理论正谱(纯缩放) MSE=290.17
[Worker] k=6.6830 | 物理全谱(含截距) MSE=93.16 (b=0.000) | 理论正谱(纯缩放) MSE=182756.94
[Worker] k=9.9614 | 物理全谱(含截距) MSE=47.98 (b=0.000) | 理论正谱(纯缩放) MSE=48539.86
differential_evolution step 5: f(x)= 12.006087294038593
[Worker] k=3.9305 | 物理全谱(含截距) MSE=58.42 (b=0.000) | 理论正谱(纯缩放) MSE=181855.73
[Worker] k=6.0999 | 物理全谱(含截距) MSE=150.41 (b=0.000) | 理论正谱(纯缩放) MSE=57124.65
[Worker] k=9.5716 | 物理全谱(含截距) MSE=54.21 (b=0.000) | 理论正谱(纯缩放) MSE=70821.60
[Worker] k=7.0763 | 物理全谱(含截距) MSE=91.49 (b=0.000) | 理论正谱(纯缩放) MSE=1283.94
[Worker] k=8.8554 | 物理全谱(含截距) MSE=123.38 (b=0.000) | 理论正谱(纯缩放) MSE=8503.90
[Worker] k=6.5454 | 物理全谱(含截距) MSE=68.45 (b=0.000) | 理论正谱(纯缩放) MSE=18809.66
[Worker] k=7.2602 | 物理全谱(含截距) MSE=48.70 (b=0.000) | 理论正谱(纯缩放) MSE=69282.45
[Worker] k=9.6571 | 物理全谱(含截距) MSE=60.61 (b=0.000) | 理论正谱(纯缩放) MSE=915.36
[Worker] k=8.0325 | 物理全谱(含截距) MSE=76.29 (b=0.000) | 理论正谱(纯缩放) MSE=159243.83
[Worker] k=9.5868 | 物理全谱(含截距) MSE=35.19 (b=0.000) | 理论正谱(纯缩放) MSE=2221.23
[Worker] k=9.0128 | 物理全谱(含截距) MSE=86.93 (b=0.000) | 理论正谱(纯缩放) MSE=1214745.03
[Worker] k=8.7802 | 物理全谱(含截距) MSE=61.91 (b=-0.000) | 理论正谱(纯缩放) MSE=2236.46
[Worker] k=9.2278 | 物理全谱(含截距) MSE=85.66 (b=0.000) | 理论正谱(纯缩放) MSE=1238.41
[Worker] k=2.8956 | 物理全谱(含截距) MSE=19.62 (b=-0.000) | 理论正谱(纯缩放) MSE=407.57
[Worker] k=4.3656 | 物理全谱(含截距) MSE=54.92 (b=0.000) | 理论正谱(纯缩放) MSE=1498.57
[Worker] k=4.3438 | 物理全谱(含截距) MSE=27.24 (b=0.000) | 理论正谱(纯缩放) MSE=3820.48
[Worker] k=9.0805 | 物理全谱(含截距) MSE=102.03 (b=0.000) | 理论正谱(纯缩放) MSE=3610.53
[Worker] k=3.7482 | 物理全谱(含截距) MSE=61.65 (b=0.000) | 理论正谱(纯缩放) MSE=219391.77
[Worker] k=9.7656 | 物理全谱(含截距) MSE=63.50 (b=0.000) | 理论正谱(纯缩放) MSE=3847.43
[Worker] k=9.0776 | 物理全谱(含截距) MSE=65.10 (b=0.000) | 理论正谱(纯缩放) MSE=90.18
[Worker] k=5.4023 | 物理全谱(含截距) MSE=39.30 (b=-0.000) | 理论正谱(纯缩放) MSE=16453.78
[Worker] k=3.3160 | 物理全谱(含截距) MSE=62.33 (b=0.000) | 理论正谱(纯缩放) MSE=1027.54
[Worker] k=9.1360 | 物理全谱(含截距) MSE=60.65 (b=0.000) | 理论正谱(纯缩放) MSE=1534.68
[Worker] k=9.3047 | 物理全谱(含截距) MSE=35.30 (b=0.000) | 理论正谱(纯缩放) MSE=1182.69
[Worker] k=6.5119 | 物理全谱(含截距) MSE=53.15 (b=0.000) | 理论正谱(纯缩放) MSE=1253.00
[Worker] k=9.9331 | 物理全谱(含截距) MSE=47.43 (b=0.000) | 理论正谱(纯缩放) MSE=162707.40
[Worker] k=6.8507 | 物理全谱(含截距) MSE=113.26 (b=0.000) | 理论正谱(纯缩放) MSE=239849.74
[Worker] k=8.1914 | 物理全谱(含截距) MSE=113.63 (b=0.000) | 理论正谱(纯缩放) MSE=47482.48
[Worker] k=5.1674 | 物理全谱(含截距) MSE=78.14 (b=0.000) | 理论正谱(纯缩放) MSE=2658.17
[Worker] k=2.8432 | 物理全谱(含截距) MSE=43.48 (b=0.000) | 理论正谱(纯缩放) MSE=118.40
[Worker] k=5.9188 | 物理全谱(含截距) MSE=40.59 (b=-0.000) | 理论正谱(纯缩放) MSE=36738.42
[Worker] k=4.7077 | 物理全谱(含截距) MSE=129.65 (b=0.000) | 理论正谱(纯缩放) MSE=278.51
[Worker] k=6.3543 | 物理全谱(含截距) MSE=81.71 (b=0.000) | 理论正谱(纯缩放) MSE=8185.82
[Worker] k=6.5519 | 物理全谱(含截距) MSE=56.65 (b=0.000) | 理论正谱(纯缩放) MSE=595262.31
[Worker] k=7.4317 | 物理全谱(含截距) MSE=87.90 (b=0.000) | 理论正谱(纯缩放) MSE=4649.09
[Worker] k=7.2565 | 物理全谱(含截距) MSE=91.43 (b=0.000) | 理论正谱(纯缩放) MSE=470.83
[Worker] k=8.5311 | 物理全谱(含截距) MSE=29.27 (b=-0.000) | 理论正谱(纯缩放) MSE=1459270.41
[Worker] k=7.2069 | 物理全谱(含截距) MSE=37.45 (b=0.000) | 理论正谱(纯缩放) MSE=11400.97
[Worker] k=7.3567 | 物理全谱(含截距) MSE=116.38 (b=0.000) | 理论正谱(纯缩放) MSE=277481.00
[Worker] k=9.3394 | 物理全谱(含截距) MSE=75.37 (b=0.000) | 理论正谱(纯缩放) MSE=83.89
[Worker] k=8.3726 | 物理全谱(含截距) MSE=39.14 (b=0.000) | 理论正谱(纯缩放) MSE=118860.00
[Worker] k=8.8121 | 物理全谱(含截距) MSE=79.38 (b=-0.000) | 理论正谱(纯缩放) MSE=104.65
[Worker] k=7.3944 | 物理全谱(含截距) MSE=82.90 (b=-0.000) | 理论正谱(纯缩放) MSE=11364.20
[Worker] k=9.0197 | 物理全谱(含截距) MSE=71.35 (b=0.000) | 理论正谱(纯缩放) MSE=4098.99
[Worker] k=3.3833 | 物理全谱(含截距) MSE=100.40 (b=0.000) | 理论正谱(纯缩放) MSE=938.53
[Worker] k=9.5079 | 物理全谱(含截距) MSE=162.87 (b=-0.000) | 理论正谱(纯缩放) MSE=162.87
[Worker] k=4.0133 | 物理全谱(含截距) MSE=50.40 (b=0.000) | 理论正谱(纯缩放) MSE=120.77
[Worker] k=8.8742 | 物理全谱(含截距) MSE=77.48 (b=0.000) | 理论正谱(纯缩放) MSE=34943.04
[Worker] k=8.5702 | 物理全谱(含截距) MSE=34.44 (b=0.000) | 理论正谱(纯缩放) MSE=37.27
[Worker] k=5.2483 | 物理全谱(含截距) MSE=122.73 (b=0.000) | 理论正谱(纯缩放) MSE=1249.29
[Worker] k=6.6350 | 物理全谱(含截距) MSE=61.42 (b=-0.000) | 理论正谱(纯缩放) MSE=866.64
[Worker] k=5.9363 | 物理全谱(含截距) MSE=53.72 (b=-0.000) | 理论正谱(纯缩放) MSE=1742.38
[Worker] k=7.4931 | 物理全谱(含截距) MSE=88.93 (b=0.000) | 理论正谱(纯缩放) MSE=2931.44
[Worker] k=3.5635 | 物理全谱(含截距) MSE=95.34 (b=-0.000) | 理论正谱(纯缩放) MSE=7904.05
[Worker] k=5.1020 | 物理全谱(含截距) MSE=129.23 (b=-0.000) | 理论正谱(纯缩放) MSE=215758.59
[Worker] k=5.5670 | 物理全谱(含截距) MSE=46.29 (b=0.000) | 理论正谱(纯缩放) MSE=440.57
[Worker] k=5.4688 | 物理全谱(含截距) MSE=55.61 (b=-0.000) | 理论正谱(纯缩放) MSE=1366.20
[Worker] k=9.2869 | 物理全谱(含截距) MSE=119.56 (b=0.000) | 理论正谱(纯缩放) MSE=112209.63
[Worker] k=6.1326 | 物理全谱(含截距) MSE=102.34 (b=0.000) | 理论正谱(纯缩放) MSE=139.30
[Worker] k=5.5948 | 物理全谱(含截距) MSE=99.90 (b=0.000) | 理论正谱(纯缩放) MSE=2076.45
[Worker] k=5.7391 | 物理全谱(含截距) MSE=64.89 (b=0.000) | 理论正谱(纯缩放) MSE=155919.39
[Worker] k=4.8555 | 物理全谱(含截距) MSE=98.95 (b=-0.000) | 理论正谱(纯缩放) MSE=915.68
[Worker] k=6.4063 | 物理全谱(含截距) MSE=15.62 (b=0.000) | 理论正谱(纯缩放) MSE=2404.37
[Worker] k=3.3322 | 物理全谱(含截距) MSE=74.81 (b=0.000) | 理论正谱(纯缩放) MSE=229.77
[Worker] k=5.8762 | 物理全谱(含截距) MSE=65.04 (b=0.000) | 理论正谱(纯缩放) MSE=526.61
[Worker] k=9.6102 | 物理全谱(含截距) MSE=110.86 (b=0.000) | 理论正谱(纯缩放) MSE=52846.46
[Worker] k=5.8906 | 物理全谱(含截距) MSE=78.22 (b=0.000) | 理论正谱(纯缩放) MSE=328.05
[Worker] k=8.5202 | 物理全谱(含截距) MSE=88.24 (b=0.000) | 理论正谱(纯缩放) MSE=284.65
[Worker] k=7.3197 | 物理全谱(含截距) MSE=120.60 (b=0.000) | 理论正谱(纯缩放) MSE=3532.89
[Worker] k=9.0952 | 物理全谱(含截距) MSE=70.34 (b=0.000) | 理论正谱(纯缩放) MSE=290.90
[Worker] k=7.7235 | 物理全谱(含截距) MSE=65.82 (b=0.000) | 理论正谱(纯缩放) MSE=819.30
[Worker] k=7.1294 | 物理全谱(含截距) MSE=32.62 (b=0.000) | 理论正谱(纯缩放) MSE=60224.23
[Worker] k=8.4638 | 物理全谱(含截距) MSE=40.91 (b=-0.000) | 理论正谱(纯缩放) MSE=69273.33
[Worker] k=4.5927 | 物理全谱(含截距) MSE=94.32 (b=0.000) | 理论正谱(纯缩放) MSE=218.67
[Worker] k=5.8723 | 物理全谱(含截距) MSE=69.02 (b=0.000) | 理论正谱(纯缩放) MSE=2370.66
[Worker] k=8.6231 | 物理全谱(含截距) MSE=88.77 (b=0.000) | 理论正谱(纯缩放) MSE=463.93
[Worker] k=6.9202 | 物理全谱(含截距) MSE=55.28 (b=0.000) | 理论正谱(纯缩放) MSE=205.17
[Worker] k=9.8623 | 物理全谱(含截距) MSE=34.06 (b=0.000) | 理论正谱(纯缩放) MSE=1019787.10
[Worker] k=7.6165 | 物理全谱(含截距) MSE=55.43 (b=0.000) | 理论正谱(纯缩放) MSE=477.11
[Worker] k=4.4457 | 物理全谱(含截距) MSE=122.11 (b=0.000) | 理论正谱(纯缩放) MSE=186.25
[Worker] k=8.5806 | 物理全谱(含截距) MSE=31.28 (b=0.000) | 理论正谱(纯缩放) MSE=1259.54
[Worker] k=5.3793 | 物理全谱(含截距) MSE=49.74 (b=0.000) | 理论正谱(纯缩放) MSE=4876646.03
[Worker] k=7.8403 | 物理全谱(含截距) MSE=88.61 (b=-0.000) | 理论正谱(纯缩放) MSE=41154.78
[Worker] k=6.4626 | 物理全谱(含截距) MSE=69.26 (b=0.000) | 理论正谱(纯缩放) MSE=80.25
[Worker] k=8.8947 | 物理全谱(含截距) MSE=30.36 (b=0.000) | 理论正谱(纯缩放) MSE=4236.60
[Worker] k=3.0275 | 物理全谱(含截距) MSE=79.03 (b=0.000) | 理论正谱(纯缩放) MSE=509.66
[Worker] k=9.3009 | 物理全谱(含截距) MSE=89.28 (b=0.000) | 理论正谱(纯缩放) MSE=197512.26
[Worker] k=5.8192 | 物理全谱(含截距) MSE=82.93 (b=0.000) | 理论正谱(纯缩放) MSE=27009.59
[Worker] k=6.2433 | 物理全谱(含截距) MSE=80.44 (b=0.000) | 理论正谱(纯缩放) MSE=140733.01
[Worker] k=4.2506 | 物理全谱(含截距) MSE=88.42 (b=0.000) | 理论正谱(纯缩放) MSE=1523.04
[Worker] k=9.5427 | 物理全谱(含截距) MSE=37.72 (b=0.000) | 理论正谱(纯缩放) MSE=3493.49
[Worker] k=3.7970 | 物理全谱(含截距) MSE=49.89 (b=0.000) | 理论正谱(纯缩放) MSE=1326.87
[Worker] k=8.0908 | 物理全谱(含截距) MSE=76.90 (b=0.000) | 理论正谱(纯缩放) MSE=3858.56
[Worker] k=7.0852 | 物理全谱(含截距) MSE=126.30 (b=0.000) | 理论正谱(纯缩放) MSE=35905.92
[Worker] k=9.2245 | 物理全谱(含截距) MSE=83.36 (b=0.000) | 理论正谱(纯缩放) MSE=5540.12
[Worker] k=8.8448 | 物理全谱(含截距) MSE=87.86 (b=-0.000) | 理论正谱(纯缩放) MSE=17419.44
[Worker] k=6.3155 | 物理全谱(含截距) MSE=120.60 (b=0.000) | 理论正谱(纯缩放) MSE=27899.92
[Worker] k=5.8529 | 物理全谱(含截距) MSE=68.90 (b=0.000) | 理论正谱(纯缩放) MSE=104711.87
[Worker] k=7.1553 | 物理全谱(含截距) MSE=45.74 (b=-0.000) | 理论正谱(纯缩放) MSE=1011.49
[Worker] k=4.6295 | 物理全谱(含截距) MSE=28.99 (b=-0.000) | 理论正谱(纯缩放) MSE=10694.00
[Worker] k=5.5388 | 物理全谱(含截距) MSE=89.92 (b=0.000) | 理论正谱(纯缩放) MSE=93019.07
[Worker] k=7.2989 | 物理全谱(含截距) MSE=74.69 (b=0.000) | 理论正谱(纯缩放) MSE=82.21
[Worker] k=8.9568 | 物理全谱(含截距) MSE=140.80 (b=0.000) | 理论正谱(纯缩放) MSE=5470.64
[Worker] k=6.0203 | 物理全谱(含截距) MSE=68.92 (b=0.000) | 理论正谱(纯缩放) MSE=1587.28
[Worker] k=6.5660 | 物理全谱(含截距) MSE=36.94 (b=0.000) | 理论正谱(纯缩放) MSE=2863.82
[Worker] k=6.4777 | 物理全谱(含截距) MSE=33.42 (b=0.000) | 理论正谱(纯缩放) MSE=130758.08
[Worker] k=6.5956 | 物理全谱(含截距) MSE=60.34 (b=0.000) | 理论正谱(纯缩放) MSE=62.33
[Worker] k=5.5753 | 物理全谱(含截距) MSE=127.69 (b=0.000) | 理论正谱(纯缩放) MSE=391283.10
[Worker] k=6.1945 | 物理全谱(含截距) MSE=65.99 (b=0.000) | 理论正谱(纯缩放) MSE=435.42
[Worker] k=8.5867 | 物理全谱(含截距) MSE=29.11 (b=0.000) | 理论正谱(纯缩放) MSE=2801.05
[Worker] k=9.2432 | 物理全谱(含截距) MSE=44.87 (b=-0.000) | 理论正谱(纯缩放) MSE=213.72
[Worker] k=6.2584 | 物理全谱(含截距) MSE=99.21 (b=0.000) | 理论正谱(纯缩放) MSE=194921.78
[Worker] k=3.7297 | 物理全谱(含截距) MSE=27.04 (b=0.000) | 理论正谱(纯缩放) MSE=5804.84
[Worker] k=9.6046 | 物理全谱(含截距) MSE=60.34 (b=0.000) | 理论正谱(纯缩放) MSE=3218.84
[Worker] k=8.8559 | 物理全谱(含截距) MSE=69.25 (b=0.000) | 理论正谱(纯缩放) MSE=6928.50
[Worker] k=5.7489 | 物理全谱(含截距) MSE=46.31 (b=-0.000) | 理论正谱(纯缩放) MSE=36196.72
[Worker] k=9.2368 | 物理全谱(含截距) MSE=167.30 (b=0.000) | 理论正谱(纯缩放) MSE=3637426.96
[Worker] k=7.2390 | 物理全谱(含截距) MSE=90.22 (b=-0.000) | 理论正谱(纯缩放) MSE=20486.96
[Worker] k=8.1509 | 物理全谱(含截距) MSE=90.65 (b=0.000) | 理论正谱(纯缩放) MSE=320019.26
[Worker] k=4.1119 | 物理全谱(含截距) MSE=101.13 (b=-0.000) | 理论正谱(纯缩放) MSE=25836.67
[Worker] k=5.0128 | 物理全谱(含截距) MSE=120.59 (b=0.000) | 理论正谱(纯缩放) MSE=5327.04
[Worker] k=7.6413 | 物理全谱(含截距) MSE=25.67 (b=0.000) | 理论正谱(纯缩放) MSE=404.47
[Worker] k=8.0321 | 物理全谱(含截距) MSE=64.44 (b=0.000) | 理论正谱(纯缩放) MSE=3150.20
[Worker] k=7.0804 | 物理全谱(含截距) MSE=63.92 (b=0.000) | 理论正谱(纯缩放) MSE=148816.67
[Worker] k=5.8803 | 物理全谱(含截距) MSE=145.65 (b=-0.000) | 理论正谱(纯缩放) MSE=952555.57
[Worker] k=8.3437 | 物理全谱(含截距) MSE=37.29 (b=0.000) | 理论正谱(纯缩放) MSE=1028.24
[Worker] k=4.5850 | 物理全谱(含截距) MSE=66.56 (b=0.000) | 理论正谱(纯缩放) MSE=78.62
[Worker] k=7.3018 | 物理全谱(含截距) MSE=102.71 (b=0.000) | 理论正谱(纯缩放) MSE=1755.51
[Worker] k=6.7658 | 物理全谱(含截距) MSE=41.03 (b=0.000) | 理论正谱(纯缩放) MSE=43.39
[Worker] k=3.2451 | 物理全谱(含截距) MSE=125.93 (b=0.000) | 理论正谱(纯缩放) MSE=9240.85
[Worker] k=8.9336 | 物理全谱(含截距) MSE=41.86 (b=0.000) | 理论正谱(纯缩放) MSE=1977.70
[Worker] k=7.2447 | 物理全谱(含截距) MSE=108.09 (b=-0.000) | 理论正谱(纯缩放) MSE=7437.07
[Worker] k=6.8941 | 物理全谱(含截距) MSE=25.19 (b=0.000) | 理论正谱(纯缩放) MSE=207.21
[Worker] k=5.8725 | 物理全谱(含截距) MSE=85.37 (b=0.000) | 理论正谱(纯缩放) MSE=6977.87
[Worker] k=2.4656 | 物理全谱(含截距) MSE=97.48 (b=-0.000) | 理论正谱(纯缩放) MSE=959902.40
[Worker] k=5.8150 | 物理全谱(含截距) MSE=43.45 (b=-0.000) | 理论正谱(纯缩放) MSE=96.24
[Worker] k=3.2009 | 物理全谱(含截距) MSE=116.32 (b=0.000) | 理论正谱(纯缩放) MSE=4389.88
[Worker] k=4.2779 | 物理全谱(含截距) MSE=53.27 (b=-0.000) | 理论正谱(纯缩放) MSE=48729.53
[Worker] k=7.6470 | 物理全谱(含截距) MSE=28.06 (b=0.000) | 理论正谱(纯缩放) MSE=1095.72
[Worker] k=5.3363 | 物理全谱(含截距) MSE=52.95 (b=0.000) | 理论正谱(纯缩放) MSE=70.88
[Worker] k=6.6525 | 物理全谱(含截距) MSE=33.39 (b=0.000) | 理论正谱(纯缩放) MSE=5174.63
[Worker] k=6.1290 | 物理全谱(含截距) MSE=40.61 (b=0.000) | 理论正谱(纯缩放) MSE=8038.43
[Worker] k=2.8690 | 物理全谱(含截距) MSE=79.52 (b=-0.000) | 理论正谱(纯缩放) MSE=366.68
[Worker] k=6.0459 | 物理全谱(含截距) MSE=38.83 (b=0.000) | 理论正谱(纯缩放) MSE=53617.22
[Worker] k=3.5656 | 物理全谱(含截距) MSE=68.46 (b=0.000) | 理论正谱(纯缩放) MSE=29172.70
[Worker] k=7.8947 | 物理全谱(含截距) MSE=58.40 (b=0.000) | 理论正谱(纯缩放) MSE=58.82
[Worker] k=7.2515 | 物理全谱(含截距) MSE=96.96 (b=0.000) | 理论正谱(纯缩放) MSE=1383.33
[Worker] k=6.9060 | 物理全谱(含截距) MSE=49.68 (b=0.000) | 理论正谱(纯缩放) MSE=5827.33
[Worker] k=5.2922 | 物理全谱(含截距) MSE=47.47 (b=0.000) | 理论正谱(纯缩放) MSE=3032.90
[Worker] k=6.9882 | 物理全谱(含截距) MSE=150.87 (b=0.000) | 理论正谱(纯缩放) MSE=46656.35
[Worker] k=8.3364 | 物理全谱(含截距) MSE=43.56 (b=0.000) | 理论正谱(纯缩放) MSE=46847.13
[Worker] k=9.5975 | 物理全谱(含截距) MSE=52.03 (b=-0.000) | 理论正谱(纯缩放) MSE=117.98
[Worker] k=4.1378 | 物理全谱(含截距) MSE=92.21 (b=0.000) | 理论正谱(纯缩放) MSE=125.08
[Worker] k=8.6891 | 物理全谱(含截距) MSE=56.12 (b=0.000) | 理论正谱(纯缩放) MSE=4476.12
[Worker] k=8.9741 | 物理全谱(含截距) MSE=66.70 (b=0.000) | 理论正谱(纯缩放) MSE=77.00
[Worker] k=9.5417 | 物理全谱(含截距) MSE=104.63 (b=0.000) | 理论正谱(纯缩放) MSE=923.74
[Worker] k=5.1178 | 物理全谱(含截距) MSE=51.34 (b=0.000) | 理论正谱(纯缩放) MSE=302.12
[Worker] k=4.2488 | 物理全谱(含截距) MSE=78.31 (b=0.000) | 理论正谱(纯缩放) MSE=123.79
[Worker] k=8.6596 | 物理全谱(含截距) MSE=159.56 (b=0.000) | 理论正谱(纯缩放) MSE=73019.66
[Worker] k=8.6536 | 物理全谱(含截距) MSE=59.61 (b=-0.000) | 理论正谱(纯缩放) MSE=13767.76
[Worker] k=6.1627 | 物理全谱(含截距) MSE=41.83 (b=0.000) | 理论正谱(纯缩放) MSE=28390.35
[Worker] k=3.1817 | 物理全谱(含截距) MSE=116.71 (b=0.000) | 理论正谱(纯缩放) MSE=7952.52
[Worker] k=7.4764 | 物理全谱(含截距) MSE=13.54 (b=0.000) | 理论正谱(纯缩放) MSE=4447.45
[Worker] k=3.1117 | 物理全谱(含截距) MSE=75.90 (b=-0.000) | 理论正谱(纯缩放) MSE=513.94
[Worker] k=9.5200 | 物理全谱(含截距) MSE=76.36 (b=-0.000) | 理论正谱(纯缩放) MSE=873.23
[Worker] k=6.7361 | 物理全谱(含截距) MSE=86.20 (b=0.000) | 理论正谱(纯缩放) MSE=466260.00
[Worker] k=8.9569 | 物理全谱(含截距) MSE=70.15 (b=0.000) | 理论正谱(纯缩放) MSE=12101.88
[Worker] k=3.9053 | 物理全谱(含截距) MSE=69.50 (b=-0.000) | 理论正谱(纯缩放) MSE=140385.19
[Worker] k=7.5614 | 物理全谱(含截距) MSE=107.15 (b=-0.000) | 理论正谱(纯缩放) MSE=55677.47
[Worker] k=3.8971 | 物理全谱(含截距) MSE=155.73 (b=0.000) | 理论正谱(纯缩放) MSE=9023.12
[Worker] k=7.0539 | 物理全谱(含截距) MSE=97.16 (b=0.000) | 理论正谱(纯缩放) MSE=43060.24
[Worker] k=8.2597 | 物理全谱(含截距) MSE=114.51 (b=0.000) | 理论正谱(纯缩放) MSE=573.54
[Worker] k=7.2622 | 物理全谱(含截距) MSE=42.60 (b=0.000) | 理论正谱(纯缩放) MSE=10615.55
[Worker] k=9.3786 | 物理全谱(含截距) MSE=56.84 (b=0.000) | 理论正谱(纯缩放) MSE=268951.61
[Worker] k=7.1639 | 物理全谱(含截距) MSE=94.32 (b=0.000) | 理论正谱(纯缩放) MSE=22105.25
[Worker] k=7.2553 | 物理全谱(含截距) MSE=134.92 (b=0.000) | 理论正谱(纯缩放) MSE=1170.13
[Worker] k=6.4218 | 物理全谱(含截距) MSE=42.06 (b=0.000) | 理论正谱(纯缩放) MSE=3316.98
[Worker] k=6.4748 | 物理全谱(含截距) MSE=33.42 (b=-0.000) | 理论正谱(纯缩放) MSE=2268.95
[Worker] k=5.3833 | 物理全谱(含截距) MSE=89.88 (b=0.000) | 理论正谱(纯缩放) MSE=13984.82
[Worker] k=6.0110 | 物理全谱(含截距) MSE=37.27 (b=0.000) | 理论正谱(纯缩放) MSE=39551.52
[Worker] k=6.4923 | 物理全谱(含截距) MSE=51.42 (b=0.000) | 理论正谱(纯缩放) MSE=11015.49
[Worker] k=9.0072 | 物理全谱(含截距) MSE=81.48 (b=-0.000) | 理论正谱(纯缩放) MSE=570.76
[Worker] k=5.3340 | 物理全谱(含截距) MSE=47.04 (b=0.000) | 理论正谱(纯缩放) MSE=1161673.25
[Worker] k=5.0058 | 物理全谱(含截距) MSE=127.96 (b=0.000) | 理论正谱(纯缩放) MSE=139.34
[Worker] k=3.1620 | 物理全谱(含截距) MSE=94.40 (b=-0.000) | 理论正谱(纯缩放) MSE=22870.79
[Worker] k=7.2234 | 物理全谱(含截距) MSE=77.74 (b=0.000) | 理论正谱(纯缩放) MSE=49955.44
[Worker] k=2.4576 | 物理全谱(含截距) MSE=105.45 (b=0.000) | 理论正谱(纯缩放) MSE=856056.38
[Worker] k=7.3952 | 物理全谱(含截距) MSE=76.87 (b=-0.000) | 理论正谱(纯缩放) MSE=1032.45
[Worker] k=6.4484 | 物理全谱(含截距) MSE=53.93 (b=0.000) | 理论正谱(纯缩放) MSE=301807.30
[Worker] k=3.4459 | 物理全谱(含截距) MSE=123.75 (b=-0.000) | 理论正谱(纯缩放) MSE=1404.13
[Worker] k=3.6837 | 物理全谱(含截距) MSE=43.81 (b=0.000) | 理论正谱(纯缩放) MSE=223106.26
[Worker] k=7.5710 | 物理全谱(含截距) MSE=126.66 (b=0.000) | 理论正谱(纯缩放) MSE=2548.61
[Worker] k=9.7534 | 物理全谱(含截距) MSE=53.28 (b=0.000) | 理论正谱(纯缩放) MSE=2047.63
[Worker] k=6.5918 | 物理全谱(含截距) MSE=87.80 (b=0.000) | 理论正谱(纯缩放) MSE=102.37
[Worker] k=6.9738 | 物理全谱(含截距) MSE=98.35 (b=0.000) | 理论正谱(纯缩放) MSE=1038.33
[Worker] k=9.1042 | 物理全谱(含截距) MSE=74.11 (b=-0.000) | 理论正谱(纯缩放) MSE=1560.42
[Worker] k=8.0692 | 物理全谱(含截距) MSE=86.22 (b=0.000) | 理论正谱(纯缩放) MSE=5675.02
[Worker] k=4.7265 | 物理全谱(含截距) MSE=46.25 (b=0.000) | 理论正谱(纯缩放) MSE=60669.04
[Worker] k=7.3451 | 物理全谱(含截距) MSE=55.96 (b=0.000) | 理论正谱(纯缩放) MSE=116.67
[Worker] k=7.7622 | 物理全谱(含截距) MSE=67.55 (b=0.000) | 理论正谱(纯缩放) MSE=99205.16
[Worker] k=3.4014 | 物理全谱(含截距) MSE=46.24 (b=0.000) | 理论正谱(纯缩放) MSE=35650.95
[Worker] k=9.9555 | 物理全谱(含截距) MSE=89.71 (b=0.000) | 理论正谱(纯缩放) MSE=433515.25
[Worker] k=6.7382 | 物理全谱(含截距) MSE=89.94 (b=-0.000) | 理论正谱(纯缩放) MSE=1498.29
[Worker] k=8.4941 | 物理全谱(含截距) MSE=52.26 (b=0.000) | 理论正谱(纯缩放) MSE=32442.40
[Worker] k=4.4387 | 物理全谱(含截距) MSE=71.08 (b=-0.000) | 理论正谱(纯缩放) MSE=9792.55
[Worker] k=2.9137 | 物理全谱(含截距) MSE=83.26 (b=0.000) | 理论正谱(纯缩放) MSE=306.75
[Worker] k=7.0672 | 物理全谱(含截距) MSE=62.81 (b=0.000) | 理论正谱(纯缩放) MSE=915.57
[Worker] k=6.2357 | 物理全谱(含截距) MSE=37.63 (b=0.000) | 理论正谱(纯缩放) MSE=2387.82
[Worker] k=9.9091 | 物理全谱(含截距) MSE=208.35 (b=0.000) | 理论正谱(纯缩放) MSE=393.45
[Worker] k=8.6843 | 物理全谱(含截距) MSE=105.47 (b=0.000) | 理论正谱(纯缩放) MSE=3494.04
[Worker] k=7.7284 | 物理全谱(含截距) MSE=78.23 (b=0.000) | 理论正谱(纯缩放) MSE=1860.97
[Worker] k=8.0388 | 物理全谱(含截距) MSE=111.30 (b=0.000) | 理论正谱(纯缩放) MSE=1246.00
[Worker] k=9.2097 | 物理全谱(含截距) MSE=27.27 (b=0.000) | 理论正谱(纯缩放) MSE=1267.47
[Worker] k=2.0824 | 物理全谱(含截距) MSE=36.51 (b=0.000) | 理论正谱(纯缩放) MSE=241.70
[Worker] k=9.8630 | 物理全谱(含截距) MSE=51.51 (b=-0.000) | 理论正谱(纯缩放) MSE=940458.63
[Worker] k=2.4773 | 物理全谱(含截距) MSE=99.23 (b=0.000) | 理论正谱(纯缩放) MSE=14218.16
[Worker] k=4.8720 | 物理全谱(含截距) MSE=70.78 (b=-0.000) | 理论正谱(纯缩放) MSE=41197.84
[Worker] k=6.4954 | 物理全谱(含截距) MSE=59.19 (b=0.000) | 理论正谱(纯缩放) MSE=1964.33[Worker] k=7.5457 | 物理全谱(含截距) MSE=36.28 (b=0.000) | 理论正谱(纯缩放) MSE=5885.01

[Worker] k=6.3986 | 物理全谱(含截距) MSE=27.47 (b=0.000) | 理论正谱(纯缩放) MSE=49.68
[Worker] k=8.1610 | 物理全谱(含截距) MSE=48.64 (b=0.000) | 理论正谱(纯缩放) MSE=4050.13
[Worker] k=7.7500 | 物理全谱(含截距) MSE=67.86 (b=-0.000) | 理论正谱(纯缩放) MSE=212.64
[Worker] k=7.7935 | 物理全谱(含截距) MSE=61.52 (b=-0.000) | 理论正谱(纯缩放) MSE=1718.23
[Worker] k=4.8615 | 物理全谱(含截距) MSE=103.66 (b=0.000) | 理论正谱(纯缩放) MSE=3054.86
[Worker] k=2.2541 | 物理全谱(含截距) MSE=86.04 (b=0.000) | 理论正谱(纯缩放) MSE=18479.24
[Worker] k=5.6924 | 物理全谱(含截距) MSE=70.75 (b=0.000) | 理论正谱(纯缩放) MSE=9266.52
[Worker] k=8.7797 | 物理全谱(含截距) MSE=123.01 (b=0.000) | 理论正谱(纯缩放) MSE=1531.00
[Worker] k=6.8776 | 物理全谱(含截距) MSE=44.16 (b=0.000) | 理论正谱(纯缩放) MSE=1811.17
[Worker] k=5.4663 | 物理全谱(含截距) MSE=81.85 (b=0.000) | 理论正谱(纯缩放) MSE=722.13
[Worker] k=7.9676 | 物理全谱(含截距) MSE=27.44 (b=0.000) | 理论正谱(纯缩放) MSE=59837.69
[Worker] k=8.6887 | 物理全谱(含截距) MSE=77.19 (b=0.000) | 理论正谱(纯缩放) MSE=7414.63
[Worker] k=5.9285 | 物理全谱(含截距) MSE=54.16 (b=0.000) | 理论正谱(纯缩放) MSE=59.86
[Worker] k=4.5709 | 物理全谱(含截距) MSE=22.32 (b=-0.000) | 理论正谱(纯缩放) MSE=1817.57
[Worker] k=8.8004 | 物理全谱(含截距) MSE=88.30 (b=0.000) | 理论正谱(纯缩放) MSE=1375.65
[Worker] k=2.2541 | 物理全谱(含截距) MSE=135.52 (b=0.000) | 理论正谱(纯缩放) MSE=265554.21
[Worker] k=3.8329 | 物理全谱(含截距) MSE=55.51 (b=0.000) | 理论正谱(纯缩放) MSE=64.02
[Worker] k=9.8014 | 物理全谱(含截距) MSE=74.65 (b=0.000) | 理论正谱(纯缩放) MSE=946.30
[Worker] k=6.8395 | 物理全谱(含截距) MSE=46.29 (b=0.000) | 理论正谱(纯缩放) MSE=69.61
[Worker] k=8.5748 | 物理全谱(含截距) MSE=56.07 (b=0.000) | 理论正谱(纯缩放) MSE=413.81
[Worker] k=9.3877 | 物理全谱(含截距) MSE=36.89 (b=-0.000) | 理论正谱(纯缩放) MSE=248289.03
[Worker] k=6.7537 | 物理全谱(含截距) MSE=42.10 (b=0.000) | 理论正谱(纯缩放) MSE=25049.68
[Worker] k=8.7501 | 物理全谱(含截距) MSE=67.42 (b=0.000) | 理论正谱(纯缩放) MSE=112.36
[Worker] k=8.5787 | 物理全谱(含截距) MSE=85.31 (b=0.000) | 理论正谱(纯缩放) MSE=42785.02
[Worker] k=8.3343 | 物理全谱(含截距) MSE=36.27 (b=0.000) | 理论正谱(纯缩放) MSE=29827.45
[Worker] k=8.6835 | 物理全谱(含截距) MSE=104.45 (b=0.000) | 理论正谱(纯缩放) MSE=28899.87
[Worker] k=8.6020 | 物理全谱(含截距) MSE=100.38 (b=0.000) | 理论正谱(纯缩放) MSE=6921.96
[Worker] k=2.5490 | 物理全谱(含截距) MSE=63.67 (b=0.000) | 理论正谱(纯缩放) MSE=66656.84
[Worker] k=7.5925 | 物理全谱(含截距) MSE=84.57 (b=0.000) | 理论正谱(纯缩放) MSE=3380.42
[Worker] k=9.2797 | 物理全谱(含截距) MSE=86.19 (b=-0.000) | 理论正谱(纯缩放) MSE=35809.24
[Worker] k=4.6392 | 物理全谱(含截距) MSE=46.85 (b=0.000) | 理论正谱(纯缩放) MSE=129.14
differential_evolution step 6: f(x)= 12.006087294038593
[Worker] k=7.0818 | 物理全谱(含截距) MSE=61.81 (b=0.000) | 理论正谱(纯缩放) MSE=9887.84
[Worker] k=7.5496 | 物理全谱(含截距) MSE=35.48 (b=0.000) | 理论正谱(纯缩放) MSE=2785.00
[Worker] k=7.2241 | 物理全谱(含截距) MSE=52.56 (b=0.000) | 理论正谱(纯缩放) MSE=1525.84
[Worker] k=6.0592 | 物理全谱(含截距) MSE=71.30 (b=0.000) | 理论正谱(纯缩放) MSE=224.10
[Worker] k=5.4713 | 物理全谱(含截距) MSE=120.20 (b=0.000) | 理论正谱(纯缩放) MSE=63685.77
[Worker] k=9.5286 | 物理全谱(含截距) MSE=39.55 (b=0.000) | 理论正谱(纯缩放) MSE=152181.68
[Worker] k=6.1420 | 物理全谱(含截距) MSE=96.42 (b=0.000) | 理论正谱(纯缩放) MSE=124428.61
[Worker] k=9.8306 | 物理全谱(含截距) MSE=97.92 (b=-0.000) | 理论正谱(纯缩放) MSE=563.77
[Worker] k=9.7895 | 物理全谱(含截距) MSE=14.45 (b=0.000) | 理论正谱(纯缩放) MSE=1114.85
[Worker] k=3.3311 | 物理全谱(含截距) MSE=83.34 (b=0.000) | 理论正谱(纯缩放) MSE=131.77
[Worker] k=2.5414 | 物理全谱(含截距) MSE=68.34 (b=0.000) | 理论正谱(纯缩放) MSE=150.59
[Worker] k=2.7554 | 物理全谱(含截距) MSE=107.33 (b=0.000) | 理论正谱(纯缩放) MSE=241.27
[Worker] k=4.6074 | 物理全谱(含截距) MSE=70.10 (b=0.000) | 理论正谱(纯缩放) MSE=3329.14
[Worker] k=5.2143 | 物理全谱(含截距) MSE=79.59 (b=0.000) | 理论正谱(纯缩放) MSE=481376.22
[Worker] k=9.5051 | 物理全谱(含截距) MSE=33.11 (b=0.000) | 理论正谱(纯缩放) MSE=97.44
[Worker] k=7.2322 | 物理全谱(含截距) MSE=74.85 (b=0.000) | 理论正谱(纯缩放) MSE=970351.22
[Worker] k=9.0721 | 物理全谱(含截距) MSE=97.27 (b=-0.000) | 理论正谱(纯缩放) MSE=3743.57
[Worker] k=5.6682 | 物理全谱(含截距) MSE=103.33 (b=0.000) | 理论正谱(纯缩放) MSE=622.14
[Worker] k=5.2668 | 物理全谱(含截距) MSE=12.70 (b=0.000) | 理论正谱(纯缩放) MSE=16358.26
[Worker] k=9.1100 | 物理全谱(含截距) MSE=58.96 (b=0.000) | 理论正谱(纯缩放) MSE=28128.23
[Worker] k=8.9289 | 物理全谱(含截距) MSE=62.19 (b=0.000) | 理论正谱(纯缩放) MSE=527.35
[Worker] k=2.8630 | 物理全谱(含截距) MSE=39.71 (b=0.000) | 理论正谱(纯缩放) MSE=14189.29
[Worker] k=4.3925 | 物理全谱(含截距) MSE=74.68 (b=0.000) | 理论正谱(纯缩放) MSE=573596.74
[Worker] k=5.7956 | 物理全谱(含截距) MSE=71.94 (b=-0.000) | 理论正谱(纯缩放) MSE=6772.18
[Worker] k=7.1117 | 物理全谱(含截距) MSE=143.78 (b=0.000) | 理论正谱(纯缩放) MSE=48048.33
[Worker] k=7.1535 | 物理全谱(含截距) MSE=29.94 (b=0.000) | 理论正谱(纯缩放) MSE=25845.61
[Worker] k=9.0374 | 物理全谱(含截距) MSE=74.84 (b=0.000) | 理论正谱(纯缩放) MSE=400.23
[Worker] k=7.9456 | 物理全谱(含截距) MSE=63.99 (b=0.000) | 理论正谱(纯缩放) MSE=604.02
[Worker] k=6.9858 | 物理全谱(含截距) MSE=53.07 (b=0.000) | 理论正谱(纯缩放) MSE=1460.43
[Worker] k=8.8682 | 物理全谱(含截距) MSE=34.99 (b=0.000) | 理论正谱(纯缩放) MSE=884.05
[Worker] k=2.4438 | 物理全谱(含截距) MSE=76.90 (b=0.000) | 理论正谱(纯缩放) MSE=832.40
[Worker] k=9.6496 | 物理全谱(含截距) MSE=51.36 (b=0.000) | 理论正谱(纯缩放) MSE=66413.74
[Worker] k=8.7712 | 物理全谱(含截距) MSE=61.50 (b=0.000) | 理论正谱(纯缩放) MSE=738.26
[Worker] k=6.7536 | 物理全谱(含截距) MSE=70.51 (b=-0.000) | 理论正谱(纯缩放) MSE=57689.12
[Worker] k=6.9083 | 物理全谱(含截距) MSE=92.63 (b=0.000) | 理论正谱(纯缩放) MSE=668.59
[Worker] k=5.5746 | 物理全谱(含截距) MSE=106.56 (b=-0.000) | 理论正谱(纯缩放) MSE=121769.34
[Worker] k=8.5174 | 物理全谱(含截距) MSE=55.60 (b=0.000) | 理论正谱(纯缩放) MSE=137021.88
[Worker] k=3.3569 | 物理全谱(含截距) MSE=22.11 (b=0.000) | 理论正谱(纯缩放) MSE=3192.10
[Worker] k=4.0260 | 物理全谱(含截距) MSE=81.26 (b=0.000) | 理论正谱(纯缩放) MSE=2696.77
[Worker] k=4.0235 | 物理全谱(含截距) MSE=88.99 (b=0.000) | 理论正谱(纯缩放) MSE=1217170.91
[Worker] k=6.1948 | 物理全谱(含截距) MSE=19.46 (b=0.000) | 理论正谱(纯缩放) MSE=1672.97[Worker] k=9.0595 | 物理全谱(含截距) MSE=69.96 (b=0.000) | 理论正谱(纯缩放) MSE=83543.60

[Worker] k=8.4268 | 物理全谱(含截距) MSE=62.76 (b=0.000) | 理论正谱(纯缩放) MSE=400966.92
[Worker] k=7.5628 | 物理全谱(含截距) MSE=27.68 (b=-0.000) | 理论正谱(纯缩放) MSE=3406.33
[Worker] k=8.8306 | 物理全谱(含截距) MSE=52.76 (b=-0.000) | 理论正谱(纯缩放) MSE=4671.91
[Worker] k=5.4641 | 物理全谱(含截距) MSE=192.50 (b=0.000) | 理论正谱(纯缩放) MSE=27418.56
[Worker] k=9.7762 | 物理全谱(含截距) MSE=83.34 (b=0.000) | 理论正谱(纯缩放) MSE=2420.93
[Worker] k=8.0408 | 物理全谱(含截距) MSE=60.26 (b=0.000) | 理论正谱(纯缩放) MSE=142860.49
[Worker] k=7.8242 | 物理全谱(含截距) MSE=33.38 (b=0.000) | 理论正谱(纯缩放) MSE=1089519.05
[Worker] k=9.8645 | 物理全谱(含截距) MSE=45.09 (b=0.000) | 理论正谱(纯缩放) MSE=4932.47
[Worker] k=9.7175 | 物理全谱(含截距) MSE=41.91 (b=-0.000) | 理论正谱(纯缩放) MSE=5754.20
[Worker] k=2.6955 | 物理全谱(含截距) MSE=109.98 (b=0.000) | 理论正谱(纯缩放) MSE=1162.07
[Worker] k=2.8835 | 物理全谱(含截距) MSE=49.97 (b=-0.000) | 理论正谱(纯缩放) MSE=15410.58
[Worker] k=3.5725 | 物理全谱(含截距) MSE=57.52 (b=-0.000) | 理论正谱(纯缩放) MSE=939.79
[Worker] k=7.8475 | 物理全谱(含截距) MSE=94.00 (b=0.000) | 理论正谱(纯缩放) MSE=8375.88
[Worker] k=9.2821 | 物理全谱(含截距) MSE=97.43 (b=-0.000) | 理论正谱(纯缩放) MSE=342099.66
[Worker] k=9.1693 | 物理全谱(含截距) MSE=126.69 (b=0.000) | 理论正谱(纯缩放) MSE=26979.99
[Worker] k=4.3095 | 物理全谱(含截距) MSE=118.17 (b=-0.000) | 理论正谱(纯缩放) MSE=314.01
[Worker] k=3.2514 | 物理全谱(含截距) MSE=43.03 (b=0.000) | 理论正谱(纯缩放) MSE=7333.11
[Worker] k=3.4759 | 物理全谱(含截距) MSE=13.60 (b=0.000) | 理论正谱(纯缩放) MSE=7463.24
[Worker] k=6.0998 | 物理全谱(含截距) MSE=57.87 (b=0.000) | 理论正谱(纯缩放) MSE=76911.41
[Worker] k=8.1744 | 物理全谱(含截距) MSE=51.57 (b=0.000) | 理论正谱(纯缩放) MSE=7995.65
[Worker] k=7.9978 | 物理全谱(含截距) MSE=47.31 (b=0.000) | 理论正谱(纯缩放) MSE=906.90
[Worker] k=7.7659 | 物理全谱(含截距) MSE=54.49 (b=-0.000) | 理论正谱(纯缩放) MSE=4487.28
[Worker] k=7.1511 | 物理全谱(含截距) MSE=36.63 (b=0.000) | 理论正谱(纯缩放) MSE=498.17
[Worker] k=4.8551 | 物理全谱(含截距) MSE=70.42 (b=0.000) | 理论正谱(纯缩放) MSE=272.29
[Worker] k=2.6587 | 物理全谱(含截距) MSE=85.27 (b=0.000) | 理论正谱(纯缩放) MSE=17582.30
[Worker] k=9.1322 | 物理全谱(含截距) MSE=90.44 (b=-0.000) | 理论正谱(纯缩放) MSE=142541.26
[Worker] k=4.7558 | 物理全谱(含截距) MSE=176.41 (b=0.000) | 理论正谱(纯缩放) MSE=14042.55
[Worker] k=4.1731 | 物理全谱(含截距) MSE=48.90 (b=0.000) | 理论正谱(纯缩放) MSE=17033.10
[Worker] k=5.2519 | 物理全谱(含截距) MSE=54.65 (b=0.000) | 理论正谱(纯缩放) MSE=393813.61
[Worker] k=9.2348 | 物理全谱(含截距) MSE=43.64 (b=0.000) | 理论正谱(纯缩放) MSE=730.27
[Worker] k=8.6586 | 物理全谱(含截距) MSE=73.58 (b=0.000) | 理论正谱(纯缩放) MSE=146.27
[Worker] k=4.8362 | 物理全谱(含截距) MSE=18.23 (b=0.000) | 理论正谱(纯缩放) MSE=1976.96
[Worker] k=5.4528 | 物理全谱(含截距) MSE=80.75 (b=-0.000) | 理论正谱(纯缩放) MSE=22581.59
[Worker] k=4.9629 | 物理全谱(含截距) MSE=41.62 (b=0.000) | 理论正谱(纯缩放) MSE=1653672.12
[Worker] k=9.7773 | 物理全谱(含截距) MSE=35.01 (b=0.000) | 理论正谱(纯缩放) MSE=738.50
[Worker] k=9.5680 | 物理全谱(含截距) MSE=53.29 (b=0.000) | 理论正谱(纯缩放) MSE=926.91
[Worker] k=6.1808 | 物理全谱(含截距) MSE=62.51 (b=-0.000) | 理论正谱(纯缩放) MSE=17532.93
[Worker] k=8.2302 | 物理全谱(含截距) MSE=66.12 (b=0.000) | 理论正谱(纯缩放) MSE=8816.71
[Worker] k=8.7109 | 物理全谱(含截距) MSE=32.24 (b=0.000) | 理论正谱(纯缩放) MSE=4090.65
[Worker] k=8.8952 | 物理全谱(含截距) MSE=44.88 (b=0.000) | 理论正谱(纯缩放) MSE=1575.28
[Worker] k=2.0470 | 物理全谱(含截距) MSE=69.54 (b=0.000) | 理论正谱(纯缩放) MSE=460.34
[Worker] k=2.5108 | 物理全谱(含截距) MSE=26.04 (b=0.000) | 理论正谱(纯缩放) MSE=119.63
[Worker] k=3.7853 | 物理全谱(含截距) MSE=59.46 (b=0.000) | 理论正谱(纯缩放) MSE=533652.52
[Worker] k=8.5509 | 物理全谱(含截距) MSE=107.25 (b=0.000) | 理论正谱(纯缩放) MSE=261325.66
[Worker] k=2.3987 | 物理全谱(含截距) MSE=29.16 (b=0.000) | 理论正谱(纯缩放) MSE=62.68
[Worker] k=3.3626 | 物理全谱(含截距) MSE=88.38 (b=0.000) | 理论正谱(纯缩放) MSE=778.28
[Worker] k=5.0456 | 物理全谱(含截距) MSE=57.80 (b=0.000) | 理论正谱(纯缩放) MSE=134.10
[Worker] k=6.6155 | 物理全谱(含截距) MSE=56.28 (b=0.000) | 理论正谱(纯缩放) MSE=1413.40
[Worker] k=7.1393 | 物理全谱(含截距) MSE=160.81 (b=0.000) | 理论正谱(纯缩放) MSE=44435.80
[Worker] k=8.9712 | 物理全谱(含截距) MSE=34.10 (b=0.000) | 理论正谱(纯缩放) MSE=1940.82
[Worker] k=9.6795 | 物理全谱(含截距) MSE=69.77 (b=0.000) | 理论正谱(纯缩放) MSE=4316.98
[Worker] k=9.4930 | 物理全谱(含截距) MSE=69.65 (b=0.000) | 理论正谱(纯缩放) MSE=149361.44
[Worker] k=4.7323 | 物理全谱(含截距) MSE=72.05 (b=0.000) | 理论正谱(纯缩放) MSE=4362.80
[Worker] k=6.3346 | 物理全谱(含截距) MSE=46.19 (b=0.000) | 理论正谱(纯缩放) MSE=743907.44
[Worker] k=5.2337 | 物理全谱(含截距) MSE=119.53 (b=0.000) | 理论正谱(纯缩放) MSE=126882.75
[Worker] k=8.0897 | 物理全谱(含截距) MSE=121.05 (b=-0.000) | 理论正谱(纯缩放) MSE=2300.97
[Worker] k=3.1266 | 物理全谱(含截距) MSE=50.49 (b=-0.000) | 理论正谱(纯缩放) MSE=278.89
[Worker] k=3.7672 | 物理全谱(含截距) MSE=140.56 (b=0.000) | 理论正谱(纯缩放) MSE=141734.71
[Worker] k=5.7804 | 物理全谱(含截距) MSE=64.71 (b=0.000) | 理论正谱(纯缩放) MSE=1522.92
[Worker] k=8.8661 | 物理全谱(含截距) MSE=47.77 (b=0.000) | 理论正谱(纯缩放) MSE=40392.93
[Worker] k=4.7759 | 物理全谱(含截距) MSE=37.68 (b=-0.000) | 理论正谱(纯缩放) MSE=1015586.23
[Worker] k=5.8245 | 物理全谱(含截距) MSE=94.66 (b=0.000) | 理论正谱(纯缩放) MSE=1078.92
[Worker] k=5.6542 | 物理全谱(含截距) MSE=82.70 (b=0.000) | 理论正谱(纯缩放) MSE=1065.24
[Worker] k=8.6792 | 物理全谱(含截距) MSE=107.13 (b=0.000) | 理论正谱(纯缩放) MSE=81956.28
[Worker] k=6.5162 | 物理全谱(含截距) MSE=35.74 (b=0.000) | 理论正谱(纯缩放) MSE=576601.12
[Worker] k=7.8740 | 物理全谱(含截距) MSE=79.66 (b=0.000) | 理论正谱(纯缩放) MSE=3585382.84
[Worker] k=7.2395 | 物理全谱(含截距) MSE=38.46 (b=0.000) | 理论正谱(纯缩放) MSE=23949.89
[Worker] k=3.7496 | 物理全谱(含截距) MSE=73.32 (b=0.000) | 理论正谱(纯缩放) MSE=4531.32
[Worker] k=4.7599 | 物理全谱(含截距) MSE=84.76 (b=0.000) | 理论正谱(纯缩放) MSE=192742.31
[Worker] k=6.8175 | 物理全谱(含截距) MSE=62.19 (b=-0.000) | 理论正谱(纯缩放) MSE=94.08
[Worker] k=5.4140 | 物理全谱(含截距) MSE=89.03 (b=0.000) | 理论正谱(纯缩放) MSE=434.14
[Worker] k=9.4041 | 物理全谱(含截距) MSE=67.62 (b=0.000) | 理论正谱(纯缩放) MSE=219935.88
[Worker] k=7.3421 | 物理全谱(含截距) MSE=55.34 (b=0.000) | 理论正谱(纯缩放) MSE=12812.78
[Worker] k=6.9367 | 物理全谱(含截距) MSE=85.22 (b=-0.000) | 理论正谱(纯缩放) MSE=2676.43
[Worker] k=9.8144 | 物理全谱(含截距) MSE=49.24 (b=0.000) | 理论正谱(纯缩放) MSE=3277.84
[Worker] k=6.0069 | 物理全谱(含截距) MSE=114.59 (b=0.000) | 理论正谱(纯缩放) MSE=4361.20
[Worker] k=8.9155 | 物理全谱(含截距) MSE=39.04 (b=0.000) | 理论正谱(纯缩放) MSE=1414.52
[Worker] k=8.9982 | 物理全谱(含截距) MSE=58.89 (b=0.000) | 理论正谱(纯缩放) MSE=1901.75
[Worker] k=5.7241 | 物理全谱(含截距) MSE=97.65 (b=0.000) | 理论正谱(纯缩放) MSE=90688.34
[Worker] k=9.2611 | 物理全谱(含截距) MSE=134.49 (b=0.000) | 理论正谱(纯缩放) MSE=6920.36
[Worker] k=3.6658 | 物理全谱(含截距) MSE=80.12 (b=0.000) | 理论正谱(纯缩放) MSE=177.24
[Worker] k=6.6165 | 物理全谱(含截距) MSE=34.06 (b=0.000) | 理论正谱(纯缩放) MSE=629.07
[Worker] k=6.5519 | 物理全谱(含截距) MSE=68.71 (b=0.000) | 理论正谱(纯缩放) MSE=84180.03
[Worker] k=5.7883 | 物理全谱(含截距) MSE=37.73 (b=0.000) | 理论正谱(纯缩放) MSE=177.50
[Worker] k=6.0909 | 物理全谱(含截距) MSE=86.01 (b=0.000) | 理论正谱(纯缩放) MSE=75646.02
[Worker] k=4.0733 | 物理全谱(含截距) MSE=90.50 (b=0.000) | 理论正谱(纯缩放) MSE=6018.52
[Worker] k=7.6402 | 物理全谱(含截距) MSE=97.52 (b=-0.000) | 理论正谱(纯缩放) MSE=14344.95
[Worker] k=8.7967 | 物理全谱(含截距) MSE=26.34 (b=0.000) | 理论正谱(纯缩放) MSE=72.12
[Worker] k=5.9419 | 物理全谱(含截距) MSE=73.87 (b=0.000) | 理论正谱(纯缩放) MSE=9392.88
[Worker] k=6.2960 | 物理全谱(含截距) MSE=39.35 (b=0.000) | 理论正谱(纯缩放) MSE=152.94
[Worker] k=7.7203 | 物理全谱(含截距) MSE=87.81 (b=0.000) | 理论正谱(纯缩放) MSE=3225.32
[Worker] k=9.2728 | 物理全谱(含截距) MSE=84.43 (b=0.000) | 理论正谱(纯缩放) MSE=249.28
[Worker] k=8.2485 | 物理全谱(含截距) MSE=98.47 (b=0.000) | 理论正谱(纯缩放) MSE=607745.03
[Worker] k=8.6095 | 物理全谱(含截距) MSE=140.32 (b=0.000) | 理论正谱(纯缩放) MSE=2441.00
[Worker] k=2.1217 | 物理全谱(含截距) MSE=88.27 (b=0.000) | 理论正谱(纯缩放) MSE=4309253.33
[Worker] k=7.7087 | 物理全谱(含截距) MSE=35.88 (b=0.000) | 理论正谱(纯缩放) MSE=3084.23
[Worker] k=5.2774 | 物理全谱(含截距) MSE=66.26 (b=0.000) | 理论正谱(纯缩放) MSE=6172.39
[Worker] k=8.7828 | 物理全谱(含截距) MSE=10.81 (b=-0.000) | 理论正谱(纯缩放) MSE=1185.81
[Worker] k=2.9171 | 物理全谱(含截距) MSE=49.60 (b=-0.000) | 理论正谱(纯缩放) MSE=608.91
[Worker] k=9.9714 | 物理全谱(含截距) MSE=62.44 (b=0.000) | 理论正谱(纯缩放) MSE=937.39
[Worker] k=7.4073 | 物理全谱(含截距) MSE=85.14 (b=0.000) | 理论正谱(纯缩放) MSE=36108.53
[Worker] k=7.4516 | 物理全谱(含截距) MSE=13.36 (b=-0.000) | 理论正谱(纯缩放) MSE=17095.15
[Worker] k=9.5126 | 物理全谱(含截距) MSE=52.36 (b=-0.000) | 理论正谱(纯缩放) MSE=1560.00
[Worker] k=7.2058 | 物理全谱(含截距) MSE=53.07 (b=0.000) | 理论正谱(纯缩放) MSE=188637.62
[Worker] k=4.8884 | 物理全谱(含截距) MSE=90.96 (b=0.000) | 理论正谱(纯缩放) MSE=3716.06
[Worker] k=3.0013 | 物理全谱(含截距) MSE=81.43 (b=0.000) | 理论正谱(纯缩放) MSE=22381.79
[Worker] k=7.7159 | 物理全谱(含截距) MSE=55.92 (b=0.000) | 理论正谱(纯缩放) MSE=3052.24
[Worker] k=9.9262 | 物理全谱(含截距) MSE=94.48 (b=0.000) | 理论正谱(纯缩放) MSE=145.47
[Worker] k=2.9043 | 物理全谱(含截距) MSE=91.14 (b=0.000) | 理论正谱(纯缩放) MSE=2200017.23
[Worker] k=8.1250 | 物理全谱(含截距) MSE=44.17 (b=0.000) | 理论正谱(纯缩放) MSE=296.46
[Worker] k=4.2666 | 物理全谱(含截距) MSE=76.56 (b=0.000) | 理论正谱(纯缩放) MSE=368.97
[Worker] k=9.8646 | 物理全谱(含截距) MSE=119.11 (b=0.000) | 理论正谱(纯缩放) MSE=63286.11
[Worker] k=8.0970 | 物理全谱(含截距) MSE=82.06 (b=0.000) | 理论正谱(纯缩放) MSE=509.48
[Worker] k=6.6391 | 物理全谱(含截距) MSE=42.50 (b=0.000) | 理论正谱(纯缩放) MSE=1536.36
[Worker] k=5.1062 | 物理全谱(含截距) MSE=113.08 (b=0.000) | 理论正谱(纯缩放) MSE=2013.27
[Worker] k=4.4399 | 物理全谱(含截距) MSE=76.60 (b=0.000) | 理论正谱(纯缩放) MSE=264.31
[Worker] k=2.4426 | 物理全谱(含截距) MSE=131.95 (b=0.000) | 理论正谱(纯缩放) MSE=357640.77
[Worker] k=8.4092 | 物理全谱(含截距) MSE=32.29 (b=0.000) | 理论正谱(纯缩放) MSE=463027.14
[Worker] k=3.8268 | 物理全谱(含截距) MSE=60.98 (b=0.000) | 理论正谱(纯缩放) MSE=1693.72
[Worker] k=9.1131 | 物理全谱(含截距) MSE=79.79 (b=0.000) | 理论正谱(纯缩放) MSE=4780598.32
[Worker] k=6.2354 | 物理全谱(含截距) MSE=72.41 (b=0.000) | 理论正谱(纯缩放) MSE=7510.38
[Worker] k=4.8133 | 物理全谱(含截距) MSE=125.80 (b=-0.000) | 理论正谱(纯缩放) MSE=1778.69
[Worker] k=9.0519 | 物理全谱(含截距) MSE=71.31 (b=0.000) | 理论正谱(纯缩放) MSE=43806.08
[Worker] k=7.8305 | 物理全谱(含截距) MSE=41.98 (b=0.000) | 理论正谱(纯缩放) MSE=13128.89
[Worker] k=9.3257 | 物理全谱(含截距) MSE=98.61 (b=-0.000) | 理论正谱(纯缩放) MSE=13022.42
[Worker] k=2.6427 | 物理全谱(含截距) MSE=78.30 (b=0.000) | 理论正谱(纯缩放) MSE=142.20
[Worker] k=2.8189 | 物理全谱(含截距) MSE=63.02 (b=0.000) | 理论正谱(纯缩放) MSE=10775.30
[Worker] k=7.7095 | 物理全谱(含截距) MSE=101.92 (b=0.000) | 理论正谱(纯缩放) MSE=724350.99
[Worker] k=5.0650 | 物理全谱(含截距) MSE=63.71 (b=0.000) | 理论正谱(纯缩放) MSE=450.68
[Worker] k=6.8394 | 物理全谱(含截距) MSE=152.58 (b=-0.000) | 理论正谱(纯缩放) MSE=965.99
[Worker] k=5.8371 | 物理全谱(含截距) MSE=36.20 (b=0.000) | 理论正谱(纯缩放) MSE=46626.80
[Worker] k=7.9610 | 物理全谱(含截距) MSE=142.28 (b=0.000) | 理论正谱(纯缩放) MSE=2196.03
[Worker] k=6.6187 | 物理全谱(含截距) MSE=126.13 (b=-0.000) | 理论正谱(纯缩放) MSE=507.08
[Worker] k=8.6387 | 物理全谱(含截距) MSE=70.26 (b=0.000) | 理论正谱(纯缩放) MSE=482.14
[Worker] k=4.8265 | 物理全谱(含截距) MSE=112.12 (b=0.000) | 理论正谱(纯缩放) MSE=367.75
[Worker] k=4.9564 | 物理全谱(含截距) MSE=165.78 (b=0.000) | 理论正谱(纯缩放) MSE=849.70
[Worker] k=7.7175 | 物理全谱(含截距) MSE=29.91 (b=0.000) | 理论正谱(纯缩放) MSE=307604.16
[Worker] k=6.1934 | 物理全谱(含截距) MSE=60.33 (b=0.000) | 理论正谱(纯缩放) MSE=1985.65
[Worker] k=4.3862 | 物理全谱(含截距) MSE=87.48 (b=0.000) | 理论正谱(纯缩放) MSE=1593.45
[Worker] k=5.8490 | 物理全谱(含截距) MSE=149.22 (b=0.000) | 理论正谱(纯缩放) MSE=151.32
[Worker] k=9.4061 | 物理全谱(含截距) MSE=20.29 (b=0.000) | 理论正谱(纯缩放) MSE=437.50
[Worker] k=5.6562 | 物理全谱(含截距) MSE=54.49 (b=0.000) | 理论正谱(纯缩放) MSE=107.16
[Worker] k=2.9494 | 物理全谱(含截距) MSE=81.75 (b=0.000) | 理论正谱(纯缩放) MSE=163119.27
[Worker] k=8.1439 | 物理全谱(含截距) MSE=40.63 (b=0.000) | 理论正谱(纯缩放) MSE=2963.36
[Worker] k=2.8159 | 物理全谱(含截距) MSE=39.19 (b=0.000) | 理论正谱(纯缩放) MSE=41.95
[Worker] k=6.1982 | 物理全谱(含截距) MSE=47.86 (b=-0.000) | 理论正谱(纯缩放) MSE=4986.51
[Worker] k=6.8917 | 物理全谱(含截距) MSE=43.64 (b=0.000) | 理论正谱(纯缩放) MSE=3077.53
[Worker] k=9.1766 | 物理全谱(含截距) MSE=51.80 (b=0.000) | 理论正谱(纯缩放) MSE=646.19
[Worker] k=2.6579 | 物理全谱(含截距) MSE=59.38 (b=0.000) | 理论正谱(纯缩放) MSE=276105.74
[Worker] k=7.9198 | 物理全谱(含截距) MSE=57.83 (b=0.000) | 理论正谱(纯缩放) MSE=662.98
[Worker] k=9.7536 | 物理全谱(含截距) MSE=103.23 (b=0.000) | 理论正谱(纯缩放) MSE=54444.28
[Worker] k=7.3828 | 物理全谱(含截距) MSE=64.28 (b=0.000) | 理论正谱(纯缩放) MSE=196223.91
[Worker] k=9.7584 | 物理全谱(含截距) MSE=45.73 (b=0.000) | 理论正谱(纯缩放) MSE=681876.41
[Worker] k=9.7334 | 物理全谱(含截距) MSE=61.90 (b=0.000) | 理论正谱(纯缩放) MSE=111.25
[Worker] k=8.6974 | 物理全谱(含截距) MSE=79.11 (b=-0.000) | 理论正谱(纯缩放) MSE=1273.48
[Worker] k=9.9855 | 物理全谱(含截距) MSE=51.97 (b=0.000) | 理论正谱(纯缩放) MSE=103.15
[Worker] k=9.8149 | 物理全谱(含截距) MSE=36.58 (b=-0.000) | 理论正谱(纯缩放) MSE=15613.14
[Worker] k=5.1136 | 物理全谱(含截距) MSE=45.53 (b=0.000) | 理论正谱(纯缩放) MSE=1002.34
[Worker] k=8.4132 | 物理全谱(含截距) MSE=24.05 (b=0.000) | 理论正谱(纯缩放) MSE=52.56
[Worker] k=9.5901 | 物理全谱(含截距) MSE=32.19 (b=-0.000) | 理论正谱(纯缩放) MSE=40463.06
[Worker] k=7.7563 | 物理全谱(含截距) MSE=88.13 (b=0.000) | 理论正谱(纯缩放) MSE=3315.76
[Worker] k=9.8706 | 物理全谱(含截距) MSE=52.34 (b=-0.000) | 理论正谱(纯缩放) MSE=740.34
[Worker] k=7.7520 | 物理全谱(含截距) MSE=78.81 (b=0.000) | 理论正谱(纯缩放) MSE=18994.75
[Worker] k=8.9005 | 物理全谱(含截距) MSE=109.89 (b=0.000) | 理论正谱(纯缩放) MSE=20451.94
[Worker] k=8.1250 | 物理全谱(含截距) MSE=44.17 (b=0.000) | 理论正谱(纯缩放) MSE=296.46
[Worker] k=7.4208 | 物理全谱(含截距) MSE=32.73 (b=0.000) | 理论正谱(纯缩放) MSE=119.55
[Worker] k=6.9917 | 物理全谱(含截距) MSE=60.43 (b=0.000) | 理论正谱(纯缩放) MSE=83408.36
[Worker] k=3.5090 | 物理全谱(含截距) MSE=39.67 (b=0.000) | 理论正谱(纯缩放) MSE=111233.01
[Worker] k=3.9566 | 物理全谱(含截距) MSE=79.30 (b=0.000) | 理论正谱(纯缩放) MSE=22810.44
[Worker] k=2.4936 | 物理全谱(含截距) MSE=70.20 (b=0.000) | 理论正谱(纯缩放) MSE=269557.69
[Worker] k=9.3366 | 物理全谱(含截距) MSE=32.51 (b=0.000) | 理论正谱(纯缩放) MSE=427777.39[Worker] k=2.5823 | 物理全谱(含截距) MSE=80.48 (b=0.000) | 理论正谱(纯缩放) MSE=1983006.96

[Worker] k=7.9338 | 物理全谱(含截距) MSE=89.99 (b=0.000) | 理论正谱(纯缩放) MSE=30276.41
[Worker] k=4.2471 | 物理全谱(含截距) MSE=72.90 (b=0.000) | 理论正谱(纯缩放) MSE=3235.15
[Worker] k=8.8487 | 物理全谱(含截距) MSE=58.37 (b=0.000) | 理论正谱(纯缩放) MSE=448052.13
[Worker] k=8.7254 | 物理全谱(含截距) MSE=42.94 (b=-0.000) | 理论正谱(纯缩放) MSE=283.34
[Worker] k=7.2565 | 物理全谱(含截距) MSE=41.79 (b=0.000) | 理论正谱(纯缩放) MSE=12322.28
[Worker] k=8.9938 | 物理全谱(含截距) MSE=37.09 (b=0.000) | 理论正谱(纯缩放) MSE=615.35
[Worker] k=9.2025 | 物理全谱(含截距) MSE=58.10 (b=0.000) | 理论正谱(纯缩放) MSE=763599.52
[Worker] k=8.6917 | 物理全谱(含截距) MSE=91.37 (b=0.000) | 理论正谱(纯缩放) MSE=1471.21
[Worker] k=7.0015 | 物理全谱(含截距) MSE=31.55 (b=0.000) | 理论正谱(纯缩放) MSE=552.51
[Worker] k=5.6677 | 物理全谱(含截距) MSE=100.29 (b=0.000) | 理论正谱(纯缩放) MSE=81127.12
[Worker] k=6.2381 | 物理全谱(含截距) MSE=84.88 (b=0.000) | 理论正谱(纯缩放) MSE=3018591.80
[Worker] k=8.8185 | 物理全谱(含截距) MSE=26.01 (b=0.000) | 理论正谱(纯缩放) MSE=11262.87[Worker] k=3.2260 | 物理全谱(含截距) MSE=44.60 (b=0.000) | 理论正谱(纯缩放) MSE=144.27

[Worker] k=5.2243 | 物理全谱(含截距) MSE=67.21 (b=0.000) | 理论正谱(纯缩放) MSE=325.46
[Worker] k=3.1185 | 物理全谱(含截距) MSE=52.41 (b=0.000) | 理论正谱(纯缩放) MSE=2043.89
[Worker] k=4.1400 | 物理全谱(含截距) MSE=58.99 (b=0.000) | 理论正谱(纯缩放) MSE=794.73
[Worker] k=7.2270 | 物理全谱(含截距) MSE=116.44 (b=0.000) | 理论正谱(纯缩放) MSE=11431.81
[Worker] k=3.6891 | 物理全谱(含截距) MSE=55.72 (b=0.000) | 理论正谱(纯缩放) MSE=1824.24
[Worker] k=7.3241 | 物理全谱(含截距) MSE=120.80 (b=0.000) | 理论正谱(纯缩放) MSE=366.69
[Worker] k=8.4060 | 物理全谱(含截距) MSE=141.22 (b=0.000) | 理论正谱(纯缩放) MSE=238769.25
[Worker] k=2.0314 | 物理全谱(含截距) MSE=68.15 (b=0.000) | 理论正谱(纯缩放) MSE=3961.91
[Worker] k=9.1114 | 物理全谱(含截距) MSE=54.99 (b=-0.000) | 理论正谱(纯缩放) MSE=2681.46
[Worker] k=7.5325 | 物理全谱(含截距) MSE=105.23 (b=0.000) | 理论正谱(纯缩放) MSE=74447.96
[Worker] k=7.1506 | 物理全谱(含截距) MSE=89.69 (b=0.000) | 理论正谱(纯缩放) MSE=90.43
[Worker] k=4.8734 | 物理全谱(含截距) MSE=59.01 (b=-0.000) | 理论正谱(纯缩放) MSE=337.17
[Worker] k=9.1300 | 物理全谱(含截距) MSE=84.45 (b=0.000) | 理论正谱(纯缩放) MSE=75013.49
[Worker] k=7.7958 | 物理全谱(含截距) MSE=87.21 (b=-0.000) | 理论正谱(纯缩放) MSE=375269.49
[Worker] k=6.1848 | 物理全谱(含截距) MSE=56.04 (b=0.000) | 理论正谱(纯缩放) MSE=5081.86
[Worker] k=9.4546 | 物理全谱(含截距) MSE=30.79 (b=0.000) | 理论正谱(纯缩放) MSE=276998.43
[Worker] k=7.7477 | 物理全谱(含截距) MSE=16.03 (b=0.000) | 理论正谱(纯缩放) MSE=30324.70
[Worker] k=9.0553 | 物理全谱(含截距) MSE=62.22 (b=0.000) | 理论正谱(纯缩放) MSE=296.46
[Worker] k=6.0271 | 物理全谱(含截距) MSE=71.42 (b=0.000) | 理论正谱(纯缩放) MSE=195.65
[Worker] k=8.3198 | 物理全谱(含截距) MSE=73.30 (b=0.000) | 理论正谱(纯缩放) MSE=405.15
[Worker] k=6.8207 | 物理全谱(含截距) MSE=73.17 (b=0.000) | 理论正谱(纯缩放) MSE=3822.63
[Worker] k=8.6978 | 物理全谱(含截距) MSE=94.55 (b=-0.000) | 理论正谱(纯缩放) MSE=195.80
[Worker] k=5.7826 | 物理全谱(含截距) MSE=58.56 (b=0.000) | 理论正谱(纯缩放) MSE=74815.49
differential_evolution step 7: f(x)= 10.80906624443473
[Worker] k=9.6732 | 物理全谱(含截距) MSE=57.53 (b=0.000) | 理论正谱(纯缩放) MSE=14612.74
[Worker] k=8.7420 | 物理全谱(含截距) MSE=76.84 (b=0.000) | 理论正谱(纯缩放) MSE=463.89
[Worker] k=8.5185 | 物理全谱(含截距) MSE=18.00 (b=-0.000) | 理论正谱(纯缩放) MSE=748.33
[Worker] k=7.3288 | 物理全谱(含截距) MSE=59.93 (b=0.000) | 理论正谱(纯缩放) MSE=1242697.63
[Worker] k=9.5420 | 物理全谱(含截距) MSE=131.01 (b=0.000) | 理论正谱(纯缩放) MSE=21833.74
[Worker] k=9.1064 | 物理全谱(含截距) MSE=53.77 (b=0.000) | 理论正谱(纯缩放) MSE=320.56
[Worker] k=9.7762 | 物理全谱(含截距) MSE=64.30 (b=0.000) | 理论正谱(纯缩放) MSE=1276.73
[Worker] k=8.5565 | 物理全谱(含截距) MSE=47.87 (b=0.000) | 理论正谱(纯缩放) MSE=165.75
[Worker] k=7.4220 | 物理全谱(含截距) MSE=24.35 (b=0.000) | 理论正谱(纯缩放) MSE=8448.30
[Worker] k=7.9273 | 物理全谱(含截距) MSE=44.58 (b=0.000) | 理论正谱(纯缩放) MSE=6799.42
[Worker] k=8.0129 | 物理全谱(含截距) MSE=66.90 (b=0.000) | 理论正谱(纯缩放) MSE=61948.55
[Worker] k=5.5273 | 物理全谱(含截距) MSE=145.22 (b=-0.000) | 理论正谱(纯缩放) MSE=13750.37
[Worker] k=8.8479 | 物理全谱(含截距) MSE=71.37 (b=0.000) | 理论正谱(纯缩放) MSE=4861.00
[Worker] k=9.1353 | 物理全谱(含截距) MSE=66.54 (b=0.000) | 理论正谱(纯缩放) MSE=1828.01
[Worker] k=2.9780 | 物理全谱(含截距) MSE=67.04 (b=0.000) | 理论正谱(纯缩放) MSE=444.51
[Worker] k=9.0122 | 物理全谱(含截距) MSE=44.08 (b=0.000) | 理论正谱(纯缩放) MSE=2583.13
[Worker] k=8.1329 | 物理全谱(含截距) MSE=48.52 (b=0.000) | 理论正谱(纯缩放) MSE=10990.82
[Worker] k=8.6923 | 物理全谱(含截距) MSE=48.26 (b=0.000) | 理论正谱(纯缩放) MSE=155470.33
[Worker] k=4.9612 | 物理全谱(含截距) MSE=105.19 (b=0.000) | 理论正谱(纯缩放) MSE=111.61
[Worker] k=5.8354 | 物理全谱(含截距) MSE=35.68 (b=0.000) | 理论正谱(纯缩放) MSE=12665.49
[Worker] k=5.6681 | 物理全谱(含截距) MSE=67.64 (b=0.000) | 理论正谱(纯缩放) MSE=26303.79
[Worker] k=8.6932 | 物理全谱(含截距) MSE=34.08 (b=0.000) | 理论正谱(纯缩放) MSE=193436.86
[Worker] k=8.9954 | 物理全谱(含截距) MSE=53.26 (b=0.000) | 理论正谱(纯缩放) MSE=2642.09
[Worker] k=9.6033 | 物理全谱(含截距) MSE=118.71 (b=0.000) | 理论正谱(纯缩放) MSE=175117.78
[Worker] k=9.6403 | 物理全谱(含截距) MSE=109.91 (b=0.000) | 理论正谱(纯缩放) MSE=3328.15
[Worker] k=9.1226 | 物理全谱(含截距) MSE=122.52 (b=0.000) | 理论正谱(纯缩放) MSE=89299.86
[Worker] k=5.9778 | 物理全谱(含截距) MSE=113.57 (b=0.000) | 理论正谱(纯缩放) MSE=159085.43
[Worker] k=5.2864 | 物理全谱(含截距) MSE=51.79 (b=0.000) | 理论正谱(纯缩放) MSE=55.24
[Worker] k=7.3659 | 物理全谱(含截距) MSE=43.10 (b=0.000) | 理论正谱(纯缩放) MSE=436269.14
[Worker] k=7.3286 | 物理全谱(含截距) MSE=37.86 (b=0.000) | 理论正谱(纯缩放) MSE=23767.20
[Worker] k=8.8267 | 物理全谱(含截距) MSE=78.54 (b=-0.000) | 理论正谱(纯缩放) MSE=7050.06
[Worker] k=5.7467 | 物理全谱(含截距) MSE=93.77 (b=0.000) | 理论正谱(纯缩放) MSE=8189.03
[Worker] k=4.9774 | 物理全谱(含截距) MSE=115.30 (b=-0.000) | 理论正谱(纯缩放) MSE=678679.02
[Worker] k=9.8161 | 物理全谱(含截距) MSE=38.22 (b=0.000) | 理论正谱(纯缩放) MSE=14073.58
[Worker] k=9.2247 | 物理全谱(含截距) MSE=67.80 (b=0.000) | 理论正谱(纯缩放) MSE=992.87
[Worker] k=8.5465 | 物理全谱(含截距) MSE=110.50 (b=-0.000) | 理论正谱(纯缩放) MSE=242334.67
[Worker] k=7.2321 | 物理全谱(含截距) MSE=46.89 (b=0.000) | 理论正谱(纯缩放) MSE=35690.26
[Worker] k=7.6323 | 物理全谱(含截距) MSE=52.40 (b=0.000) | 理论正谱(纯缩放) MSE=1528.62
[Worker] k=2.5032 | 物理全谱(含截距) MSE=82.33 (b=0.000) | 理论正谱(纯缩放) MSE=29118.84
[Worker] k=8.3701 | 物理全谱(含截距) MSE=54.64 (b=0.000) | 理论正谱(纯缩放) MSE=4989.38
[Worker] k=9.6416 | 物理全谱(含截距) MSE=89.84 (b=-0.000) | 理论正谱(纯缩放) MSE=106105.99
[Worker] k=7.5732 | 物理全谱(含截距) MSE=38.94 (b=-0.000) | 理论正谱(纯缩放) MSE=119.29
[Worker] k=5.2697 | 物理全谱(含截距) MSE=118.52 (b=0.000) | 理论正谱(纯缩放) MSE=295441.15
[Worker] k=8.9868 | 物理全谱(含截距) MSE=34.95 (b=0.000) | 理论正谱(纯缩放) MSE=2166.40
[Worker] k=8.8585 | 物理全谱(含截距) MSE=108.01 (b=0.000) | 理论正谱(纯缩放) MSE=17675.14
[Worker] k=7.1622 | 物理全谱(含截距) MSE=79.05 (b=0.000) | 理论正谱(纯缩放) MSE=147.67
[Worker] k=5.6477 | 物理全谱(含截距) MSE=82.25 (b=0.000) | 理论正谱(纯缩放) MSE=103511.56
[Worker] k=8.6716 | 物理全谱(含截距) MSE=78.69 (b=0.000) | 理论正谱(纯缩放) MSE=59597.28
[Worker] k=9.2023 | 物理全谱(含截距) MSE=140.79 (b=0.000) | 理论正谱(纯缩放) MSE=2490.32
[Worker] k=5.8027 | 物理全谱(含截距) MSE=52.52 (b=0.000) | 理论正谱(纯缩放) MSE=1739.05
[Worker] k=8.0178 | 物理全谱(含截距) MSE=95.80 (b=0.000) | 理论正谱(纯缩放) MSE=16536.71
[Worker] k=7.9591 | 物理全谱(含截距) MSE=63.45 (b=0.000) | 理论正谱(纯缩放) MSE=330.60
[Worker] k=9.9969 | 物理全谱(含截距) MSE=57.88 (b=0.000) | 理论正谱(纯缩放) MSE=1363370.14
[Worker] k=9.4408 | 物理全谱(含截距) MSE=96.62 (b=0.000) | 理论正谱(纯缩放) MSE=12413.99
[Worker] k=6.7664 | 物理全谱(含截距) MSE=40.09 (b=0.000) | 理论正谱(纯缩放) MSE=2757.19
[Worker] k=8.9350 | 物理全谱(含截距) MSE=63.05 (b=0.000) | 理论正谱(纯缩放) MSE=267783.27
[Worker] k=9.6811 | 物理全谱(含截距) MSE=47.33 (b=0.000) | 理论正谱(纯缩放) MSE=121.64
[Worker] k=6.6778 | 物理全谱(含截距) MSE=122.76 (b=0.000) | 理论正谱(纯缩放) MSE=12558.51
[Worker] k=8.7516 | 物理全谱(含截距) MSE=78.17 (b=0.000) | 理论正谱(纯缩放) MSE=493.53
[Worker] k=9.1238 | 物理全谱(含截距) MSE=80.35 (b=0.000) | 理论正谱(纯缩放) MSE=357.69
[Worker] k=9.0549 | 物理全谱(含截距) MSE=84.49 (b=0.000) | 理论正谱(纯缩放) MSE=268.60
[Worker] k=7.8841 | 物理全谱(含截距) MSE=119.14 (b=0.000) | 理论正谱(纯缩放) MSE=660.42
[Worker] k=9.8713 | 物理全谱(含截距) MSE=132.39 (b=0.000) | 理论正谱(纯缩放) MSE=2649.95
[Worker] k=8.2196 | 物理全谱(含截距) MSE=138.02 (b=0.000) | 理论正谱(纯缩放) MSE=5726.77
[Worker] k=9.4627 | 物理全谱(含截距) MSE=32.37 (b=0.000) | 理论正谱(纯缩放) MSE=407.95
[Worker] k=6.7727 | 物理全谱(含截距) MSE=49.48 (b=-0.000) | 理论正谱(纯缩放) MSE=1074145.18
[Worker] k=9.5170 | 物理全谱(含截距) MSE=90.78 (b=0.000) | 理论正谱(纯缩放) MSE=266.09
[Worker] k=5.7315 | 物理全谱(含截距) MSE=63.16 (b=0.000) | 理论正谱(纯缩放) MSE=38148.65
[Worker] k=7.5423 | 物理全谱(含截距) MSE=85.26 (b=0.000) | 理论正谱(纯缩放) MSE=433.30
[Worker] k=3.8241 | 物理全谱(含截距) MSE=32.14 (b=-0.000) | 理论正谱(纯缩放) MSE=394.17
[Worker] k=7.8562 | 物理全谱(含截距) MSE=81.16 (b=0.000) | 理论正谱(纯缩放) MSE=1407582.03
[Worker] k=6.6408 | 物理全谱(含截距) MSE=49.95 (b=0.000) | 理论正谱(纯缩放) MSE=452.00
[Worker] k=9.3269 | 物理全谱(含截距) MSE=78.15 (b=0.000) | 理论正谱(纯缩放) MSE=79.23
[Worker] k=8.9785 | 物理全谱(含截距) MSE=35.04 (b=0.000) | 理论正谱(纯缩放) MSE=5124.76
[Worker] k=6.2185 | 物理全谱(含截距) MSE=37.50 (b=0.000) | 理论正谱(纯缩放) MSE=94.87
[Worker] k=8.9837 | 物理全谱(含截距) MSE=61.53 (b=0.000) | 理论正谱(纯缩放) MSE=141.67
[Worker] k=8.8753 | 物理全谱(含截距) MSE=63.22 (b=0.000) | 理论正谱(纯缩放) MSE=93291.43
[Worker] k=9.6200 | 物理全谱(含截距) MSE=42.10 (b=0.000) | 理论正谱(纯缩放) MSE=832.27
[Worker] k=6.0688 | 物理全谱(含截距) MSE=49.51 (b=0.000) | 理论正谱(纯缩放) MSE=17170.30
[Worker] k=5.2408 | 物理全谱(含截距) MSE=65.93 (b=0.000) | 理论正谱(纯缩放) MSE=1223.89
[Worker] k=7.2455 | 物理全谱(含截距) MSE=48.75 (b=0.000) | 理论正谱(纯缩放) MSE=13805.94
[Worker] k=6.7791 | 物理全谱(含截距) MSE=60.14 (b=0.000) | 理论正谱(纯缩放) MSE=201.30
[Worker] k=9.7679 | 物理全谱(含截距) MSE=97.36 (b=0.000) | 理论正谱(纯缩放) MSE=175.51
[Worker] k=9.0686 | 物理全谱(含截距) MSE=55.11 (b=0.000) | 理论正谱(纯缩放) MSE=17683.16
[Worker] k=5.8243 | 物理全谱(含截距) MSE=16.34 (b=-0.000) | 理论正谱(纯缩放) MSE=2584.02
[Worker] k=7.2162 | 物理全谱(含截距) MSE=89.79 (b=0.000) | 理论正谱(纯缩放) MSE=1996724.19
[Worker] k=9.6634 | 物理全谱(含截距) MSE=57.96 (b=0.000) | 理论正谱(纯缩放) MSE=139.74
[Worker] k=6.8394 | 物理全谱(含截距) MSE=93.51 (b=-0.000) | 理论正谱(纯缩放) MSE=540643.43
[Worker] k=9.1555 | 物理全谱(含截距) MSE=56.57 (b=0.000) | 理论正谱(纯缩放) MSE=49454.64
[Worker] k=8.9589 | 物理全谱(含截距) MSE=36.92 (b=0.000) | 理论正谱(纯缩放) MSE=76.43
[Worker] k=7.8508 | 物理全谱(含截距) MSE=80.89 (b=0.000) | 理论正谱(纯缩放) MSE=2792.58
[Worker] k=8.2898 | 物理全谱(含截距) MSE=54.26 (b=0.000) | 理论正谱(纯缩放) MSE=27595.60
[Worker] k=7.6368 | 物理全谱(含截距) MSE=84.98 (b=-0.000) | 理论正谱(纯缩放) MSE=1895.23
[Worker] k=6.7838 | 物理全谱(含截距) MSE=37.57 (b=0.000) | 理论正谱(纯缩放) MSE=25504.29
[Worker] k=6.8833 | 物理全谱(含截距) MSE=45.93 (b=0.000) | 理论正谱(纯缩放) MSE=5099.80
[Worker] k=8.9300 | 物理全谱(含截距) MSE=44.12 (b=-0.000) | 理论正谱(纯缩放) MSE=56442.25
[Worker] k=7.8765 | 物理全谱(含截距) MSE=63.01 (b=0.000) | 理论正谱(纯缩放) MSE=596.83
[Worker] k=5.1264 | 物理全谱(含截距) MSE=98.75 (b=-0.000) | 理论正谱(纯缩放) MSE=323.90
[Worker] k=7.4189 | 物理全谱(含截距) MSE=55.49 (b=0.000) | 理论正谱(纯缩放) MSE=64.26
[Worker] k=8.0946 | 物理全谱(含截距) MSE=146.43 (b=0.000) | 理论正谱(纯缩放) MSE=1216.81[Worker] k=7.7460 | 物理全谱(含截距) MSE=86.32 (b=-0.000) | 理论正谱(纯缩放) MSE=120.58

[Worker] k=3.6679 | 物理全谱(含截距) MSE=39.58 (b=0.000) | 理论正谱(纯缩放) MSE=299.08
[Worker] k=7.1343 | 物理全谱(含截距) MSE=113.45 (b=0.000) | 理论正谱(纯缩放) MSE=21366.44
[Worker] k=9.4045 | 物理全谱(含截距) MSE=61.60 (b=0.000) | 理论正谱(纯缩放) MSE=10800.96
[Worker] k=2.5739 | 物理全谱(含截距) MSE=48.96 (b=-0.000) | 理论正谱(纯缩放) MSE=26445.30
[Worker] k=4.9219 | 物理全谱(含截距) MSE=138.21 (b=-0.000) | 理论正谱(纯缩放) MSE=1730.77
[Worker] k=9.8569 | 物理全谱(含截距) MSE=57.76 (b=-0.000) | 理论正谱(纯缩放) MSE=620.21
[Worker] k=6.5814 | 物理全谱(含截距) MSE=84.90 (b=0.000) | 理论正谱(纯缩放) MSE=1209.08
[Worker] k=9.0917 | 物理全谱(含截距) MSE=115.63 (b=0.000) | 理论正谱(纯缩放) MSE=66793.40
[Worker] k=8.6745 | 物理全谱(含截距) MSE=55.88 (b=0.000) | 理论正谱(纯缩放) MSE=10174.05
[Worker] k=9.3050 | 物理全谱(含截距) MSE=81.24 (b=0.000) | 理论正谱(纯缩放) MSE=363604.35
[Worker] k=8.2943 | 物理全谱(含截距) MSE=45.72 (b=0.000) | 理论正谱(纯缩放) MSE=7952.01
[Worker] k=9.6123 | 物理全谱(含截距) MSE=39.11 (b=0.000) | 理论正谱(纯缩放) MSE=1407.06
[Worker] k=9.7704 | 物理全谱(含截距) MSE=86.78 (b=0.000) | 理论正谱(纯缩放) MSE=1127.23
[Worker] k=6.0594 | 物理全谱(含截距) MSE=117.92 (b=0.000) | 理论正谱(纯缩放) MSE=2190.21
[Worker] k=6.7924 | 物理全谱(含截距) MSE=66.80 (b=0.000) | 理论正谱(纯缩放) MSE=76.92
[Worker] k=8.9190 | 物理全谱(含截距) MSE=88.71 (b=0.000) | 理论正谱(纯缩放) MSE=240517.15
[Worker] k=6.8354 | 物理全谱(含截距) MSE=66.40 (b=0.000) | 理论正谱(纯缩放) MSE=20990.39
[Worker] k=8.5801 | 物理全谱(含截距) MSE=67.25 (b=0.000) | 理论正谱(纯缩放) MSE=345.85
[Worker] k=8.7098 | 物理全谱(含截距) MSE=37.41 (b=-0.000) | 理论正谱(纯缩放) MSE=3866.14
[Worker] k=7.4250 | 物理全谱(含截距) MSE=29.95 (b=0.000) | 理论正谱(纯缩放) MSE=2718844.34
[Worker] k=8.9193 | 物理全谱(含截距) MSE=43.80 (b=-0.000) | 理论正谱(纯缩放) MSE=113102.59
[Worker] k=6.2456 | 物理全谱(含截距) MSE=96.62 (b=0.000) | 理论正谱(纯缩放) MSE=3469.05
[Worker] k=9.6135 | 物理全谱(含截距) MSE=197.92 (b=0.000) | 理论正谱(纯缩放) MSE=538.47
[Worker] k=7.5399 | 物理全谱(含截距) MSE=57.22 (b=-0.000) | 理论正谱(纯缩放) MSE=154.17
[Worker] k=7.0422 | 物理全谱(含截距) MSE=36.51 (b=0.000) | 理论正谱(纯缩放) MSE=709.80
[Worker] k=6.6984 | 物理全谱(含截距) MSE=48.33 (b=-0.000) | 理论正谱(纯缩放) MSE=446.75
[Worker] k=8.4794 | 物理全谱(含截距) MSE=50.33 (b=0.000) | 理论正谱(纯缩放) MSE=10467.64
[Worker] k=9.2651 | 物理全谱(含截距) MSE=69.18 (b=-0.000) | 理论正谱(纯缩放) MSE=552.87
[Worker] k=9.5245 | 物理全谱(含截距) MSE=137.27 (b=0.000) | 理论正谱(纯缩放) MSE=3950.22
[Worker] k=9.2851 | 物理全谱(含截距) MSE=81.18 (b=0.000) | 理论正谱(纯缩放) MSE=1531.45
[Worker] k=7.7865 | 物理全谱(含截距) MSE=36.97 (b=0.000) | 理论正谱(纯缩放) MSE=1211.05
[Worker] k=7.5885 | 物理全谱(含截距) MSE=37.80 (b=-0.000) | 理论正谱(纯缩放) MSE=32117.09
[Worker] k=7.7948 | 物理全谱(含截距) MSE=117.37 (b=0.000) | 理论正谱(纯缩放) MSE=365183.26
[Worker] k=3.7629 | 物理全谱(含截距) MSE=56.91 (b=0.000) | 理论正谱(纯缩放) MSE=7548.79
[Worker] k=3.8650 | 物理全谱(含截距) MSE=76.78 (b=-0.000) | 理论正谱(纯缩放) MSE=10790.05
[Worker] k=7.3098 | 物理全谱(含截距) MSE=111.72 (b=0.000) | 理论正谱(纯缩放) MSE=14160.26
[Worker] k=9.2945 | 物理全谱(含截距) MSE=60.42 (b=0.000) | 理论正谱(纯缩放) MSE=1383.03
[Worker] k=8.9363 | 物理全谱(含截距) MSE=127.40 (b=0.000) | 理论正谱(纯缩放) MSE=57649.89
[Worker] k=5.6268 | 物理全谱(含截距) MSE=64.14 (b=0.000) | 理论正谱(纯缩放) MSE=64.42
[Worker] k=6.4092 | 物理全谱(含截距) MSE=28.52 (b=0.000) | 理论正谱(纯缩放) MSE=1288.04
[Worker] k=9.8126 | 物理全谱(含截距) MSE=53.64 (b=0.000) | 理论正谱(纯缩放) MSE=2988.92
[Worker] k=8.6915 | 物理全谱(含截距) MSE=85.41 (b=0.000) | 理论正谱(纯缩放) MSE=16437.67
[Worker] k=7.2071 | 物理全谱(含截距) MSE=88.27 (b=0.000) | 理论正谱(纯缩放) MSE=702.06
[Worker] k=6.0882 | 物理全谱(含截距) MSE=34.99 (b=-0.000) | 理论正谱(纯缩放) MSE=2351.13
[Worker] k=6.0490 | 物理全谱(含截距) MSE=132.69 (b=0.000) | 理论正谱(纯缩放) MSE=4420.57
[Worker] k=8.5848 | 物理全谱(含截距) MSE=73.53 (b=0.000) | 理论正谱(纯缩放) MSE=124.45
[Worker] k=9.9929 | 物理全谱(含截距) MSE=102.80 (b=-0.000) | 理论正谱(纯缩放) MSE=4727.35
[Worker] k=7.2596 | 物理全谱(含截距) MSE=40.04 (b=0.000) | 理论正谱(纯缩放) MSE=2272.34
[Worker] k=8.6281 | 物理全谱(含截距) MSE=100.91 (b=-0.000) | 理论正谱(纯缩放) MSE=125.28
[Worker] k=9.4985 | 物理全谱(含截距) MSE=80.02 (b=0.000) | 理论正谱(纯缩放) MSE=3774.28
[Worker] k=7.6767 | 物理全谱(含截距) MSE=25.49 (b=-0.000) | 理论正谱(纯缩放) MSE=11029.24
[Worker] k=9.5445 | 物理全谱(含截距) MSE=39.73 (b=-0.000) | 理论正谱(纯缩放) MSE=354.51
[Worker] k=2.3095 | 物理全谱(含截距) MSE=95.26 (b=0.000) | 理论正谱(纯缩放) MSE=175304.32
[Worker] k=9.7695 | 物理全谱(含截距) MSE=22.04 (b=0.000) | 理论正谱(纯缩放) MSE=2871.22
[Worker] k=8.6404 | 物理全谱(含截距) MSE=99.44 (b=-0.000) | 理论正谱(纯缩放) MSE=9019.85
[Worker] k=6.8837 | 物理全谱(含截距) MSE=67.36 (b=0.000) | 理论正谱(纯缩放) MSE=19733.79
[Worker] k=9.5186 | 物理全谱(含截距) MSE=101.73 (b=0.000) | 理论正谱(纯缩放) MSE=4521.62
[Worker] k=9.2931 | 物理全谱(含截距) MSE=27.17 (b=0.000) | 理论正谱(纯缩放) MSE=104734.45
[Worker] k=7.5557 | 物理全谱(含截距) MSE=113.14 (b=0.000) | 理论正谱(纯缩放) MSE=47119.21
[Worker] k=6.3311 | 物理全谱(含截距) MSE=131.38 (b=-0.000) | 理论正谱(纯缩放) MSE=1207.50
[Worker] k=8.9300 | 物理全谱(含截距) MSE=44.12 (b=-0.000) | 理论正谱(纯缩放) MSE=56442.25
[Worker] k=6.3826 | 物理全谱(含截距) MSE=138.14 (b=-0.000) | 理论正谱(纯缩放) MSE=1231.30
[Worker] k=9.9556 | 物理全谱(含截距) MSE=51.27 (b=0.000) | 理论正谱(纯缩放) MSE=31045.95
[Worker] k=9.2779 | 物理全谱(含截距) MSE=69.00 (b=0.000) | 理论正谱(纯缩放) MSE=1348.55
[Worker] k=9.5897 | 物理全谱(含截距) MSE=106.43 (b=0.000) | 理论正谱(纯缩放) MSE=1446.03[Worker] k=2.8131 | 物理全谱(含截距) MSE=32.71 (b=0.000) | 理论正谱(纯缩放) MSE=75.47

[Worker] k=4.6090 | 物理全谱(含截距) MSE=96.56 (b=0.000) | 理论正谱(纯缩放) MSE=5745.52
[Worker] k=9.2436 | 物理全谱(含截距) MSE=112.55 (b=-0.000) | 理论正谱(纯缩放) MSE=31825.16
[Worker] k=7.6507 | 物理全谱(含截距) MSE=51.10 (b=0.000) | 理论正谱(纯缩放) MSE=4980.08
[Worker] k=8.5856 | 物理全谱(含截距) MSE=32.67 (b=0.000) | 理论正谱(纯缩放) MSE=19994.23
[Worker] k=9.0620 | 物理全谱(含截距) MSE=156.21 (b=0.000) | 理论正谱(纯缩放) MSE=348.19
[Worker] k=6.0662 | 物理全谱(含截距) MSE=109.91 (b=0.000) | 理论正谱(纯缩放) MSE=111.68
[Worker] k=8.4137 | 物理全谱(含截距) MSE=100.99 (b=0.000) | 理论正谱(纯缩放) MSE=35417.45
[Worker] k=8.7446 | 物理全谱(含截距) MSE=25.55 (b=0.000) | 理论正谱(纯缩放) MSE=4743.17
[Worker] k=7.7074 | 物理全谱(含截距) MSE=69.69 (b=0.000) | 理论正谱(纯缩放) MSE=1605.96
[Worker] k=7.4380 | 物理全谱(含截距) MSE=60.42 (b=0.000) | 理论正谱(纯缩放) MSE=89615.31
[Worker] k=7.9662 | 物理全谱(含截距) MSE=34.24 (b=0.000) | 理论正谱(纯缩放) MSE=569283.53
[Worker] k=3.0106 | 物理全谱(含截距) MSE=105.79 (b=0.000) | 理论正谱(纯缩放) MSE=510365.37
[Worker] k=6.3767 | 物理全谱(含截距) MSE=68.31 (b=0.000) | 理论正谱(纯缩放) MSE=2288.95
[Worker] k=8.7939 | 物理全谱(含截距) MSE=47.21 (b=0.000) | 理论正谱(纯缩放) MSE=1210.60
[Worker] k=8.3899 | 物理全谱(含截距) MSE=106.11 (b=0.000) | 理论正谱(纯缩放) MSE=1520.49
[Worker] k=9.9705 | 物理全谱(含截距) MSE=67.12 (b=0.000) | 理论正谱(纯缩放) MSE=323616.61
[Worker] k=7.9650 | 物理全谱(含截距) MSE=202.91 (b=0.000) | 理论正谱(纯缩放) MSE=36725.10
[Worker] k=5.3175 | 物理全谱(含截距) MSE=54.88 (b=0.000) | 理论正谱(纯缩放) MSE=460.07
[Worker] k=5.1289 | 物理全谱(含截距) MSE=32.67 (b=0.000) | 理论正谱(纯缩放) MSE=6085.25
[Worker] k=8.7759 | 物理全谱(含截距) MSE=100.87 (b=0.000) | 理论正谱(纯缩放) MSE=24069.77
[Worker] k=5.7571 | 物理全谱(含截距) MSE=47.00 (b=-0.000) | 理论正谱(纯缩放) MSE=25567.91
[Worker] k=8.8998 | 物理全谱(含截距) MSE=75.41 (b=0.000) | 理论正谱(纯缩放) MSE=4232.02
[Worker] k=4.2637 | 物理全谱(含截距) MSE=103.28 (b=0.000) | 理论正谱(纯缩放) MSE=4077.50
[Worker] k=6.0317 | 物理全谱(含截距) MSE=92.26 (b=0.000) | 理论正谱(纯缩放) MSE=12809.27
[Worker] k=7.3027 | 物理全谱(含截距) MSE=99.44 (b=0.000) | 理论正谱(纯缩放) MSE=293.06
[Worker] k=9.6924 | 物理全谱(含截距) MSE=171.44 (b=0.000) | 理论正谱(纯缩放) MSE=69554.61
[Worker] k=6.6819 | 物理全谱(含截距) MSE=75.67 (b=-0.000) | 理论正谱(纯缩放) MSE=2572.00
[Worker] k=6.7653 | 物理全谱(含截距) MSE=74.02 (b=-0.000) | 理论正谱(纯缩放) MSE=2342.34
[Worker] k=8.9527 | 物理全谱(含截距) MSE=58.43 (b=0.000) | 理论正谱(纯缩放) MSE=1696.16
[Worker] k=7.9639 | 物理全谱(含截距) MSE=108.17 (b=0.000) | 理论正谱(纯缩放) MSE=4639530.83
[Worker] k=9.4756 | 物理全谱(含截距) MSE=57.34 (b=0.000) | 理论正谱(纯缩放) MSE=147.46
[Worker] k=8.3887 | 物理全谱(含截距) MSE=114.16 (b=0.000) | 理论正谱(纯缩放) MSE=120.69
[Worker] k=7.0403 | 物理全谱(含截距) MSE=76.95 (b=-0.000) | 理论正谱(纯缩放) MSE=31278.68
[Worker] k=6.8151 | 物理全谱(含截距) MSE=49.76 (b=0.000) | 理论正谱(纯缩放) MSE=3182.67
[Worker] k=8.1868 | 物理全谱(含截距) MSE=64.74 (b=0.000) | 理论正谱(纯缩放) MSE=126203.31
[Worker] k=4.8048 | 物理全谱(含截距) MSE=53.52 (b=0.000) | 理论正谱(纯缩放) MSE=1389.18
[Worker] k=5.2281 | 物理全谱(含截距) MSE=26.26 (b=0.000) | 理论正谱(纯缩放) MSE=951.78
[Worker] k=9.1388 | 物理全谱(含截距) MSE=58.22 (b=0.000) | 理论正谱(纯缩放) MSE=1468.16
[Worker] k=8.0587 | 物理全谱(含截距) MSE=23.98 (b=0.000) | 理论正谱(纯缩放) MSE=8440.12
[Worker] k=9.5538 | 物理全谱(含截距) MSE=22.48 (b=0.000) | 理论正谱(纯缩放) MSE=101695.13
[Worker] k=8.8826 | 物理全谱(含截距) MSE=47.08 (b=0.000) | 理论正谱(纯缩放) MSE=75.96
[Worker] k=9.6386 | 物理全谱(含截距) MSE=69.72 (b=0.000) | 理论正谱(纯缩放) MSE=62103.22
[Worker] k=7.6647 | 物理全谱(含截距) MSE=24.16 (b=-0.000) | 理论正谱(纯缩放) MSE=35.32
[Worker] k=5.8917 | 物理全谱(含截距) MSE=185.32 (b=-0.000) | 理论正谱(纯缩放) MSE=29522.68
[Worker] k=3.3118 | 物理全谱(含截距) MSE=92.81 (b=0.000) | 理论正谱(纯缩放) MSE=188.67
[Worker] k=6.3284 | 物理全谱(含截距) MSE=83.51 (b=0.000) | 理论正谱(纯缩放) MSE=66696.61
[Worker] k=8.7306 | 物理全谱(含截距) MSE=97.94 (b=-0.000) | 理论正谱(纯缩放) MSE=181744.77
[Worker] k=6.5728 | 物理全谱(含截距) MSE=97.58 (b=0.000) | 理论正谱(纯缩放) MSE=1078247.34
[Worker] k=7.4817 | 物理全谱(含截距) MSE=63.07 (b=0.000) | 理论正谱(纯缩放) MSE=6922.58
[Worker] k=8.5303 | 物理全谱(含截距) MSE=70.85 (b=0.000) | 理论正谱(纯缩放) MSE=14164.80
[Worker] k=8.1795 | 物理全谱(含截距) MSE=102.81 (b=0.000) | 理论正谱(纯缩放) MSE=233335.51
[Worker] k=9.3405 | 物理全谱(含截距) MSE=84.37 (b=0.000) | 理论正谱(纯缩放) MSE=473.79
[Worker] k=8.5139 | 物理全谱(含截距) MSE=62.28 (b=-0.000) | 理论正谱(纯缩放) MSE=728672.91
[Worker] k=4.4724 | 物理全谱(含截距) MSE=67.97 (b=-0.000) | 理论正谱(纯缩放) MSE=70.72
[Worker] k=7.7967 | 物理全谱(含截距) MSE=48.93 (b=0.000) | 理论正谱(纯缩放) MSE=694.00
[Worker] k=2.3117 | 物理全谱(含截距) MSE=95.52 (b=0.000) | 理论正谱(纯缩放) MSE=76797.77
[Worker] k=8.0454 | 物理全谱(含截距) MSE=38.13 (b=0.000) | 理论正谱(纯缩放) MSE=42.12
[Worker] k=7.2296 | 物理全谱(含截距) MSE=34.86 (b=0.000) | 理论正谱(纯缩放) MSE=177649.87
[Worker] k=6.5239 | 物理全谱(含截距) MSE=80.20 (b=-0.000) | 理论正谱(纯缩放) MSE=73985.07
[Worker] k=7.6765 | 物理全谱(含截距) MSE=104.69 (b=0.000) | 理论正谱(纯缩放) MSE=43562.66
[Worker] k=9.7901 | 物理全谱(含截距) MSE=70.64 (b=0.000) | 理论正谱(纯缩放) MSE=12384.45
[Worker] k=9.6381 | 物理全谱(含截距) MSE=53.01 (b=0.000) | 理论正谱(纯缩放) MSE=35319.94
[Worker] k=9.6287 | 物理全谱(含截距) MSE=70.71 (b=-0.000) | 理论正谱(纯缩放) MSE=5615.61
[Worker] k=6.5478 | 物理全谱(含截距) MSE=68.03 (b=0.000) | 理论正谱(纯缩放) MSE=190.74
[Worker] k=8.9905 | 物理全谱(含截距) MSE=44.33 (b=0.000) | 理论正谱(纯缩放) MSE=1245.75
[Worker] k=9.6227 | 物理全谱(含截距) MSE=156.14 (b=0.000) | 理论正谱(纯缩放) MSE=147215.57
[Worker] k=6.6247 | 物理全谱(含截距) MSE=81.51 (b=0.000) | 理论正谱(纯缩放) MSE=1664.30
[Worker] k=6.3981 | 物理全谱(含截距) MSE=42.93 (b=0.000) | 理论正谱(纯缩放) MSE=7918.09
[Worker] k=9.4196 | 物理全谱(含截距) MSE=85.59 (b=0.000) | 理论正谱(纯缩放) MSE=2410.31
[Worker] k=9.2605 | 物理全谱(含截距) MSE=79.18 (b=0.000) | 理论正谱(纯缩放) MSE=28368.43
[Worker] k=7.5085 | 物理全谱(含截距) MSE=58.73 (b=0.000) | 理论正谱(纯缩放) MSE=4066.34
[Worker] k=7.3982 | 物理全谱(含截距) MSE=176.12 (b=-0.000) | 理论正谱(纯缩放) MSE=134520.45
[Worker] k=2.1224 | 物理全谱(含截距) MSE=48.43 (b=0.000) | 理论正谱(纯缩放) MSE=61377.67
[Worker] k=5.1413 | 物理全谱(含截距) MSE=114.78 (b=0.000) | 理论正谱(纯缩放) MSE=46137.61
[Worker] k=6.9258 | 物理全谱(含截距) MSE=112.92 (b=0.000) | 理论正谱(纯缩放) MSE=33612.28
[Worker] k=6.9847 | 物理全谱(含截距) MSE=87.62 (b=-0.000) | 理论正谱(纯缩放) MSE=1154.17
[Worker] k=7.8841 | 物理全谱(含截距) MSE=121.01 (b=0.000) | 理论正谱(纯缩放) MSE=216.75
[Worker] k=8.7855 | 物理全谱(含截距) MSE=58.45 (b=0.000) | 理论正谱(纯缩放) MSE=140.69
[Worker] k=7.7280 | 物理全谱(含截距) MSE=73.42 (b=0.000) | 理论正谱(纯缩放) MSE=159464.62
[Worker] k=6.5916 | 物理全谱(含截距) MSE=81.31 (b=0.000) | 理论正谱(纯缩放) MSE=2853.06
[Worker] k=8.6364 | 物理全谱(含截距) MSE=81.93 (b=0.000) | 理论正谱(纯缩放) MSE=12282.24
[Worker] k=4.7683 | 物理全谱(含截距) MSE=55.06 (b=-0.000) | 理论正谱(纯缩放) MSE=15642.65
[Worker] k=7.0985 | 物理全谱(含截距) MSE=92.07 (b=-0.000) | 理论正谱(纯缩放) MSE=3886.50
differential_evolution step 8: f(x)= 10.80906624443473
[Worker] k=6.4733 | 物理全谱(含截距) MSE=41.03 (b=0.000) | 理论正谱(纯缩放) MSE=14175.59
[Worker] k=5.4041 | 物理全谱(含截距) MSE=73.01 (b=0.000) | 理论正谱(纯缩放) MSE=166.90
[Worker] k=8.7323 | 物理全谱(含截距) MSE=76.60 (b=0.000) | 理论正谱(纯缩放) MSE=701.73
[Worker] k=3.7707 | 物理全谱(含截距) MSE=166.17 (b=0.000) | 理论正谱(纯缩放) MSE=4514.90
[Worker] k=4.9994 | 物理全谱(含截距) MSE=26.58 (b=0.000) | 理论正谱(纯缩放) MSE=1672.07
[Worker] k=7.0566 | 物理全谱(含截距) MSE=78.24 (b=0.000) | 理论正谱(纯缩放) MSE=31461.99
[Worker] k=7.7217 | 物理全谱(含截距) MSE=52.96 (b=0.000) | 理论正谱(纯缩放) MSE=5899.45
[Worker] k=6.8356 | 物理全谱(含截距) MSE=106.34 (b=0.000) | 理论正谱(纯缩放) MSE=454.94
[Worker] k=9.8808 | 物理全谱(含截距) MSE=152.17 (b=0.000) | 理论正谱(纯缩放) MSE=442.98
[Worker] k=7.6081 | 物理全谱(含截距) MSE=131.17 (b=-0.000) | 理论正谱(纯缩放) MSE=56088.86
[Worker] k=8.3585 | 物理全谱(含截距) MSE=85.21 (b=0.000) | 理论正谱(纯缩放) MSE=42902.56
[Worker] k=9.4559 | 物理全谱(含截距) MSE=49.28 (b=0.000) | 理论正谱(纯缩放) MSE=174005.55
[Worker] k=8.1933 | 物理全谱(含截距) MSE=86.55 (b=0.000) | 理论正谱(纯缩放) MSE=28790.93
[Worker] k=9.9624 | 物理全谱(含截距) MSE=41.53 (b=0.000) | 理论正谱(纯缩放) MSE=399.06
[Worker] k=9.8510 | 物理全谱(含截距) MSE=125.67 (b=0.000) | 理论正谱(纯缩放) MSE=11767.53
[Worker] k=5.5880 | 物理全谱(含截距) MSE=64.79 (b=0.000) | 理论正谱(纯缩放) MSE=823.42
[Worker] k=7.4906 | 物理全谱(含截距) MSE=54.39 (b=0.000) | 理论正谱(纯缩放) MSE=2442.18
[Worker] k=7.7293 | 物理全谱(含截距) MSE=91.57 (b=0.000) | 理论正谱(纯缩放) MSE=325202.54
[Worker] k=9.5706 | 物理全谱(含截距) MSE=16.25 (b=0.000) | 理论正谱(纯缩放) MSE=21160.98
[Worker] k=8.3377 | 物理全谱(含截距) MSE=49.63 (b=0.000) | 理论正谱(纯缩放) MSE=55414.87
[Worker] k=9.4196 | 物理全谱(含截距) MSE=53.17 (b=0.000) | 理论正谱(纯缩放) MSE=1784.88
[Worker] k=9.6964 | 物理全谱(含截距) MSE=77.21 (b=-0.000) | 理论正谱(纯缩放) MSE=3313.09
[Worker] k=7.5858 | 物理全谱(含截距) MSE=63.62 (b=0.000) | 理论正谱(纯缩放) MSE=108094.20
[Worker] k=9.7850 | 物理全谱(含截距) MSE=125.20 (b=0.000) | 理论正谱(纯缩放) MSE=283.50
[Worker] k=9.7637 | 物理全谱(含截距) MSE=64.42 (b=0.000) | 理论正谱(纯缩放) MSE=189.59
[Worker] k=8.9145 | 物理全谱(含截距) MSE=140.14 (b=0.000) | 理论正谱(纯缩放) MSE=3813.54
[Worker] k=5.8883 | 物理全谱(含截距) MSE=111.96 (b=0.000) | 理论正谱(纯缩放) MSE=13195.84
[Worker] k=9.0802 | 物理全谱(含截距) MSE=28.50 (b=0.000) | 理论正谱(纯缩放) MSE=375.22
[Worker] k=9.4862 | 物理全谱(含截距) MSE=101.68 (b=0.000) | 理论正谱(纯缩放) MSE=31677.60
[Worker] k=8.8112 | 物理全谱(含截距) MSE=32.81 (b=0.000) | 理论正谱(纯缩放) MSE=36.69
[Worker] k=6.4098 | 物理全谱(含截距) MSE=162.15 (b=0.000) | 理论正谱(纯缩放) MSE=30862.19
[Worker] k=3.5604 | 物理全谱(含截距) MSE=34.49 (b=0.000) | 理论正谱(纯缩放) MSE=540133.36
[Worker] k=7.3774 | 物理全谱(含截距) MSE=100.10 (b=-0.000) | 理论正谱(纯缩放) MSE=111279.09
[Worker] k=5.9343 | 物理全谱(含截距) MSE=69.01 (b=0.000) | 理论正谱(纯缩放) MSE=3485.12
[Worker] k=7.6501 | 物理全谱(含截距) MSE=85.15 (b=-0.000) | 理论正谱(纯缩放) MSE=2228.95
[Worker] k=7.7843 | 物理全谱(含截距) MSE=75.69 (b=0.000) | 理论正谱(纯缩放) MSE=2480.30
[Worker] k=8.0877 | 物理全谱(含截距) MSE=58.50 (b=-0.000) | 理论正谱(纯缩放) MSE=5317.51
[Worker] k=9.9111 | 物理全谱(含截距) MSE=126.00 (b=0.000) | 理论正谱(纯缩放) MSE=736.52
[Worker] k=9.4524 | 物理全谱(含截距) MSE=58.60 (b=0.000) | 理论正谱(纯缩放) MSE=4716.75
[Worker] k=9.6669 | 物理全谱(含截距) MSE=40.53 (b=0.000) | 理论正谱(纯缩放) MSE=661.74
[Worker] k=6.4970 | 物理全谱(含截距) MSE=116.20 (b=0.000) | 理论正谱(纯缩放) MSE=67576.11
[Worker] k=4.7832 | 物理全谱(含截距) MSE=80.73 (b=0.000) | 理论正谱(纯缩放) MSE=4046.66
[Worker] k=4.1929 | 物理全谱(含截距) MSE=80.36 (b=0.000) | 理论正谱(纯缩放) MSE=2196.85
[Worker] k=8.9789 | 物理全谱(含截距) MSE=60.27 (b=0.000) | 理论正谱(纯缩放) MSE=57889.67
[Worker] k=4.0646 | 物理全谱(含截距) MSE=43.46 (b=0.000) | 理论正谱(纯缩放) MSE=47864.22
[Worker] k=7.6726 | 物理全谱(含截距) MSE=116.10 (b=0.000) | 理论正谱(纯缩放) MSE=74163.65
[Worker] k=7.1819 | 物理全谱(含截距) MSE=103.79 (b=0.000) | 理论正谱(纯缩放) MSE=1548.26
[Worker] k=4.9264 | 物理全谱(含截距) MSE=77.99 (b=0.000) | 理论正谱(纯缩放) MSE=448.97
[Worker] k=8.8062 | 物理全谱(含截距) MSE=24.82 (b=0.000) | 理论正谱(纯缩放) MSE=657.62
[Worker] k=7.8823 | 物理全谱(含截距) MSE=60.76 (b=0.000) | 理论正谱(纯缩放) MSE=1064.89
[Worker] k=6.2554 | 物理全谱(含截距) MSE=164.44 (b=0.000) | 理论正谱(纯缩放) MSE=12026.76
[Worker] k=6.0582 | 物理全谱(含截距) MSE=53.25 (b=0.000) | 理论正谱(纯缩放) MSE=67848.97
[Worker] k=9.3866 | 物理全谱(含截距) MSE=146.43 (b=-0.000) | 理论正谱(纯缩放) MSE=19296.29
[Worker] k=7.5680 | 物理全谱(含截距) MSE=115.38 (b=0.000) | 理论正谱(纯缩放) MSE=1679.84
[Worker] k=3.5336 | 物理全谱(含截距) MSE=42.58 (b=0.000) | 理论正谱(纯缩放) MSE=61531.97
[Worker] k=4.1747 | 物理全谱(含截距) MSE=61.78 (b=0.000) | 理论正谱(纯缩放) MSE=4345.07
[Worker] k=4.4333 | 物理全谱(含截距) MSE=58.10 (b=0.000) | 理论正谱(纯缩放) MSE=41737.16
[Worker] k=3.2158 | 物理全谱(含截距) MSE=102.78 (b=0.000) | 理论正谱(纯缩放) MSE=360.77
[Worker] k=8.9545 | 物理全谱(含截距) MSE=159.09 (b=0.000) | 理论正谱(纯缩放) MSE=59625.33
[Worker] k=9.3655 | 物理全谱(含截距) MSE=79.00 (b=0.000) | 理论正谱(纯缩放) MSE=650425.29
[Worker] k=8.0936 | 物理全谱(含截距) MSE=102.79 (b=0.000) | 理论正谱(纯缩放) MSE=20807.61
[Worker] k=4.4514 | 物理全谱(含截距) MSE=100.55 (b=0.000) | 理论正谱(纯缩放) MSE=250.86
[Worker] k=9.1698 | 物理全谱(含截距) MSE=51.63 (b=0.000) | 理论正谱(纯缩放) MSE=6341.33
[Worker] k=6.0582 | 物理全谱(含截距) MSE=101.17 (b=0.000) | 理论正谱(纯缩放) MSE=11919.41
[Worker] k=9.8256 | 物理全谱(含截距) MSE=128.70 (b=0.000) | 理论正谱(纯缩放) MSE=1169.39
[Worker] k=9.6448 | 物理全谱(含截距) MSE=32.45 (b=0.000) | 理论正谱(纯缩放) MSE=645.83
[Worker] k=3.5511 | 物理全谱(含截距) MSE=57.78 (b=0.000) | 理论正谱(纯缩放) MSE=163.46
[Worker] k=6.9139 | 物理全谱(含截距) MSE=33.97 (b=0.000) | 理论正谱(纯缩放) MSE=416.90
[Worker] k=5.9470 | 物理全谱(含截距) MSE=73.20 (b=0.000) | 理论正谱(纯缩放) MSE=424.51
[Worker] k=7.3946 | 物理全谱(含截距) MSE=70.85 (b=0.000) | 理论正谱(纯缩放) MSE=2397624.64
[Worker] k=2.2903 | 物理全谱(含截距) MSE=116.12 (b=0.000) | 理论正谱(纯缩放) MSE=120.49
[Worker] k=5.6896 | 物理全谱(含截距) MSE=100.95 (b=0.000) | 理论正谱(纯缩放) MSE=69910.72
[Worker] k=4.5915 | 物理全谱(含截距) MSE=79.36 (b=0.000) | 理论正谱(纯缩放) MSE=2423.41
[Worker] k=7.2602 | 物理全谱(含截距) MSE=87.83 (b=0.000) | 理论正谱(纯缩放) MSE=4263.47
[Worker] k=8.3003 | 物理全谱(含截距) MSE=84.44 (b=0.000) | 理论正谱(纯缩放) MSE=545613.56
[Worker] k=5.8010 | 物理全谱(含截距) MSE=84.07 (b=0.000) | 理论正谱(纯缩放) MSE=183.82
[Worker] k=7.0074 | 物理全谱(含截距) MSE=60.92 (b=0.000) | 理论正谱(纯缩放) MSE=36038.91
[Worker] k=9.6373 | 物理全谱(含截距) MSE=39.62 (b=0.000) | 理论正谱(纯缩放) MSE=2004.76
[Worker] k=8.6069 | 物理全谱(含截距) MSE=92.24 (b=0.000) | 理论正谱(纯缩放) MSE=130222.09
[Worker] k=7.8021 | 物理全谱(含截距) MSE=77.60 (b=0.000) | 理论正谱(纯缩放) MSE=438800.81
[Worker] k=9.1234 | 物理全谱(含截距) MSE=68.59 (b=0.000) | 理论正谱(纯缩放) MSE=37942.68
[Worker] k=6.3884 | 物理全谱(含截距) MSE=152.78 (b=0.000) | 理论正谱(纯缩放) MSE=2579.08
[Worker] k=9.8291 | 物理全谱(含截距) MSE=21.12 (b=-0.000) | 理论正谱(纯缩放) MSE=61356.85
[Worker] k=8.7276 | 物理全谱(含截距) MSE=62.53 (b=0.000) | 理论正谱(纯缩放) MSE=194.63
[Worker] k=6.9180 | 物理全谱(含截距) MSE=26.04 (b=0.000) | 理论正谱(纯缩放) MSE=4545.10
[Worker] k=9.5068 | 物理全谱(含截距) MSE=96.69 (b=-0.000) | 理论正谱(纯缩放) MSE=9275.74
[Worker] k=2.8594 | 物理全谱(含截距) MSE=80.55 (b=-0.000) | 理论正谱(纯缩放) MSE=131918.52
[Worker] k=4.9992 | 物理全谱(含截距) MSE=54.62 (b=0.000) | 理论正谱(纯缩放) MSE=1409.85
[Worker] k=9.8920 | 物理全谱(含截距) MSE=116.89 (b=0.000) | 理论正谱(纯缩放) MSE=715.56
[Worker] k=7.3016 | 物理全谱(含截距) MSE=53.56 (b=0.000) | 理论正谱(纯缩放) MSE=14219.36
[Worker] k=8.6570 | 物理全谱(含截距) MSE=86.83 (b=0.000) | 理论正谱(纯缩放) MSE=1672.43
[Worker] k=4.0245 | 物理全谱(含截距) MSE=67.52 (b=0.000) | 理论正谱(纯缩放) MSE=2783887.69
[Worker] k=7.4298 | 物理全谱(含截距) MSE=70.59 (b=0.000) | 理论正谱(纯缩放) MSE=240.82
[Worker] k=5.6560 | 物理全谱(含截距) MSE=81.66 (b=0.000) | 理论正谱(纯缩放) MSE=4147.86
[Worker] k=6.6962 | 物理全谱(含截距) MSE=35.74 (b=0.000) | 理论正谱(纯缩放) MSE=165.41
[Worker] k=9.2048 | 物理全谱(含截距) MSE=116.84 (b=0.000) | 理论正谱(纯缩放) MSE=187193.82
[Worker] k=7.0081 | 物理全谱(含截距) MSE=47.27 (b=0.000) | 理论正谱(纯缩放) MSE=82899.45
[Worker] k=8.3534 | 物理全谱(含截距) MSE=45.42 (b=0.000) | 理论正谱(纯缩放) MSE=4327.07
[Worker] k=8.1499 | 物理全谱(含截距) MSE=72.33 (b=0.000) | 理论正谱(纯缩放) MSE=282953.73
[Worker] k=3.3234 | 物理全谱(含截距) MSE=95.26 (b=0.000) | 理论正谱(纯缩放) MSE=634.35
[Worker] k=8.7875 | 物理全谱(含截距) MSE=32.23 (b=0.000) | 理论正谱(纯缩放) MSE=4234.74
[Worker] k=9.1391 | 物理全谱(含截距) MSE=75.20 (b=0.000) | 理论正谱(纯缩放) MSE=1778.80
[Worker] k=8.6925 | 物理全谱(含截距) MSE=32.06 (b=0.000) | 理论正谱(纯缩放) MSE=2037.72
[Worker] k=4.7061 | 物理全谱(含截距) MSE=65.54 (b=0.000) | 理论正谱(纯缩放) MSE=34388.85
[Worker] k=2.5443 | 物理全谱(含截距) MSE=158.44 (b=0.000) | 理论正谱(纯缩放) MSE=6548.03
[Worker] k=9.2995 | 物理全谱(含截距) MSE=111.02 (b=-0.000) | 理论正谱(纯缩放) MSE=116.98
[Worker] k=8.1162 | 物理全谱(含截距) MSE=65.03 (b=0.000) | 理论正谱(纯缩放) MSE=244540.50
[Worker] k=9.6537 | 物理全谱(含截距) MSE=64.46 (b=0.000) | 理论正谱(纯缩放) MSE=281903.25
[Worker] k=2.9390 | 物理全谱(含截距) MSE=68.05 (b=0.000) | 理论正谱(纯缩放) MSE=313.87
[Worker] k=7.1384 | 物理全谱(含截距) MSE=37.72 (b=-0.000) | 理论正谱(纯缩放) MSE=1505.23
[Worker] k=9.7619 | 物理全谱(含截距) MSE=81.91 (b=0.000) | 理论正谱(纯缩放) MSE=238.68
[Worker] k=9.5033 | 物理全谱(含截距) MSE=44.72 (b=0.000) | 理论正谱(纯缩放) MSE=5666.37
[Worker] k=9.6196 | 物理全谱(含截距) MSE=21.70 (b=0.000) | 理论正谱(纯缩放) MSE=67.63
[Worker] k=9.8141 | 物理全谱(含截距) MSE=44.95 (b=0.000) | 理论正谱(纯缩放) MSE=297862.35
[Worker] k=4.6826 | 物理全谱(含截距) MSE=46.37 (b=0.000) | 理论正谱(纯缩放) MSE=382124.11
[Worker] k=7.8062 | 物理全谱(含截距) MSE=62.15 (b=-0.000) | 理论正谱(纯缩放) MSE=142828.34
[Worker] k=5.6138 | 物理全谱(含截距) MSE=74.07 (b=0.000) | 理论正谱(纯缩放) MSE=193.52
[Worker] k=6.9637 | 物理全谱(含截距) MSE=186.44 (b=0.000) | 理论正谱(纯缩放) MSE=6333.13
[Worker] k=7.9681 | 物理全谱(含截距) MSE=135.18 (b=0.000) | 理论正谱(纯缩放) MSE=81637.29
[Worker] k=7.8090 | 物理全谱(含截距) MSE=106.31 (b=0.000) | 理论正谱(纯缩放) MSE=5345.83
[Worker] k=5.8009 | 物理全谱(含截距) MSE=109.87 (b=0.000) | 理论正谱(纯缩放) MSE=1398.74
[Worker] k=9.9998 | 物理全谱(含截距) MSE=53.50 (b=0.000) | 理论正谱(纯缩放) MSE=697.00
[Worker] k=6.7748 | 物理全谱(含截距) MSE=39.48 (b=-0.000) | 理论正谱(纯缩放) MSE=66082.36
[Worker] k=8.1708 | 物理全谱(含截距) MSE=85.19 (b=0.000) | 理论正谱(纯缩放) MSE=3923997.87
[Worker] k=8.8791 | 物理全谱(含截距) MSE=111.60 (b=0.000) | 理论正谱(纯缩放) MSE=24333.69
[Worker] k=8.7133 | 物理全谱(含截距) MSE=48.37 (b=0.000) | 理论正谱(纯缩放) MSE=1259.57
[Worker] k=9.9253 | 物理全谱(含截距) MSE=105.94 (b=0.000) | 理论正谱(纯缩放) MSE=454.56
[Worker] k=8.5652 | 物理全谱(含截距) MSE=20.88 (b=0.000) | 理论正谱(纯缩放) MSE=169.62
[Worker] k=4.1060 | 物理全谱(含截距) MSE=116.49 (b=0.000) | 理论正谱(纯缩放) MSE=117045.49
[Worker] k=4.5424 | 物理全谱(含截距) MSE=54.20 (b=0.000) | 理论正谱(纯缩放) MSE=45223.12
[Worker] k=4.0688 | 物理全谱(含截距) MSE=58.45 (b=0.000) | 理论正谱(纯缩放) MSE=838.80
[Worker] k=6.6893 | 物理全谱(含截距) MSE=89.14 (b=0.000) | 理论正谱(纯缩放) MSE=27480.64
[Worker] k=5.5340 | 物理全谱(含截距) MSE=119.40 (b=-0.000) | 理论正谱(纯缩放) MSE=140.18
[Worker] k=3.7329 | 物理全谱(含截距) MSE=48.60 (b=0.000) | 理论正谱(纯缩放) MSE=137188.59
[Worker] k=6.8295 | 物理全谱(含截距) MSE=57.23 (b=0.000) | 理论正谱(纯缩放) MSE=193463.29
[Worker] k=4.4906 | 物理全谱(含截距) MSE=73.77 (b=0.000) | 理论正谱(纯缩放) MSE=973.23
[Worker] k=4.6813 | 物理全谱(含截距) MSE=63.35 (b=0.000) | 理论正谱(纯缩放) MSE=7398.34
[Worker] k=8.5061 | 物理全谱(含截距) MSE=69.96 (b=-0.000) | 理论正谱(纯缩放) MSE=8333.79
[Worker] k=4.8571 | 物理全谱(含截距) MSE=125.07 (b=-0.000) | 理论正谱(纯缩放) MSE=854.81
[Worker] k=5.5992 | 物理全谱(含截距) MSE=36.74 (b=0.000) | 理论正谱(纯缩放) MSE=16111.61
[Worker] k=2.9750 | 物理全谱(含截距) MSE=121.71 (b=0.000) | 理论正谱(纯缩放) MSE=234933.64
[Worker] k=9.7058 | 物理全谱(含截距) MSE=95.54 (b=0.000) | 理论正谱(纯缩放) MSE=13604.42
[Worker] k=8.9037 | 物理全谱(含截距) MSE=51.54 (b=0.000) | 理论正谱(纯缩放) MSE=957.69
[Worker] k=5.9525 | 物理全谱(含截距) MSE=45.10 (b=-0.000) | 理论正谱(纯缩放) MSE=22546.42
[Worker] k=3.7368 | 物理全谱(含截距) MSE=30.17 (b=0.000) | 理论正谱(纯缩放) MSE=1778.17
[Worker] k=8.4681 | 物理全谱(含截距) MSE=47.23 (b=0.000) | 理论正谱(纯缩放) MSE=267.80
[Worker] k=8.1055 | 物理全谱(含截距) MSE=132.73 (b=0.000) | 理论正谱(纯缩放) MSE=411.43
[Worker] k=5.2666 | 物理全谱(含截距) MSE=76.08 (b=-0.000) | 理论正谱(纯缩放) MSE=1863.62
[Worker] k=4.9520 | 物理全谱(含截距) MSE=67.18 (b=0.000) | 理论正谱(纯缩放) MSE=10033.50[Worker] k=9.5189 | 物理全谱(含截距) MSE=99.70 (b=0.000) | 理论正谱(纯缩放) MSE=1162.78

[Worker] k=8.2039 | 物理全谱(含截距) MSE=87.70 (b=-0.000) | 理论正谱(纯缩放) MSE=1760836.91
[Worker] k=7.8394 | 物理全谱(含截距) MSE=90.43 (b=-0.000) | 理论正谱(纯缩放) MSE=794.56
[Worker] k=5.8612 | 物理全谱(含截距) MSE=80.20 (b=0.000) | 理论正谱(纯缩放) MSE=2120.01
[Worker] k=7.8074 | 物理全谱(含截距) MSE=120.52 (b=0.000) | 理论正谱(纯缩放) MSE=141465.42
[Worker] k=2.2594 | 物理全谱(含截距) MSE=62.18 (b=0.000) | 理论正谱(纯缩放) MSE=65.24
[Worker] k=4.5050 | 物理全谱(含截距) MSE=155.05 (b=0.000) | 理论正谱(纯缩放) MSE=627631.67
[Worker] k=4.9337 | 物理全谱(含截距) MSE=35.33 (b=0.000) | 理论正谱(纯缩放) MSE=3694.15
[Worker] k=7.2467 | 物理全谱(含截距) MSE=31.49 (b=0.000) | 理论正谱(纯缩放) MSE=2293.62
[Worker] k=7.8628 | 物理全谱(含截距) MSE=43.51 (b=-0.000) | 理论正谱(纯缩放) MSE=1440.83
[Worker] k=9.9635 | 物理全谱(含截距) MSE=100.75 (b=0.000) | 理论正谱(纯缩放) MSE=38188.76
[Worker] k=6.8684 | 物理全谱(含截距) MSE=48.24 (b=0.000) | 理论正谱(纯缩放) MSE=1580.99
[Worker] k=9.6541 | 物理全谱(含截距) MSE=45.75 (b=0.000) | 理论正谱(纯缩放) MSE=1115.04
[Worker] k=8.2786 | 物理全谱(含截距) MSE=60.54 (b=0.000) | 理论正谱(纯缩放) MSE=63296.49
[Worker] k=9.7548 | 物理全谱(含截距) MSE=81.26 (b=0.000) | 理论正谱(纯缩放) MSE=146.78
[Worker] k=6.7784 | 物理全谱(含截距) MSE=113.50 (b=-0.000) | 理论正谱(纯缩放) MSE=724.08
[Worker] k=7.1645 | 物理全谱(含截距) MSE=95.44 (b=0.000) | 理论正谱(纯缩放) MSE=1299.49
[Worker] k=8.9364 | 物理全谱(含截距) MSE=53.98 (b=0.000) | 理论正谱(纯缩放) MSE=3680.91
[Worker] k=7.1669 | 物理全谱(含截距) MSE=45.74 (b=0.000) | 理论正谱(纯缩放) MSE=81086.96
[Worker] k=7.3385 | 物理全谱(含截距) MSE=61.23 (b=0.000) | 理论正谱(纯缩放) MSE=3574.17
[Worker] k=6.4136 | 物理全谱(含截距) MSE=24.20 (b=0.000) | 理论正谱(纯缩放) MSE=1680.69
[Worker] k=9.3064 | 物理全谱(含截距) MSE=51.77 (b=0.000) | 理论正谱(纯缩放) MSE=356118.47
[Worker] k=9.2434 | 物理全谱(含截距) MSE=49.78 (b=0.000) | 理论正谱(纯缩放) MSE=1604.69
[Worker] k=8.3548 | 物理全谱(含截距) MSE=72.22 (b=0.000) | 理论正谱(纯缩放) MSE=1021.13
[Worker] k=7.8562 | 物理全谱(含截距) MSE=76.68 (b=0.000) | 理论正谱(纯缩放) MSE=1614565.21
[Worker] k=3.7890 | 物理全谱(含截距) MSE=88.87 (b=0.000) | 理论正谱(纯缩放) MSE=101.83
[Worker] k=8.8174 | 物理全谱(含截距) MSE=65.31 (b=-0.000) | 理论正谱(纯缩放) MSE=137.93
[Worker] k=8.4485 | 物理全谱(含截距) MSE=86.20 (b=0.000) | 理论正谱(纯缩放) MSE=2231.77
[Worker] k=9.9732 | 物理全谱(含截距) MSE=96.42 (b=0.000) | 理论正谱(纯缩放) MSE=181247.94
[Worker] k=9.8064 | 物理全谱(含截距) MSE=161.03 (b=0.000) | 理论正谱(纯缩放) MSE=40906.39
[Worker] k=8.3260 | 物理全谱(含截距) MSE=40.89 (b=0.000) | 理论正谱(纯缩放) MSE=96834.55
[Worker] k=8.5265 | 物理全谱(含截距) MSE=65.40 (b=-0.000) | 理论正谱(纯缩放) MSE=63006.47
[Worker] k=6.2254 | 物理全谱(含截距) MSE=136.20 (b=-0.000) | 理论正谱(纯缩放) MSE=375335.49
[Worker] k=9.8476 | 物理全谱(含截距) MSE=90.39 (b=0.000) | 理论正谱(纯缩放) MSE=176353.35
[Worker] k=6.3651 | 物理全谱(含截距) MSE=87.14 (b=0.000) | 理论正谱(纯缩放) MSE=45174.68
[Worker] k=7.6298 | 物理全谱(含截距) MSE=65.51 (b=0.000) | 理论正谱(纯缩放) MSE=74929.81
[Worker] k=8.1612 | 物理全谱(含截距) MSE=138.12 (b=0.000) | 理论正谱(纯缩放) MSE=1147.52
[Worker] k=2.8683 | 物理全谱(含截距) MSE=36.54 (b=0.000) | 理论正谱(纯缩放) MSE=176207.32
[Worker] k=9.3848 | 物理全谱(含截距) MSE=45.84 (b=0.000) | 理论正谱(纯缩放) MSE=12608.09
[Worker] k=7.9904 | 物理全谱(含截距) MSE=64.63 (b=0.000) | 理论正谱(纯缩放) MSE=5301.09
[Worker] k=6.9160 | 物理全谱(含截距) MSE=170.19 (b=0.000) | 理论正谱(纯缩放) MSE=2051.40
[Worker] k=7.6253 | 物理全谱(含截距) MSE=72.04 (b=0.000) | 理论正谱(纯缩放) MSE=171649.04
[Worker] k=4.6873 | 物理全谱(含截距) MSE=36.65 (b=0.000) | 理论正谱(纯缩放) MSE=133.07
[Worker] k=5.5690 | 物理全谱(含截距) MSE=92.56 (b=0.000) | 理论正谱(纯缩放) MSE=1389.73
[Worker] k=8.3356 | 物理全谱(含截距) MSE=57.35 (b=0.000) | 理论正谱(纯缩放) MSE=25764.74
[Worker] k=5.5216 | 物理全谱(含截距) MSE=56.87 (b=0.000) | 理论正谱(纯缩放) MSE=259.25
[Worker] k=9.1856 | 物理全谱(含截距) MSE=121.46 (b=0.000) | 理论正谱(纯缩放) MSE=1496.12
[Worker] k=8.3962 | 物理全谱(含截距) MSE=117.56 (b=-0.000) | 理论正谱(纯缩放) MSE=963727.11
[Worker] k=5.2806 | 物理全谱(含截距) MSE=96.05 (b=-0.000) | 理论正谱(纯缩放) MSE=1554.87
[Worker] k=7.4177 | 物理全谱(含截距) MSE=117.56 (b=-0.000) | 理论正谱(纯缩放) MSE=117.63
[Worker] k=7.5203 | 物理全谱(含截距) MSE=82.63 (b=0.000) | 理论正谱(纯缩放) MSE=56804.06
[Worker] k=7.8165 | 物理全谱(含截距) MSE=28.42 (b=0.000) | 理论正谱(纯缩放) MSE=1530.59
[Worker] k=9.6003 | 物理全谱(含截距) MSE=115.91 (b=0.000) | 理论正谱(纯缩放) MSE=3803.75
[Worker] k=5.3256 | 物理全谱(含截距) MSE=55.61 (b=0.000) | 理论正谱(纯缩放) MSE=2040000.18
[Worker] k=3.4650 | 物理全谱(含截距) MSE=69.18 (b=0.000) | 理论正谱(纯缩放) MSE=40627.59
[Worker] k=5.1046 | 物理全谱(含截距) MSE=95.16 (b=0.000) | 理论正谱(纯缩放) MSE=740.56
[Worker] k=9.0822 | 物理全谱(含截距) MSE=59.58 (b=-0.000) | 理论正谱(纯缩放) MSE=182.91
[Worker] k=6.6458 | 物理全谱(含截距) MSE=38.06 (b=0.000) | 理论正谱(纯缩放) MSE=210.79
[Worker] k=6.8063 | 物理全谱(含截距) MSE=46.10 (b=0.000) | 理论正谱(纯缩放) MSE=11817.58
[Worker] k=8.0012 | 物理全谱(含截距) MSE=116.10 (b=0.000) | 理论正谱(纯缩放) MSE=1285.91
[Worker] k=2.2000 | 物理全谱(含截距) MSE=62.71 (b=0.000) | 理论正谱(纯缩放) MSE=275416.01
[Worker] k=8.6053 | 物理全谱(含截距) MSE=61.34 (b=0.000) | 理论正谱(纯缩放) MSE=1832001.98
[Worker] k=4.3972 | 物理全谱(含截距) MSE=163.68 (b=-0.000) | 理论正谱(纯缩放) MSE=84198.74
[Worker] k=9.8850 | 物理全谱(含截距) MSE=74.83 (b=0.000) | 理论正谱(纯缩放) MSE=605.13
[Worker] k=7.8689 | 物理全谱(含截距) MSE=58.95 (b=0.000) | 理论正谱(纯缩放) MSE=11024.79
[Worker] k=7.9912 | 物理全谱(含截距) MSE=72.99 (b=0.000) | 理论正谱(纯缩放) MSE=24187.54
[Worker] k=9.3333 | 物理全谱(含截距) MSE=29.79 (b=0.000) | 理论正谱(纯缩放) MSE=165.71
[Worker] k=4.2106 | 物理全谱(含截距) MSE=95.37 (b=0.000) | 理论正谱(纯缩放) MSE=7766.21
[Worker] k=9.6517 | 物理全谱(含截距) MSE=29.50 (b=0.000) | 理论正谱(纯缩放) MSE=48326.21
[Worker] k=9.4653 | 物理全谱(含截距) MSE=75.15 (b=0.000) | 理论正谱(纯缩放) MSE=35185.22
[Worker] k=5.4002 | 物理全谱(含截距) MSE=108.17 (b=0.000) | 理论正谱(纯缩放) MSE=2273.87
[Worker] k=9.7496 | 物理全谱(含截距) MSE=186.84 (b=0.000) | 理论正谱(纯缩放) MSE=143706.97
[Worker] k=9.7281 | 物理全谱(含截距) MSE=24.16 (b=0.000) | 理论正谱(纯缩放) MSE=3899.86
[Worker] k=8.8275 | 物理全谱(含截距) MSE=134.56 (b=-0.000) | 理论正谱(纯缩放) MSE=5690.96
[Worker] k=5.0455 | 物理全谱(含截距) MSE=71.08 (b=0.000) | 理论正谱(纯缩放) MSE=1250.30
[Worker] k=6.5739 | 物理全谱(含截距) MSE=65.86 (b=0.000) | 理论正谱(纯缩放) MSE=780.04
[Worker] k=8.1214 | 物理全谱(含截距) MSE=32.05 (b=0.000) | 理论正谱(纯缩放) MSE=84.01[Worker] k=6.7624 | 物理全谱(含截距) MSE=41.21 (b=-0.000) | 理论正谱(纯缩放) MSE=6054.83

[Worker] k=7.6723 | 物理全谱(含截距) MSE=223.44 (b=0.000) | 理论正谱(纯缩放) MSE=30702.28
[Worker] k=6.1156 | 物理全谱(含截距) MSE=83.48 (b=0.000) | 理论正谱(纯缩放) MSE=2397.24
[Worker] k=7.7698 | 物理全谱(含截距) MSE=104.04 (b=0.000) | 理论正谱(纯缩放) MSE=303.98
[Worker] k=8.8367 | 物理全谱(含截距) MSE=110.47 (b=-0.000) | 理论正谱(纯缩放) MSE=17945.38
[Worker] k=8.7397 | 物理全谱(含截距) MSE=81.08 (b=-0.000) | 理论正谱(纯缩放) MSE=4380.62
[Worker] k=5.7594 | 物理全谱(含截距) MSE=77.43 (b=0.000) | 理论正谱(纯缩放) MSE=65063.42
[Worker] k=4.6137 | 物理全谱(含截距) MSE=88.85 (b=0.000) | 理论正谱(纯缩放) MSE=1238.02
[Worker] k=6.6674 | 物理全谱(含截距) MSE=42.18 (b=0.000) | 理论正谱(纯缩放) MSE=27069.15
[Worker] k=8.2145 | 物理全谱(含截距) MSE=26.98 (b=0.000) | 理论正谱(纯缩放) MSE=1302.39
[Worker] k=9.2864 | 物理全谱(含截距) MSE=53.41 (b=0.000) | 理论正谱(纯缩放) MSE=3187.16
[Worker] k=8.5993 | 物理全谱(含截距) MSE=29.92 (b=0.000) | 理论正谱(纯缩放) MSE=5308.65
[Worker] k=4.2117 | 物理全谱(含截距) MSE=50.49 (b=0.000) | 理论正谱(纯缩放) MSE=1689.96
[Worker] k=7.7597 | 物理全谱(含截距) MSE=89.57 (b=0.000) | 理论正谱(纯缩放) MSE=4486.38
[Worker] k=8.0915 | 物理全谱(含截距) MSE=78.87 (b=0.000) | 理论正谱(纯缩放) MSE=1342539.34
[Worker] k=3.4309 | 物理全谱(含截距) MSE=91.83 (b=0.000) | 理论正谱(纯缩放) MSE=224159.13
[Worker] k=4.6634 | 物理全谱(含截距) MSE=65.94 (b=0.000) | 理论正谱(纯缩放) MSE=270.42
[Worker] k=7.5667 | 物理全谱(含截距) MSE=23.52 (b=0.000) | 理论正谱(纯缩放) MSE=270.35
[Worker] k=8.7228 | 物理全谱(含截距) MSE=28.01 (b=-0.000) | 理论正谱(纯缩放) MSE=5753782.42
[Worker] k=8.2374 | 物理全谱(含截距) MSE=162.78 (b=-0.000) | 理论正谱(纯缩放) MSE=1338.23
[Worker] k=9.2645 | 物理全谱(含截距) MSE=81.74 (b=0.000) | 理论正谱(纯缩放) MSE=147754.78
[Worker] k=8.4430 | 物理全谱(含截距) MSE=98.61 (b=0.000) | 理论正谱(纯缩放) MSE=1399.29
[Worker] k=3.7428 | 物理全谱(含截距) MSE=104.63 (b=0.000) | 理论正谱(纯缩放) MSE=32577.31
[Worker] k=9.1038 | 物理全谱(含截距) MSE=37.34 (b=0.000) | 理论正谱(纯缩放) MSE=696.11
differential_evolution step 9: f(x)= 10.80906624443473
[Worker] k=7.8958 | 物理全谱(含截距) MSE=51.22 (b=-0.000) | 理论正谱(纯缩放) MSE=4251.35
[Worker] k=5.7570 | 物理全谱(含截距) MSE=27.89 (b=0.000) | 理论正谱(纯缩放) MSE=105912.04
[Worker] k=7.7931 | 物理全谱(含截距) MSE=23.79 (b=0.000) | 理论正谱(纯缩放) MSE=45.76
[Worker] k=8.7987 | 物理全谱(含截距) MSE=32.48 (b=0.000) | 理论正谱(纯缩放) MSE=196057.35
[Worker] k=8.5559 | 物理全谱(含截距) MSE=77.57 (b=0.000) | 理论正谱(纯缩放) MSE=128.35
[Worker] k=7.5179 | 物理全谱(含截距) MSE=48.14 (b=0.000) | 理论正谱(纯缩放) MSE=739.06
[Worker] k=9.0757 | 物理全谱(含截距) MSE=37.58 (b=-0.000) | 理论正谱(纯缩放) MSE=2465.77
[Worker] k=9.1210 | 物理全谱(含截距) MSE=106.14 (b=0.000) | 理论正谱(纯缩放) MSE=2189.75
[Worker] k=3.0805 | 物理全谱(含截距) MSE=88.23 (b=0.000) | 理论正谱(纯缩放) MSE=1118.98
[Worker] k=6.5536 | 物理全谱(含截距) MSE=74.11 (b=0.000) | 理论正谱(纯缩放) MSE=58894.13
[Worker] k=6.4309 | 物理全谱(含截距) MSE=57.95 (b=0.000) | 理论正谱(纯缩放) MSE=49514.48
[Worker] k=9.1986 | 物理全谱(含截距) MSE=57.58 (b=-0.000) | 理论正谱(纯缩放) MSE=3908.58
[Worker] k=8.8814 | 物理全谱(含截距) MSE=92.14 (b=0.000) | 理论正谱(纯缩放) MSE=10068.63
[Worker] k=9.1305 | 物理全谱(含截距) MSE=83.23 (b=0.000) | 理论正谱(纯缩放) MSE=591380.67
[Worker] k=9.4752 | 物理全谱(含截距) MSE=52.08 (b=0.000) | 理论正谱(纯缩放) MSE=45433.65
[Worker] k=4.7918 | 物理全谱(含截距) MSE=135.25 (b=0.000) | 理论正谱(纯缩放) MSE=529.95
[Worker] k=6.1814 | 物理全谱(含截距) MSE=17.38 (b=-0.000) | 理论正谱(纯缩放) MSE=89.99
[Worker] k=6.6200 | 物理全谱(含截距) MSE=73.16 (b=0.000) | 理论正谱(纯缩放) MSE=100.52
[Worker] k=7.0045 | 物理全谱(含截距) MSE=97.51 (b=0.000) | 理论正谱(纯缩放) MSE=763.40
[Worker] k=2.0197 | 物理全谱(含截距) MSE=31.93 (b=-0.000) | 理论正谱(纯缩放) MSE=72.15
[Worker] k=5.6963 | 物理全谱(含截距) MSE=71.41 (b=0.000) | 理论正谱(纯缩放) MSE=6751.91
[Worker] k=8.2973 | 物理全谱(含截距) MSE=90.06 (b=0.000) | 理论正谱(纯缩放) MSE=5239.15
[Worker] k=2.2061 | 物理全谱(含截距) MSE=28.94 (b=-0.000) | 理论正谱(纯缩放) MSE=44.13
[Worker] k=8.7837 | 物理全谱(含截距) MSE=74.95 (b=0.000) | 理论正谱(纯缩放) MSE=3861.89
[Worker] k=6.6121 | 物理全谱(含截距) MSE=24.00 (b=0.000) | 理论正谱(纯缩放) MSE=659.08
[Worker] k=7.2698 | 物理全谱(含截距) MSE=71.96 (b=-0.000) | 理论正谱(纯缩放) MSE=23873.20
[Worker] k=6.1176 | 物理全谱(含截距) MSE=86.72 (b=0.000) | 理论正谱(纯缩放) MSE=139274.20
[Worker] k=8.7783 | 物理全谱(含截距) MSE=44.09 (b=-0.000) | 理论正谱(纯缩放) MSE=9318.87
[Worker] k=9.4852 | 物理全谱(含截距) MSE=65.37 (b=0.000) | 理论正谱(纯缩放) MSE=7570.75
[Worker] k=9.8067 | 物理全谱(含截距) MSE=91.53 (b=0.000) | 理论正谱(纯缩放) MSE=43427.14
[Worker] k=7.7309 | 物理全谱(含截距) MSE=64.17 (b=0.000) | 理论正谱(纯缩放) MSE=2362.69
[Worker] k=5.5844 | 物理全谱(含截距) MSE=63.42 (b=0.000) | 理论正谱(纯缩放) MSE=437.08
[Worker] k=9.7470 | 物理全谱(含截距) MSE=73.65 (b=-0.000) | 理论正谱(纯缩放) MSE=10206.33
[Worker] k=5.4039 | 物理全谱(含截距) MSE=61.58 (b=0.000) | 理论正谱(纯缩放) MSE=13810.21
[Worker] k=7.6413 | 物理全谱(含截距) MSE=60.30 (b=0.000) | 理论正谱(纯缩放) MSE=1943.42
[Worker] k=6.1147 | 物理全谱(含截距) MSE=66.01 (b=0.000) | 理论正谱(纯缩放) MSE=38473.02
[Worker] k=3.0474 | 物理全谱(含截距) MSE=97.89 (b=0.000) | 理论正谱(纯缩放) MSE=130.64
[Worker] k=9.4474 | 物理全谱(含截距) MSE=57.13 (b=0.000) | 理论正谱(纯缩放) MSE=452.35
[Worker] k=6.9636 | 物理全谱(含截距) MSE=39.40 (b=0.000) | 理论正谱(纯缩放) MSE=273.33
[Worker] k=9.5869 | 物理全谱(含截距) MSE=103.40 (b=0.000) | 理论正谱(纯缩放) MSE=1072.13
[Worker] k=7.4161 | 物理全谱(含截距) MSE=76.40 (b=0.000) | 理论正谱(纯缩放) MSE=742.13
[Worker] k=8.9689 | 物理全谱(含截距) MSE=39.08 (b=-0.000) | 理论正谱(纯缩放) MSE=8991.05
[Worker] k=8.9159 | 物理全谱(含截距) MSE=36.95 (b=0.000) | 理论正谱(纯缩放) MSE=1745.95
[Worker] k=9.3660 | 物理全谱(含截距) MSE=108.53 (b=0.000) | 理论正谱(纯缩放) MSE=316.73
[Worker] k=6.8186 | 物理全谱(含截距) MSE=71.99 (b=0.000) | 理论正谱(纯缩放) MSE=147766.17
[Worker] k=6.0331 | 物理全谱(含截距) MSE=57.20 (b=-0.000) | 理论正谱(纯缩放) MSE=76408380.94
[Worker] k=8.9583 | 物理全谱(含截距) MSE=125.59 (b=0.000) | 理论正谱(纯缩放) MSE=127.05
[Worker] k=9.1775 | 物理全谱(含截距) MSE=64.62 (b=0.000) | 理论正谱(纯缩放) MSE=50377.79
[Worker] k=9.5449 | 物理全谱(含截距) MSE=123.36 (b=-0.000) | 理论正谱(纯缩放) MSE=6816.52
[Worker] k=7.8229 | 物理全谱(含截距) MSE=60.80 (b=0.000) | 理论正谱(纯缩放) MSE=276913.92
[Worker] k=4.9645 | 物理全谱(含截距) MSE=77.00 (b=0.000) | 理论正谱(纯缩放) MSE=13235.75
[Worker] k=7.7073 | 物理全谱(含截距) MSE=129.93 (b=-0.000) | 理论正谱(纯缩放) MSE=1311771.06
[Worker] k=7.7578 | 物理全谱(含截距) MSE=81.95 (b=0.000) | 理论正谱(纯缩放) MSE=5463.00
[Worker] k=9.8703 | 物理全谱(含截距) MSE=66.56 (b=0.000) | 理论正谱(纯缩放) MSE=1060966.09
[Worker] k=9.2069 | 物理全谱(含截距) MSE=83.59 (b=0.000) | 理论正谱(纯缩放) MSE=28812.22
[Worker] k=6.7378 | 物理全谱(含截距) MSE=77.69 (b=-0.000) | 理论正谱(纯缩放) MSE=26309.72
[Worker] k=9.7853 | 物理全谱(含截距) MSE=140.22 (b=0.000) | 理论正谱(纯缩放) MSE=2120.00
[Worker] k=8.7660 | 物理全谱(含截距) MSE=46.28 (b=0.000) | 理论正谱(纯缩放) MSE=180408.77
[Worker] k=7.0287 | 物理全谱(含截距) MSE=93.37 (b=0.000) | 理论正谱(纯缩放) MSE=103171.71
[Worker] k=9.5777 | 物理全谱(含截距) MSE=57.10 (b=0.000) | 理论正谱(纯缩放) MSE=2479.63
[Worker] k=3.2891 | 物理全谱(含截距) MSE=56.02 (b=0.000) | 理论正谱(纯缩放) MSE=15036.65
[Worker] k=8.6364 | 物理全谱(含截距) MSE=53.31 (b=0.000) | 理论正谱(纯缩放) MSE=12135.55
[Worker] k=9.1784 | 物理全谱(含截距) MSE=21.87 (b=0.000) | 理论正谱(纯缩放) MSE=2298.86
[Worker] k=9.8892 | 物理全谱(含截距) MSE=55.35 (b=0.000) | 理论正谱(纯缩放) MSE=16301.79
[Worker] k=9.7195 | 物理全谱(含截距) MSE=53.64 (b=0.000) | 理论正谱(纯缩放) MSE=52089.88
[Worker] k=7.1764 | 物理全谱(含截距) MSE=71.88 (b=-0.000) | 理论正谱(纯缩放) MSE=58908.18
[Worker] k=9.8779 | 物理全谱(含截距) MSE=131.55 (b=-0.000) | 理论正谱(纯缩放) MSE=9102.16
[Worker] k=8.1934 | 物理全谱(含截距) MSE=54.00 (b=0.000) | 理论正谱(纯缩放) MSE=690121.69
[Worker] k=9.7949 | 物理全谱(含截距) MSE=56.46 (b=-0.000) | 理论正谱(纯缩放) MSE=99.50
[Worker] k=9.0126 | 物理全谱(含截距) MSE=55.65 (b=0.000) | 理论正谱(纯缩放) MSE=35182.00
[Worker] k=9.1114 | 物理全谱(含截距) MSE=70.12 (b=0.000) | 理论正谱(纯缩放) MSE=21704.00
[Worker] k=6.9337 | 物理全谱(含截距) MSE=32.68 (b=0.000) | 理论正谱(纯缩放) MSE=31564.25
[Worker] k=8.9581 | 物理全谱(含截距) MSE=92.37 (b=-0.000) | 理论正谱(纯缩放) MSE=101.06
[Worker] k=8.0477 | 物理全谱(含截距) MSE=59.65 (b=0.000) | 理论正谱(纯缩放) MSE=1812.29
[Worker] k=9.8090 | 物理全谱(含截距) MSE=25.61 (b=0.000) | 理论正谱(纯缩放) MSE=328.73
[Worker] k=4.7388 | 物理全谱(含截距) MSE=59.72 (b=0.000) | 理论正谱(纯缩放) MSE=216.49
[Worker] k=8.5967 | 物理全谱(含截距) MSE=84.96 (b=0.000) | 理论正谱(纯缩放) MSE=131583.28
[Worker] k=5.3994 | 物理全谱(含截距) MSE=63.46 (b=0.000) | 理论正谱(纯缩放) MSE=7824.07
[Worker] k=9.7327 | 物理全谱(含截距) MSE=77.31 (b=0.000) | 理论正谱(纯缩放) MSE=5937.80
[Worker] k=9.4906 | 物理全谱(含截距) MSE=62.87 (b=0.000) | 理论正谱(纯缩放) MSE=396290.26
[Worker] k=5.7962 | 物理全谱(含截距) MSE=54.14 (b=0.000) | 理论正谱(纯缩放) MSE=200.51
[Worker] k=4.4802 | 物理全谱(含截距) MSE=87.82 (b=0.000) | 理论正谱(纯缩放) MSE=689804.20
[Worker] k=9.0069 | 物理全谱(含截距) MSE=150.88 (b=0.000) | 理论正谱(纯缩放) MSE=20924.13
[Worker] k=6.6369 | 物理全谱(含截距) MSE=89.10 (b=0.000) | 理论正谱(纯缩放) MSE=21611.13
[Worker] k=4.8149 | 物理全谱(含截距) MSE=26.22 (b=-0.000) | 理论正谱(纯缩放) MSE=436.84
[Worker] k=6.3781 | 物理全谱(含截距) MSE=69.95 (b=0.000) | 理论正谱(纯缩放) MSE=34767.07
[Worker] k=8.9377 | 物理全谱(含截距) MSE=50.07 (b=0.000) | 理论正谱(纯缩放) MSE=225.78
[Worker] k=8.5129 | 物理全谱(含截距) MSE=83.92 (b=0.000) | 理论正谱(纯缩放) MSE=33660.84
[Worker] k=8.0262 | 物理全谱(含截距) MSE=53.27 (b=0.000) | 理论正谱(纯缩放) MSE=1960.28
[Worker] k=9.6745 | 物理全谱(含截距) MSE=115.78 (b=0.000) | 理论正谱(纯缩放) MSE=240906.78
[Worker] k=8.2826 | 物理全谱(含截距) MSE=151.83 (b=0.000) | 理论正谱(纯缩放) MSE=36087.59
[Worker] k=6.9395 | 物理全谱(含截距) MSE=18.85 (b=0.000) | 理论正谱(纯缩放) MSE=5538.20
[Worker] k=7.5801 | 物理全谱(含截距) MSE=115.55 (b=0.000) | 理论正谱(纯缩放) MSE=1833.42
[Worker] k=8.1302 | 物理全谱(含截距) MSE=155.50 (b=0.000) | 理论正谱(纯缩放) MSE=3450196.88
[Worker] k=7.4404 | 物理全谱(含截距) MSE=81.50 (b=-0.000) | 理论正谱(纯缩放) MSE=15678.64
[Worker] k=9.7773 | 物理全谱(含截距) MSE=36.06 (b=0.000) | 理论正谱(纯缩放) MSE=843.58
[Worker] k=7.0861 | 物理全谱(含截距) MSE=28.00 (b=-0.000) | 理论正谱(纯缩放) MSE=1091176.94
[Worker] k=9.3548 | 物理全谱(含截距) MSE=143.54 (b=0.000) | 理论正谱(纯缩放) MSE=36069.65
[Worker] k=9.3091 | 物理全谱(含截距) MSE=52.41 (b=0.000) | 理论正谱(纯缩放) MSE=102043.48
[Worker] k=7.1597 | 物理全谱(含截距) MSE=98.23 (b=0.000) | 理论正谱(纯缩放) MSE=203.14
[Worker] k=7.3534 | 物理全谱(含截距) MSE=34.43 (b=0.000) | 理论正谱(纯缩放) MSE=6205.66
[Worker] k=8.8197 | 物理全谱(含截距) MSE=29.40 (b=0.000) | 理论正谱(纯缩放) MSE=1198.64
[Worker] k=8.0533 | 物理全谱(含截距) MSE=75.06 (b=0.000) | 理论正谱(纯缩放) MSE=59360.53
[Worker] k=5.2799 | 物理全谱(含截距) MSE=55.58 (b=0.000) | 理论正谱(纯缩放) MSE=70.55
[Worker] k=8.2752 | 物理全谱(含截距) MSE=106.67 (b=0.000) | 理论正谱(纯缩放) MSE=1049.21
[Worker] k=9.1006 | 物理全谱(含截距) MSE=62.95 (b=0.000) | 理论正谱(纯缩放) MSE=5746.55
[Worker] k=6.6974 | 物理全谱(含截距) MSE=33.45 (b=0.000) | 理论正谱(纯缩放) MSE=3663.41
[Worker] k=8.2388 | 物理全谱(含截距) MSE=120.36 (b=0.000) | 理论正谱(纯缩放) MSE=163648.32
[Worker] k=3.6832 | 物理全谱(含截距) MSE=56.08 (b=0.000) | 理论正谱(纯缩放) MSE=12569.59
[Worker] k=9.0831 | 物理全谱(含截距) MSE=92.16 (b=0.000) | 理论正谱(纯缩放) MSE=95.85
[Worker] k=7.6738 | 物理全谱(含截距) MSE=48.82 (b=0.000) | 理论正谱(纯缩放) MSE=2935.03
[Worker] k=9.4587 | 物理全谱(含截距) MSE=71.75 (b=0.000) | 理论正谱(纯缩放) MSE=320.23
[Worker] k=9.3424 | 物理全谱(含截距) MSE=68.12 (b=0.000) | 理论正谱(纯缩放) MSE=524.63
[Worker] k=7.9823 | 物理全谱(含截距) MSE=121.13 (b=-0.000) | 理论正谱(纯缩放) MSE=128.61
[Worker] k=5.1455 | 物理全谱(含截距) MSE=140.76 (b=0.000) | 理论正谱(纯缩放) MSE=50272.17
[Worker] k=5.9222 | 物理全谱(含截距) MSE=146.28 (b=0.000) | 理论正谱(纯缩放) MSE=122770.44
[Worker] k=5.7482 | 物理全谱(含截距) MSE=150.27 (b=0.000) | 理论正谱(纯缩放) MSE=34176.77
[Worker] k=6.8978 | 物理全谱(含截距) MSE=28.45 (b=-0.000) | 理论正谱(纯缩放) MSE=524.23
[Worker] k=9.2413 | 物理全谱(含截距) MSE=24.45 (b=0.000) | 理论正谱(纯缩放) MSE=24.74
[Worker] k=9.8030 | 物理全谱(含截距) MSE=61.69 (b=0.000) | 理论正谱(纯缩放) MSE=606.33
[Worker] k=6.3297 | 物理全谱(含截距) MSE=53.56 (b=0.000) | 理论正谱(纯缩放) MSE=1789.99
[Worker] k=6.4721 | 物理全谱(含截距) MSE=60.10 (b=0.000) | 理论正谱(纯缩放) MSE=3296.52
[Worker] k=8.4898 | 物理全谱(含截距) MSE=99.73 (b=0.000) | 理论正谱(纯缩放) MSE=585.41
[Worker] k=8.0258 | 物理全谱(含截距) MSE=100.90 (b=0.000) | 理论正谱(纯缩放) MSE=123317.44
[Worker] k=7.7239 | 物理全谱(含截距) MSE=40.37 (b=0.000) | 理论正谱(纯缩放) MSE=915.17
[Worker] k=6.6895 | 物理全谱(含截距) MSE=50.07 (b=0.000) | 理论正谱(纯缩放) MSE=280.55
[Worker] k=6.7896 | 物理全谱(含截距) MSE=72.56 (b=0.000) | 理论正谱(纯缩放) MSE=926.68
[Worker] k=9.3411 | 物理全谱(含截距) MSE=45.03 (b=-0.000) | 理论正谱(纯缩放) MSE=909284.63
[Worker] k=7.4677 | 物理全谱(含截距) MSE=28.06 (b=0.000) | 理论正谱(纯缩放) MSE=16190.79
[Worker] k=9.2599 | 物理全谱(含截距) MSE=100.91 (b=0.000) | 理论正谱(纯缩放) MSE=33173.42
[Worker] k=4.9988 | 物理全谱(含截距) MSE=41.50 (b=0.000) | 理论正谱(纯缩放) MSE=808.74
[Worker] k=8.9466 | 物理全谱(含截距) MSE=103.60 (b=0.000) | 理论正谱(纯缩放) MSE=148.41
[Worker] k=9.5052 | 物理全谱(含截距) MSE=50.71 (b=0.000) | 理论正谱(纯缩放) MSE=28801.83
[Worker] k=8.4676 | 物理全谱(含截距) MSE=74.16 (b=0.000) | 理论正谱(纯缩放) MSE=650019.60
[Worker] k=7.4554 | 物理全谱(含截距) MSE=53.47 (b=-0.000) | 理论正谱(纯缩放) MSE=4775.22
[Worker] k=8.9162 | 物理全谱(含截距) MSE=58.91 (b=0.000) | 理论正谱(纯缩放) MSE=1061.43
[Worker] k=7.5996 | 物理全谱(含截距) MSE=123.71 (b=0.000) | 理论正谱(纯缩放) MSE=53594.25
[Worker] k=8.8117 | 物理全谱(含截距) MSE=53.21 (b=0.000) | 理论正谱(纯缩放) MSE=28128.54
[Worker] k=8.9382 | 物理全谱(含截距) MSE=54.72 (b=-0.000) | 理论正谱(纯缩放) MSE=157893.12
[Worker] k=7.8462 | 物理全谱(含截距) MSE=85.04 (b=-0.000) | 理论正谱(纯缩放) MSE=5445.09
[Worker] k=8.8520 | 物理全谱(含截距) MSE=94.94 (b=0.000) | 理论正谱(纯缩放) MSE=1652.99
[Worker] k=9.1388 | 物理全谱(含截距) MSE=50.43 (b=0.000) | 理论正谱(纯缩放) MSE=350551.97
[Worker] k=9.7010 | 物理全谱(含截距) MSE=47.57 (b=0.000) | 理论正谱(纯缩放) MSE=141303.21
[Worker] k=7.0375 | 物理全谱(含截距) MSE=78.88 (b=0.000) | 理论正谱(纯缩放) MSE=12749.60
[Worker] k=7.1398 | 物理全谱(含截距) MSE=83.17 (b=0.000) | 理论正谱(纯缩放) MSE=173458.41
[Worker] k=7.6104 | 物理全谱(含截距) MSE=57.03 (b=0.000) | 理论正谱(纯缩放) MSE=446.12
[Worker] k=6.1563 | 物理全谱(含截距) MSE=78.19 (b=-0.000) | 理论正谱(纯缩放) MSE=60230.35
[Worker] k=8.6534 | 物理全谱(含截距) MSE=20.41 (b=-0.000) | 理论正谱(纯缩放) MSE=3430.81
[Worker] k=9.9658 | 物理全谱(含截距) MSE=55.80 (b=0.000) | 理论正谱(纯缩放) MSE=1712.38
[Worker] k=8.0050 | 物理全谱(含截距) MSE=58.49 (b=0.000) | 理论正谱(纯缩放) MSE=210.52
[Worker] k=7.2859 | 物理全谱(含截距) MSE=53.19 (b=0.000) | 理论正谱(纯缩放) MSE=10544.33
[Worker] k=8.2702 | 物理全谱(含截距) MSE=63.67 (b=-0.000) | 理论正谱(纯缩放) MSE=1238.58
[Worker] k=5.7868 | 物理全谱(含截距) MSE=82.99 (b=0.000) | 理论正谱(纯缩放) MSE=301161.12
[Worker] k=9.1891 | 物理全谱(含截距) MSE=70.88 (b=0.000) | 理论正谱(纯缩放) MSE=13031.57
[Worker] k=9.8517 | 物理全谱(含截距) MSE=97.92 (b=0.000) | 理论正谱(纯缩放) MSE=205.68
[Worker] k=4.5342 | 物理全谱(含截距) MSE=52.71 (b=-0.000) | 理论正谱(纯缩放) MSE=60164.46
[Worker] k=8.5000 | 物理全谱(含截距) MSE=89.83 (b=-0.000) | 理论正谱(纯缩放) MSE=25586.94
[Worker] k=6.2980 | 物理全谱(含截距) MSE=75.48 (b=0.000) | 理论正谱(纯缩放) MSE=427044.01
[Worker] k=9.0855 | 物理全谱(含截距) MSE=28.94 (b=0.000) | 理论正谱(纯缩放) MSE=8860.79
[Worker] k=3.4684 | 物理全谱(含截距) MSE=21.10 (b=0.000) | 理论正谱(纯缩放) MSE=1903.57
[Worker] k=6.4755 | 物理全谱(含截距) MSE=35.97 (b=0.000) | 理论正谱(纯缩放) MSE=3408.57
[Worker] k=6.9824 | 物理全谱(含截距) MSE=78.69 (b=0.000) | 理论正谱(纯缩放) MSE=164975.61
[Worker] k=5.4996 | 物理全谱(含截距) MSE=92.13 (b=0.000) | 理论正谱(纯缩放) MSE=35377.37
[Worker] k=8.8817 | 物理全谱(含截距) MSE=55.21 (b=0.000) | 理论正谱(纯缩放) MSE=1242.81
[Worker] k=8.3597 | 物理全谱(含截距) MSE=72.75 (b=0.000) | 理论正谱(纯缩放) MSE=795003.56
[Worker] k=8.7656 | 物理全谱(含截距) MSE=92.49 (b=-0.000) | 理论正谱(纯缩放) MSE=199.07
[Worker] k=8.3736 | 物理全谱(含截距) MSE=41.45 (b=0.000) | 理论正谱(纯缩放) MSE=43.87
[Worker] k=7.1932 | 物理全谱(含截距) MSE=27.64 (b=-0.000) | 理论正谱(纯缩放) MSE=1831.62
[Worker] k=7.6609 | 物理全谱(含截距) MSE=40.35 (b=-0.000) | 理论正谱(纯缩放) MSE=2331.02
[Worker] k=8.5346 | 物理全谱(含截距) MSE=42.90 (b=0.000) | 理论正谱(纯缩放) MSE=64789767.97
[Worker] k=9.0922 | 物理全谱(含截距) MSE=69.95 (b=0.000) | 理论正谱(纯缩放) MSE=1535.29
[Worker] k=6.8520 | 物理全谱(含截距) MSE=41.53 (b=0.000) | 理论正谱(纯缩放) MSE=208.60
[Worker] k=8.3957 | 物理全谱(含截距) MSE=40.11 (b=-0.000) | 理论正谱(纯缩放) MSE=307.12
[Worker] k=8.8281 | 物理全谱(含截距) MSE=38.24 (b=-0.000) | 理论正谱(纯缩放) MSE=75246.01
[Worker] k=9.9696 | 物理全谱(含截距) MSE=66.30 (b=0.000) | 理论正谱(纯缩放) MSE=87369.39
[Worker] k=7.4411 | 物理全谱(含截距) MSE=115.62 (b=0.000) | 理论正谱(纯缩放) MSE=1078.39
[Worker] k=4.4956 | 物理全谱(含截距) MSE=63.49 (b=0.000) | 理论正谱(纯缩放) MSE=59687.03
[Worker] k=6.4286 | 物理全谱(含截距) MSE=53.72 (b=0.000) | 理论正谱(纯缩放) MSE=6520.68
[Worker] k=7.2771 | 物理全谱(含截距) MSE=50.54 (b=0.000) | 理论正谱(纯缩放) MSE=183.61[Worker] k=8.5978 | 物理全谱(含截距) MSE=56.26 (b=0.000) | 理论正谱(纯缩放) MSE=1789.99

[Worker] k=6.4528 | 物理全谱(含截距) MSE=74.87 (b=0.000) | 理论正谱(纯缩放) MSE=19911.75
[Worker] k=7.6769 | 物理全谱(含截距) MSE=38.04 (b=0.000) | 理论正谱(纯缩放) MSE=191.27
[Worker] k=4.5053 | 物理全谱(含截距) MSE=67.50 (b=0.000) | 理论正谱(纯缩放) MSE=2504.11
[Worker] k=7.4879 | 物理全谱(含截距) MSE=53.55 (b=0.000) | 理论正谱(纯缩放) MSE=263073.95
[Worker] k=9.3855 | 物理全谱(含截距) MSE=53.34 (b=0.000) | 理论正谱(纯缩放) MSE=530.93
[Worker] k=7.0732 | 物理全谱(含截距) MSE=85.10 (b=0.000) | 理论正谱(纯缩放) MSE=50879.18
[Worker] k=9.6144 | 物理全谱(含截距) MSE=47.25 (b=0.000) | 理论正谱(纯缩放) MSE=154898.00
[Worker] k=8.1448 | 物理全谱(含截距) MSE=45.06 (b=0.000) | 理论正谱(纯缩放) MSE=184.72
[Worker] k=6.6966 | 物理全谱(含截距) MSE=32.48 (b=0.000) | 理论正谱(纯缩放) MSE=12561.22
[Worker] k=8.2332 | 物理全谱(含截距) MSE=73.65 (b=0.000) | 理论正谱(纯缩放) MSE=7891.78
[Worker] k=8.3246 | 物理全谱(含截距) MSE=105.36 (b=0.000) | 理论正谱(纯缩放) MSE=1042223.71
[Worker] k=8.2401 | 物理全谱(含截距) MSE=45.27 (b=0.000) | 理论正谱(纯缩放) MSE=2168.20
[Worker] k=9.9293 | 物理全谱(含截距) MSE=48.69 (b=0.000) | 理论正谱(纯缩放) MSE=1056075.98
[Worker] k=7.5926 | 物理全谱(含截距) MSE=32.24 (b=0.000) | 理论正谱(纯缩放) MSE=143.45
[Worker] k=8.5675 | 物理全谱(含截距) MSE=54.08 (b=0.000) | 理论正谱(纯缩放) MSE=67706.17
[Worker] k=4.5182 | 物理全谱(含截距) MSE=46.30 (b=0.000) | 理论正谱(纯缩放) MSE=2194.74
[Worker] k=6.6359 | 物理全谱(含截距) MSE=58.78 (b=0.000) | 理论正谱(纯缩放) MSE=54307.61
[Worker] k=9.5274 | 物理全谱(含截距) MSE=75.56 (b=0.000) | 理论正谱(纯缩放) MSE=86485.78
[Worker] k=8.5164 | 物理全谱(含截距) MSE=89.61 (b=0.000) | 理论正谱(纯缩放) MSE=4115.13
[Worker] k=9.5211 | 物理全谱(含截距) MSE=27.61 (b=0.000) | 理论正谱(纯缩放) MSE=183556.05
[Worker] k=8.0527 | 物理全谱(含截距) MSE=56.85 (b=0.000) | 理论正谱(纯缩放) MSE=4694.81
[Worker] k=9.2500 | 物理全谱(含截距) MSE=98.07 (b=0.000) | 理论正谱(纯缩放) MSE=4989.10
[Worker] k=9.0577 | 物理全谱(含截距) MSE=76.20 (b=0.000) | 理论正谱(纯缩放) MSE=78.42
[Worker] k=2.9992 | 物理全谱(含截距) MSE=23.08 (b=0.000) | 理论正谱(纯缩放) MSE=852.69
[Worker] k=8.8009 | 物理全谱(含截距) MSE=56.46 (b=-0.000) | 理论正谱(纯缩放) MSE=157.39
[Worker] k=7.3672 | 物理全谱(含截距) MSE=44.82 (b=0.000) | 理论正谱(纯缩放) MSE=4802.60
[Worker] k=6.7119 | 物理全谱(含截距) MSE=40.78 (b=0.000) | 理论正谱(纯缩放) MSE=88737.28
[Worker] k=6.4587 | 物理全谱(含截距) MSE=31.66 (b=0.000) | 理论正谱(纯缩放) MSE=1397.46
[Worker] k=6.4755 | 物理全谱(含截距) MSE=106.02 (b=0.000) | 理论正谱(纯缩放) MSE=2392.48
[Worker] k=8.3788 | 物理全谱(含截距) MSE=72.33 (b=-0.000) | 理论正谱(纯缩放) MSE=150.05
[Worker] k=8.3740 | 物理全谱(含截距) MSE=110.39 (b=0.000) | 理论正谱(纯缩放) MSE=34704.67
[Worker] k=8.6816 | 物理全谱(含截距) MSE=127.82 (b=0.000) | 理论正谱(纯缩放) MSE=8364.75
[Worker] k=9.3342 | 物理全谱(含截距) MSE=72.07 (b=-0.000) | 理论正谱(纯缩放) MSE=162935.17
[Worker] k=7.5955 | 物理全谱(含截距) MSE=77.86 (b=-0.000) | 理论正谱(纯缩放) MSE=277.92
[Worker] k=8.8004 | 物理全谱(含截距) MSE=64.26 (b=0.000) | 理论正谱(纯缩放) MSE=15435.17
[Worker] k=8.9914 | 物理全谱(含截距) MSE=23.98 (b=-0.000) | 理论正谱(纯缩放) MSE=858.33
[Worker] k=7.2599 | 物理全谱(含截距) MSE=38.06 (b=-0.000) | 理论正谱(纯缩放) MSE=3476.89
[Worker] k=2.2716 | 物理全谱(含截距) MSE=35.86 (b=-0.000) | 理论正谱(纯缩放) MSE=110274.31
[Worker] k=9.4938 | 物理全谱(含截距) MSE=108.88 (b=-0.000) | 理论正谱(纯缩放) MSE=5241.55
[Worker] k=8.8164 | 物理全谱(含截距) MSE=41.15 (b=0.000) | 理论正谱(纯缩放) MSE=75714.81
[Worker] k=8.4578 | 物理全谱(含截距) MSE=50.11 (b=0.000) | 理论正谱(纯缩放) MSE=3927.95
[Worker] k=4.5629 | 物理全谱(含截距) MSE=51.32 (b=0.000) | 理论正谱(纯缩放) MSE=41090.29
[Worker] k=7.2426 | 物理全谱(含截距) MSE=85.41 (b=0.000) | 理论正谱(纯缩放) MSE=5269.80
[Worker] k=5.7074 | 物理全谱(含截距) MSE=124.87 (b=0.000) | 理论正谱(纯缩放) MSE=1723.17
[Worker] k=9.3587 | 物理全谱(含截距) MSE=69.16 (b=0.000) | 理论正谱(纯缩放) MSE=1568.53
[Worker] k=8.9365 | 物理全谱(含截距) MSE=74.99 (b=0.000) | 理论正谱(纯缩放) MSE=41256.80
[Worker] k=5.1132 | 物理全谱(含截距) MSE=100.34 (b=-0.000) | 理论正谱(纯缩放) MSE=8647.27
[Worker] k=8.0756 | 物理全谱(含截距) MSE=63.05 (b=0.000) | 理论正谱(纯缩放) MSE=435.75
[Worker] k=8.5320 | 物理全谱(含截距) MSE=79.61 (b=0.000) | 理论正谱(纯缩放) MSE=32754.13
[Worker] k=8.5938 | 物理全谱(含截距) MSE=77.42 (b=0.000) | 理论正谱(纯缩放) MSE=8603.33
[Worker] k=8.7550 | 物理全谱(含截距) MSE=122.42 (b=0.000) | 理论正谱(纯缩放) MSE=57326.70
[Worker] k=6.0889 | 物理全谱(含截距) MSE=26.45 (b=0.000) | 理论正谱(纯缩放) MSE=917.57
[Worker] k=5.7286 | 物理全谱(含截距) MSE=37.19 (b=-0.000) | 理论正谱(纯缩放) MSE=25594.89
[Worker] k=5.2956 | 物理全谱(含截距) MSE=51.64 (b=0.000) | 理论正谱(纯缩放) MSE=330.13
[Worker] k=8.6519 | 物理全谱(含截距) MSE=152.32 (b=0.000) | 理论正谱(纯缩放) MSE=27132.04
[Worker] k=7.4744 | 物理全谱(含截距) MSE=49.02 (b=0.000) | 理论正谱(纯缩放) MSE=5676.35
[Worker] k=8.8707 | 物理全谱(含截距) MSE=41.76 (b=-0.000) | 理论正谱(纯缩放) MSE=3976.27
[Worker] k=6.8378 | 物理全谱(含截距) MSE=129.67 (b=-0.000) | 理论正谱(纯缩放) MSE=100981.85
[Worker] k=7.5251 | 物理全谱(含截距) MSE=152.34 (b=0.000) | 理论正谱(纯缩放) MSE=594.11
[Worker] k=8.0527 | 物理全谱(含截距) MSE=56.85 (b=0.000) | 理论正谱(纯缩放) MSE=4694.81
[Worker] k=7.8310 | 物理全谱(含截距) MSE=84.86 (b=0.000) | 理论正谱(纯缩放) MSE=3046.04
[Worker] k=5.6328 | 物理全谱(含截距) MSE=139.91 (b=0.000) | 理论正谱(纯缩放) MSE=111073.53
[Worker] k=8.9199 | 物理全谱(含截距) MSE=28.21 (b=0.000) | 理论正谱(纯缩放) MSE=4183.90
[Worker] k=6.2807 | 物理全谱(含截距) MSE=29.03 (b=0.000) | 理论正谱(纯缩放) MSE=2542301.64
[Worker] k=8.6296 | 物理全谱(含截距) MSE=68.54 (b=0.000) | 理论正谱(纯缩放) MSE=87.22
[Worker] k=9.0050 | 物理全谱(含截距) MSE=76.15 (b=0.000) | 理论正谱(纯缩放) MSE=77969.10
[Worker] k=7.9329 | 物理全谱(含截距) MSE=110.74 (b=0.000) | 理论正谱(纯缩放) MSE=3772.38
[Worker] k=6.7359 | 物理全谱(含截距) MSE=21.90 (b=-0.000) | 理论正谱(纯缩放) MSE=139.81
[Worker] k=2.6773 | 物理全谱(含截距) MSE=163.55 (b=0.000) | 理论正谱(纯缩放) MSE=11592.11
[Worker] k=8.3899 | 物理全谱(含截距) MSE=49.40 (b=0.000) | 理论正谱(纯缩放) MSE=5827.47
differential_evolution step 10: f(x)= 10.80906624443473

[+] 寻优结束！总耗时: 425.42 分钟

======================================================================
🎯 终极结论出炉 (全精度锁定版)：
[*] 最优 k1 = np.float64(8.782777700385054)
[*] 物理现实残差 (全谱 MSE) = np.float64(10.80906624443473)
======================================================================
