nohup: ignoring input
================================================================================
🚀 算力怪兽觉醒：256核并行 | 全局纯缩放 | 1D 宏观常数 k1 寻优
================================================================================
[*] 正在加载靶向黎曼零点...
[*] 演化步数已锁定为: 100亿步
[*] 寻优法则: 纯缩放 (Pure Scaling) + 全局误差计算 (不屏蔽前50点)
[*] ⚠️ 正在为 256核 阵列分配任务，起飞！
[Worker] 尝试 k=11.907426 | 纯缩放 Scale=1489.0054 | 全局 MSE=275434.2779 | 耗时=2046.0s
[Worker] 尝试 k=12.449470 | 纯缩放 Scale=380.8661 | 全局 MSE=867.4729 | 耗时=2067.1s
[Worker] 尝试 k=14.033730 | 纯缩放 Scale=281.0958 | 全局 MSE=707.4141 | 耗时=2136.9s
[Worker] 尝试 k=10.436113 | 纯缩放 Scale=553.5436 | 全局 MSE=11859.4511 | 耗时=2141.4s
[Worker] 尝试 k=14.779087 | 纯缩放 Scale=352.4595 | 全局 MSE=176.2872 | 耗时=2147.8s
[Worker] 尝试 k=10.105400 | 纯缩放 Scale=270.4292 | 全局 MSE=510.5956 | 耗时=2151.7s
[Worker] 尝试 k=12.078996 | 纯缩放 Scale=557.6527 | 全局 MSE=9862.0487 | 耗时=2157.5s
[Worker] 尝试 k=9.342346 | 纯缩放 Scale=5278.0343 | 全局 MSE=5315122.2872 | 耗时=2159.2s
[Worker] 尝试 k=13.487579 | 纯缩放 Scale=1688.8287 | 全局 MSE=395106.5690 | 耗时=2160.8s
[Worker] 尝试 k=7.626991 | 纯缩放 Scale=332.2187 | 全局 MSE=161.2076 | 耗时=2162.2s
[Worker] 尝试 k=12.379235 | 纯缩放 Scale=1493.2062 | 全局 MSE=279142.7868 | 耗时=2165.7s
[Worker] 尝试 k=7.448831 | 纯缩放 Scale=574.3834 | 全局 MSE=13944.7065 | 耗时=2169.7s
[Worker] 尝试 k=13.902442 | 纯缩放 Scale=270.1212 | 全局 MSE=793.7114 | 耗时=2173.0s
[Worker] 尝试 k=5.379044 | 纯缩放 Scale=383.7669 | 全局 MSE=1090.3198 | 耗时=2175.2s
[Worker] 尝试 k=5.607538 | 纯缩放 Scale=276.6327 | 全局 MSE=619.4595 | 耗时=2177.6s
[Worker] 尝试 k=11.968914 | 纯缩放 Scale=461.2035 | 全局 MSE=4851.4124 | 耗时=2178.8s
[Worker] 尝试 k=10.889151 | 纯缩放 Scale=2220.3305 | 全局 MSE=803733.9742 | 耗时=2180.4s
[Worker] 尝试 k=10.377672 | 纯缩放 Scale=600.9411 | 全局 MSE=17887.4523 | 耗时=2181.5s
[Worker] 尝试 k=9.731643 | 纯缩放 Scale=430.6588 | 全局 MSE=2783.9449 | 耗时=2182.6s
[Worker] 尝试 k=10.482880 | 纯缩放 Scale=409.6797 | 全局 MSE=1851.6613 | 耗时=2186.1s
[Worker] 尝试 k=11.391638 | 纯缩放 Scale=1027.9209 | 全局 MSE=104705.0182 | 耗时=2186.2s
[Worker] 尝试 k=12.932966 | 纯缩放 Scale=846.8729 | 全局 MSE=52146.6521 | 耗时=2188.8s
[Worker] 尝试 k=6.413778 | 纯缩放 Scale=515.3008 | 全局 MSE=6740.7464 | 耗时=2189.7s
[Worker] 尝试 k=12.249872 | 纯缩放 Scale=405.5575 | 全局 MSE=1724.6859 | 耗时=2192.0s
[Worker] 尝试 k=10.167445 | 纯缩放 Scale=280.3257 | 全局 MSE=464.0693 | 耗时=2192.6s
[Worker] 尝试 k=14.139694 | 纯缩放 Scale=3000.4163 | 全局 MSE=1501862.1043 | 耗时=2193.4s
[Worker] 尝试 k=13.019355 | 纯缩放 Scale=567.5402 | 全局 MSE=13355.0782 | 耗时=2194.0s
[Worker] 尝试 k=6.006134 | 纯缩放 Scale=487.0533 | 全局 MSE=5434.0206 | 耗时=2194.5s
[Worker] 尝试 k=8.005004 | 纯缩放 Scale=470.7954 | 全局 MSE=4105.6932 | 耗时=2199.7s
[Worker] 尝试 k=12.502884 | 纯缩放 Scale=555.5791 | 全局 MSE=10916.8632 | 耗时=2200.2s
[Worker] 尝试 k=5.179805 | 纯缩放 Scale=634.5347 | 全局 MSE=20782.1039 | 耗时=2201.1s
[Worker] 尝试 k=10.569833 | 纯缩放 Scale=908.2964 | 全局 MSE=74965.9674 | 耗时=2201.7s
[Worker] 尝试 k=11.853646 | 纯缩放 Scale=349.4472 | 全局 MSE=180.2682 | 耗时=2202.3s
[Worker] 尝试 k=13.773377 | 纯缩放 Scale=1908.9751 | 全局 MSE=570303.5899 | 耗时=2203.8s
[Worker] 尝试 k=9.699341 | 纯缩放 Scale=390.4697 | 全局 MSE=821.8455 | 耗时=2205.9s
[Worker] 尝试 k=7.293028 | 纯缩放 Scale=558.6947 | 全局 MSE=12248.7022 | 耗时=2206.4s
[Worker] 尝试 k=6.981438 | 纯缩放 Scale=286.7832 | 全局 MSE=498.9261 | 耗时=2206.8s
[Worker] 尝试 k=6.160177 | 纯缩放 Scale=332.6739 | 全局 MSE=98.5210 | 耗时=2207.6s
[Worker] 尝试 k=8.883191 | 纯缩放 Scale=424.0626 | 全局 MSE=2263.0577 | 耗时=2207.9s
[Worker] 尝试 k=6.128358 | 纯缩放 Scale=1320.2776 | 全局 MSE=228264.1976 | 耗时=2208.5s
[Worker] 尝试 k=9.981556 | 纯缩放 Scale=1118.0608 | 全局 MSE=140780.7376 | 耗时=2210.0s
[Worker] 尝试 k=13.058358 | 纯缩放 Scale=646.1136 | 全局 MSE=20169.1890 | 耗时=2210.1s
[Worker] 尝试 k=8.396997 | 纯缩放 Scale=709.1172 | 全局 MSE=36769.5056 | 耗时=2211.3s
[Worker] 尝试 k=13.661906 | 纯缩放 Scale=708.2360 | 全局 MSE=35995.2176 | 耗时=2211.7s
[Worker] 尝试 k=8.156356 | 纯缩放 Scale=732.6298 | 全局 MSE=28581.4831 | 耗时=2211.8s
[Worker] 尝试 k=11.407048 | 纯缩放 Scale=219.1167 | 全局 MSE=2528.6814 | 耗时=2212.2s
[Worker] 尝试 k=11.222317 | 纯缩放 Scale=821.7077 | 全局 MSE=46571.1644 | 耗时=2213.1s
[Worker] 尝试 k=11.533630 | 纯缩放 Scale=234.6955 | 全局 MSE=2024.4327 | 耗时=2214.4s
[Worker] 尝试 k=10.786709 | 纯缩放 Scale=1218.3255 | 全局 MSE=165490.6259 | 耗时=2214.4s
[Worker] 尝试 k=14.919251 | 纯缩放 Scale=568.0302 | 全局 MSE=13103.8356 | 耗时=2215.1s
[Worker] 尝试 k=11.247718 | 纯缩放 Scale=336.8098 | 全局 MSE=87.7571 | 耗时=2215.9s
[Worker] 尝试 k=9.299823 | 纯缩放 Scale=550.2392 | 全局 MSE=13407.4070 | 耗时=2219.1s
[Worker] 尝试 k=7.644409 | 纯缩放 Scale=443.6824 | 全局 MSE=3366.7051 | 耗时=2219.8s
[Worker] 尝试 k=9.679274 | 纯缩放 Scale=456.5796 | 全局 MSE=3421.2413 | 耗时=2221.4s
[Worker] 尝试 k=7.410521 | 纯缩放 Scale=3203.5115 | 全局 MSE=1867738.1463 | 耗时=2223.5s[Worker] 尝试 k=11.111798 | 纯缩放 Scale=341.2730 | 全局 MSE=87.4825 | 耗时=2223.5s

[Worker] 尝试 k=7.062325 | 纯缩放 Scale=239.0065 | 全局 MSE=1766.2864 | 耗时=2223.5s
[Worker] 尝试 k=6.578680 | 纯缩放 Scale=681.9527 | 全局 MSE=29034.9350 | 耗时=2223.6s
[Worker] 尝试 k=8.743549 | 纯缩放 Scale=415.8487 | 全局 MSE=1977.6459 | 耗时=2223.7s
[Worker] 尝试 k=11.921796 | 纯缩放 Scale=755.9106 | 全局 MSE=37894.7891 | 耗时=2224.4s
[Worker] 尝试 k=14.228786 | 纯缩放 Scale=874.2720 | 全局 MSE=54580.6680 | 耗时=2224.9s
[Worker] 尝试 k=6.906278 | 纯缩放 Scale=284.4175 | 全局 MSE=293.2003 | 耗时=2225.3s
[Worker] 尝试 k=14.743259 | 纯缩放 Scale=4237.3609 | 全局 MSE=2912375.0287 | 耗时=2225.4s
[Worker] 尝试 k=7.001815 | 纯缩放 Scale=806.6008 | 全局 MSE=51029.3833 | 耗时=2226.4s
[Worker] 尝试 k=7.951933 | 纯缩放 Scale=383.5494 | 全局 MSE=1209.7381 | 耗时=2226.6s
[Worker] 尝试 k=7.571927 | 纯缩放 Scale=469.1033 | 全局 MSE=3233.1110 | 耗时=2227.0s
[Worker] 尝试 k=11.595028 | 纯缩放 Scale=577.1808 | 全局 MSE=14482.5805 | 耗时=2227.5s
[Worker] 尝试 k=5.944239 | 纯缩放 Scale=994.9934 | 全局 MSE=107149.3079 | 耗时=2227.5s
[Worker] 尝试 k=13.415749 | 纯缩放 Scale=583.7219 | 全局 MSE=14921.8190 | 耗时=2228.7s
[Worker] 尝试 k=11.764483 | 纯缩放 Scale=299.0482 | 全局 MSE=309.2399 | 耗时=2229.5s
[Worker] 尝试 k=9.526980 | 纯缩放 Scale=297.5169 | 全局 MSE=214.9359 | 耗时=2230.8s
[Worker] 尝试 k=6.787704 | 纯缩放 Scale=545.4066 | 全局 MSE=13101.3998 | 耗时=2231.0s
[Worker] 尝试 k=6.218971 | 纯缩放 Scale=433.8990 | 全局 MSE=3098.0109 | 耗时=2231.0s
[Worker] 尝试 k=10.344755 | 纯缩放 Scale=465.2311 | 全局 MSE=3978.9767 | 耗时=2231.1s
[Worker] 尝试 k=11.644851 | 纯缩放 Scale=375.0939 | 全局 MSE=619.2700 | 耗时=2231.5s
[Worker] 尝试 k=7.840327 | 纯缩放 Scale=583.8603 | 全局 MSE=16424.0517 | 耗时=2231.9s
[Worker] 尝试 k=7.798149 | 纯缩放 Scale=255.3916 | 全局 MSE=1246.0788 | 耗时=2231.9s
[Worker] 尝试 k=8.788353 | 纯缩放 Scale=750.1622 | 全局 MSE=35433.1098 | 耗时=2232.7s
[Worker] 尝试 k=9.118599 | 纯缩放 Scale=819.0909 | 全局 MSE=51014.6445 | 耗时=2233.3s
[Worker] 尝试 k=10.845810 | 纯缩放 Scale=654.9296 | 全局 MSE=21417.9681 | 耗时=2234.5s
[Worker] 尝试 k=9.406097 | 纯缩放 Scale=230.9562 | 全局 MSE=1916.7714 | 耗时=2235.7s
[Worker] 尝试 k=10.980089 | 纯缩放 Scale=410.8810 | 全局 MSE=1570.8167 | 耗时=2235.8s
[Worker] 尝试 k=5.685201 | 纯缩放 Scale=523.3073 | 全局 MSE=8742.1010 | 耗时=2235.9s
[Worker] 尝试 k=9.443335 | 纯缩放 Scale=232.5441 | 全局 MSE=1473.1444 | 耗时=2236.0s
[Worker] 尝试 k=12.861366 | 纯缩放 Scale=295.9364 | 全局 MSE=255.9359 | 耗时=2236.2s
[Worker] 尝试 k=12.827384 | 纯缩放 Scale=417.0899 | 全局 MSE=1991.6681 | 耗时=2236.2s
[Worker] 尝试 k=12.635997 | 纯缩放 Scale=661.4226 | 全局 MSE=20805.8056 | 耗时=2236.8s
[Worker] 尝试 k=12.743008 | 纯缩放 Scale=233.9762 | 全局 MSE=2429.0513 | 耗时=2237.8s
[Worker] 尝试 k=13.753645 | 纯缩放 Scale=172.6075 | 全局 MSE=5135.7996 | 耗时=2238.0s
[Worker] 尝试 k=8.351700 | 纯缩放 Scale=448.0988 | 全局 MSE=3505.4916 | 耗时=2239.0s
[Worker] 尝试 k=14.517830 | 纯缩放 Scale=378.0632 | 全局 MSE=566.6606 | 耗时=2239.5s
[Worker] 尝试 k=7.156784 | 纯缩放 Scale=414.8749 | 全局 MSE=2113.5692 | 耗时=2241.6s
[Worker] 尝试 k=6.802689 | 纯缩放 Scale=485.3208 | 全局 MSE=6411.6308 | 耗时=2242.0s
[Worker] 尝试 k=11.458853 | 纯缩放 Scale=2272.4993 | 全局 MSE=819573.5575 | 耗时=2243.6s
[Worker] 尝试 k=8.214216 | 纯缩放 Scale=223.1497 | 全局 MSE=2139.0356 | 耗时=2243.6s
[Worker] 尝试 k=12.013001 | 纯缩放 Scale=2674.9963 | 全局 MSE=1298609.5355 | 耗时=2246.5s
[Worker] 尝试 k=8.112266 | 纯缩放 Scale=368.2765 | 全局 MSE=466.5489 | 耗时=2246.7s
[Worker] 尝试 k=14.813658 | 纯缩放 Scale=217.8948 | 全局 MSE=2756.1909 | 耗时=2247.3s
[Worker] 尝试 k=7.102664 | 纯缩放 Scale=1238.7711 | 全局 MSE=179487.8462 | 耗时=2247.5s
[Worker] 尝试 k=8.276269 | 纯缩放 Scale=277.4011 | 全局 MSE=831.7282 | 耗时=2247.8s
[Worker] 尝试 k=5.432123 | 纯缩放 Scale=936.9755 | 全局 MSE=71613.3381 | 耗时=2248.3s
[Worker] 尝试 k=14.406699 | 纯缩放 Scale=2704.2230 | 全局 MSE=1212733.2415 | 耗时=2248.3s
[Worker] 尝试 k=12.294320 | 纯缩放 Scale=484.4896 | 全局 MSE=4304.6609 | 耗时=2249.3s
[Worker] 尝试 k=9.143362 | 纯缩放 Scale=1314.5756 | 全局 MSE=212384.5825 | 耗时=2249.5s
[Worker] 尝试 k=10.474495 | 纯缩放 Scale=411.1363 | 全局 MSE=1581.3735 | 耗时=2250.1s
[Worker] 尝试 k=9.060267 | 纯缩放 Scale=325.3582 | 全局 MSE=130.8851 | 耗时=2250.8s
[Worker] 尝试 k=6.522504 | 纯缩放 Scale=1332.6463 | 全局 MSE=224123.8348 | 耗时=2250.9s
[Worker] 尝试 k=6.320319 | 纯缩放 Scale=1735.2479 | 全局 MSE=452339.6944 | 耗时=2251.0s
[Worker] 尝试 k=9.800187 | 纯缩放 Scale=2695.0244 | 全局 MSE=1311439.0529 | 耗时=2252.3s
[Worker] 尝试 k=12.772826 | 纯缩放 Scale=562.0669 | 全局 MSE=14194.4915 | 耗时=2253.0s
[Worker] 尝试 k=14.119987 | 纯缩放 Scale=1707.1856 | 全局 MSE=448062.5755 | 耗时=2253.7s
[Worker] 尝试 k=14.185109 | 纯缩放 Scale=855.3431 | 全局 MSE=62342.2861 | 耗时=2254.1s
[Worker] 尝试 k=8.445727 | 纯缩放 Scale=564.7358 | 全局 MSE=13235.1165 | 耗时=2254.3s
[Worker] 尝试 k=13.212403 | 纯缩放 Scale=394.1889 | 全局 MSE=1101.8442 | 耗时=2254.9s
[Worker] 尝试 k=14.050260 | 纯缩放 Scale=217.3877 | 全局 MSE=3274.1024 | 耗时=2255.9s
[Worker] 尝试 k=11.505369 | 纯缩放 Scale=886.3041 | 全局 MSE=66991.8478 | 耗时=2256.3s
[Worker] 尝试 k=10.214021 | 纯缩放 Scale=225.5739 | 全局 MSE=1952.7884 | 耗时=2257.4s
[Worker] 尝试 k=7.239593 | 纯缩放 Scale=1371.4037 | 全局 MSE=218058.9165 | 耗时=2259.2s
[Worker] 尝试 k=13.566799 | 纯缩放 Scale=449.5319 | 全局 MSE=3904.7981 | 耗时=2259.6s
[Worker] 尝试 k=10.745803 | 纯缩放 Scale=233.8512 | 全局 MSE=1868.8341 | 耗时=2260.3s
[Worker] 尝试 k=10.656333 | 纯缩放 Scale=327.3519 | 全局 MSE=126.2088 | 耗时=2261.0s
[Worker] 尝试 k=13.279759 | 纯缩放 Scale=1141.3333 | 全局 MSE=162281.2011 | 耗时=2261.6s
[Worker] 尝试 k=9.488745 | 纯缩放 Scale=525.2858 | 全局 MSE=9222.7996 | 耗时=2262.1s
[Worker] 尝试 k=6.703237 | 纯缩放 Scale=483.2823 | 全局 MSE=5181.1914 | 耗时=2264.2s
[Worker] 尝试 k=10.823294 | 纯缩放 Scale=292.0355 | 全局 MSE=111.5615 | 耗时=2264.7s
[Worker] 尝试 k=7.322260 | 纯缩放 Scale=518.8299 | 全局 MSE=10494.5008 | 耗时=2265.5s
[Worker] 尝试 k=6.727253 | 纯缩放 Scale=1138.0857 | 全局 MSE=151954.5804 | 耗时=2265.9s
[Worker] 尝试 k=5.076354 | 纯缩放 Scale=2427.1249 | 全局 MSE=913649.5801 | 耗时=2266.6s
[Worker] 尝试 k=12.998196 | 纯缩放 Scale=316.3202 | 全局 MSE=120.0028 | 耗时=2267.0s
[Worker] 尝试 k=10.542998 | 纯缩放 Scale=535.8452 | 全局 MSE=8225.2706 | 耗时=2267.3s
[Worker] 尝试 k=9.938779 | 纯缩放 Scale=322.2133 | 全局 MSE=109.2658 | 耗时=2267.7s
[Worker] 尝试 k=14.703250 | 纯缩放 Scale=774.8146 | 全局 MSE=41796.4749 | 耗时=2267.8s
[Worker] 尝试 k=8.496530 | 纯缩放 Scale=315.2278 | 全局 MSE=235.0590 | 耗时=2267.8s
[Worker] 尝试 k=7.534066 | 纯缩放 Scale=318.1266 | 全局 MSE=60.9241 | 耗时=2268.8s
[Worker] 尝试 k=13.377472 | 纯缩放 Scale=640.5324 | 全局 MSE=22142.0614 | 耗时=2268.9s
[Worker] 尝试 k=6.100891 | 纯缩放 Scale=322.1592 | 全局 MSE=42.3333 | 耗时=2269.1s
[Worker] 尝试 k=8.802070 | 纯缩放 Scale=545.1615 | 全局 MSE=11671.0853 | 耗时=2269.4s
[Worker] 尝试 k=9.778657 | 纯缩放 Scale=269.2113 | 全局 MSE=525.3776 | 耗时=2269.9s
[Worker] 尝试 k=11.008894 | 纯缩放 Scale=625.2982 | 全局 MSE=19686.1019 | 耗时=2269.9s
[Worker] 尝试 k=5.333019 | 纯缩放 Scale=553.1216 | 全局 MSE=13138.2775 | 耗时=2270.1s
[Worker] 尝试 k=13.703437 | 纯缩放 Scale=1269.6259 | 全局 MSE=172028.0519 | 耗时=2270.4s
[Worker] 尝试 k=13.171834 | 纯缩放 Scale=283.7062 | 全局 MSE=485.0591 | 耗时=2270.6s
[Worker] 尝试 k=13.443572 | 纯缩放 Scale=666.0657 | 全局 MSE=23406.3672 | 耗时=2271.4s
[Worker] 尝试 k=5.123756 | 纯缩放 Scale=333.1951 | 全局 MSE=104.8766 | 耗时=2271.9s
[Worker] 尝试 k=11.833014 | 纯缩放 Scale=348.4332 | 全局 MSE=280.2552 | 耗时=2272.6s
[Worker] 尝试 k=5.450806 | 纯缩放 Scale=269.3442 | 全局 MSE=1010.4263 | 耗时=2272.8s
[Worker] 尝试 k=8.567168 | 纯缩放 Scale=540.8889 | 全局 MSE=10928.3332 | 耗时=2273.1s
[Worker] 尝试 k=7.714062 | 纯缩放 Scale=390.6081 | 全局 MSE=1100.8085 | 耗时=2273.4s
[Worker] 尝试 k=11.618824 | 纯缩放 Scale=370.6936 | 全局 MSE=312.8705 | 耗时=2273.8s
[Worker] 尝试 k=14.322580 | 纯缩放 Scale=385.7349 | 全局 MSE=739.5542 | 耗时=2274.6s
[Worker] 尝试 k=6.602627 | 纯缩放 Scale=615.4120 | 全局 MSE=17420.9001 | 耗时=2274.9s
[Worker] 尝试 k=9.211893 | 纯缩放 Scale=279.3507 | 全局 MSE=268.4409 | 耗时=2275.1s
[Worker] 尝试 k=14.668517 | 纯缩放 Scale=1762.4662 | 全局 MSE=468169.6472 | 耗时=2275.5s
[Worker] 尝试 k=5.795323 | 纯缩放 Scale=250.4136 | 全局 MSE=1028.6858 | 耗时=2276.7s
[Worker] 尝试 k=10.028065 | 纯缩放 Scale=220.6811 | 全局 MSE=2131.5964 | 耗时=2278.4s
[Worker] 尝试 k=7.500968 | 纯缩放 Scale=1564.7468 | 全局 MSE=323109.1857 | 耗时=2278.4s
[Worker] 尝试 k=14.923767 | 纯缩放 Scale=387.0861 | 全局 MSE=737.7757 | 耗时=2279.3s
[Worker] 尝试 k=5.513576 | 纯缩放 Scale=215.3239 | 全局 MSE=2093.2971 | 耗时=2279.5s
[Worker] 尝试 k=12.562180 | 纯缩放 Scale=339.5514 | 全局 MSE=77.1681 | 耗时=2280.2s
[Worker] 尝试 k=14.552663 | 纯缩放 Scale=863.5571 | 全局 MSE=63248.8282 | 耗时=2280.5s
[Worker] 尝试 k=9.269461 | 纯缩放 Scale=337.9283 | 全局 MSE=123.7476 | 耗时=2281.2s
[Worker] 尝试 k=13.863304 | 纯缩放 Scale=560.3100 | 全局 MSE=11224.1957 | 耗时=2281.7s
[Worker] 尝试 k=14.594149 | 纯缩放 Scale=542.5969 | 全局 MSE=9635.2250 | 耗时=2282.1s
[Worker] 尝试 k=11.154060 | 纯缩放 Scale=753.8185 | 全局 MSE=35323.7804 | 耗时=2282.9s
[Worker] 尝试 k=7.971935 | 纯缩放 Scale=648.5950 | 全局 MSE=26502.9013 | 耗时=2283.3s
[Worker] 尝试 k=13.950343 | 纯缩放 Scale=246.0342 | 全局 MSE=1309.7675 | 耗时=2283.9s
[Worker] 尝试 k=10.249020 | 纯缩放 Scale=476.5939 | 全局 MSE=3800.7999 | 耗时=2284.0s
[Worker] 尝试 k=9.186279 | 纯缩放 Scale=555.4075 | 全局 MSE=11029.1582 | 耗时=2284.7s
[Worker] 尝试 k=6.938469 | 纯缩放 Scale=655.4412 | 全局 MSE=26444.4258 | 耗时=2285.4s
[Worker] 尝试 k=6.651091 | 纯缩放 Scale=288.3117 | 全局 MSE=470.4202 | 耗时=2285.7s
[Worker] 尝试 k=14.606646 | 纯缩放 Scale=298.7636 | 全局 MSE=601.9203 | 耗时=2286.4s
[Worker] 尝试 k=11.283066 | 纯缩放 Scale=274.3880 | 全局 MSE=772.6537 | 耗时=2286.7s
[Worker] 尝试 k=7.184548 | 纯缩放 Scale=1005.3405 | 全局 MSE=98876.7480 | 耗时=2286.8s
[Worker] 尝试 k=9.369865 | 纯缩放 Scale=444.4994 | 全局 MSE=4478.8466 | 耗时=2287.0s
[Worker] 尝试 k=12.165011 | 纯缩放 Scale=1848.3458 | 全局 MSE=482029.5165 | 耗时=2287.2s
[Worker] 尝试 k=10.931177 | 纯缩放 Scale=752.9218 | 全局 MSE=45605.7239 | 耗时=2287.4s
[Worker] 尝试 k=5.249765 | 纯缩放 Scale=228.4668 | 全局 MSE=1992.6913 | 耗时=2287.4s
[Worker] 尝试 k=5.015467 | 纯缩放 Scale=375.9183 | 全局 MSE=889.2202 | 耗时=2287.4s
[Worker] 尝试 k=8.283548 | 纯缩放 Scale=660.2494 | 全局 MSE=23826.0578 | 耗时=2287.9s
[Worker] 尝试 k=9.010966 | 纯缩放 Scale=378.0378 | 全局 MSE=574.7198 | 耗时=2288.4s
[Worker] 尝试 k=12.437419 | 纯缩放 Scale=429.2351 | 全局 MSE=2847.0743 | 耗时=2288.6s
[Worker] 尝试 k=11.358451 | 纯缩放 Scale=531.9251 | 全局 MSE=7085.5259 | 耗时=2289.1s
[Worker] 尝试 k=8.669043 | 纯缩放 Scale=1212.6770 | 全局 MSE=169242.7442 | 耗时=2289.8s
[Worker] 尝试 k=12.208994 | 纯缩放 Scale=294.5195 | 全局 MSE=375.0588 | 耗时=2290.3s
[Worker] 尝试 k=8.532261 | 纯缩放 Scale=235.8182 | 全局 MSE=1707.0897 | 耗时=2290.7s
[Worker] 尝试 k=5.568445 | 纯缩放 Scale=256.9208 | 全局 MSE=798.2825 | 耗时=2290.8s
[Worker] 尝试 k=12.679507 | 纯缩放 Scale=1259.6763 | 全局 MSE=154093.9116 | 耗时=2291.4s
[Worker] 尝试 k=7.370803 | 纯缩放 Scale=531.3925 | 全局 MSE=9073.4096 | 耗时=2292.6s
[Worker] 尝试 k=14.263285 | 纯缩放 Scale=317.8591 | 全局 MSE=155.9872 | 耗时=2294.1s
[Worker] 尝试 k=6.280122 | 纯缩放 Scale=1150.4181 | 全局 MSE=167598.9961 | 耗时=2294.2s
[Worker] 尝试 k=12.911653 | 纯缩放 Scale=1600.9597 | 全局 MSE=330996.6508 | 耗时=2295.4s
[Worker] 尝试 k=13.822321 | 纯缩放 Scale=877.9969 | 全局 MSE=60111.3138 | 耗时=2295.4s
[Worker] 尝试 k=12.699522 | 纯缩放 Scale=1398.8473 | 全局 MSE=254507.6674 | 耗时=2295.6s
[Worker] 尝试 k=5.976321 | 纯缩放 Scale=237.6735 | 全局 MSE=1871.6309 | 耗时=2296.4s
[Worker] 尝试 k=5.878875 | 纯缩放 Scale=229.4820 | 全局 MSE=1706.0324 | 耗时=2296.5s
[Worker] 尝试 k=7.254346 | 纯缩放 Scale=3526.0984 | 全局 MSE=2276487.9654 | 耗时=2298.3s
[Worker] 尝试 k=13.528986 | 纯缩放 Scale=1288.5673 | 全局 MSE=212140.4096 | 耗时=2298.3s
[Worker] 尝试 k=6.361652 | 纯缩放 Scale=465.0385 | 全局 MSE=4120.6226 | 耗时=2298.8s
[Worker] 尝试 k=8.197947 | 纯缩放 Scale=453.4750 | 全局 MSE=2433.4280 | 耗时=2298.8s
[Worker] 尝试 k=5.672961 | 纯缩放 Scale=612.6194 | 全局 MSE=19916.6321 | 耗时=2299.0s
[Worker] 尝试 k=5.918183 | 纯缩放 Scale=631.2125 | 全局 MSE=24494.7132 | 耗时=2299.3s
[Worker] 尝试 k=5.285962 | 纯缩放 Scale=1291.1191 | 全局 MSE=204972.2236 | 耗时=2300.8s
[Worker] 尝试 k=5.549181 | 纯缩放 Scale=422.9947 | 全局 MSE=2426.2956 | 耗时=2300.9s
[Worker] 尝试 k=14.841423 | 纯缩放 Scale=746.2079 | 全局 MSE=35530.1409 | 耗时=2302.1s
[Worker] 尝试 k=11.713146 | 纯缩放 Scale=339.8289 | 全局 MSE=69.6607 | 耗时=2303.9s
[Worker] 尝试 k=13.636724 | 纯缩放 Scale=569.2928 | 全局 MSE=11515.6080 | 耗时=2304.6s
[Worker] 尝试 k=12.159519 | 纯缩放 Scale=411.5611 | 全局 MSE=1681.7791 | 耗时=2304.7s
[Worker] 尝试 k=8.992265 | 纯缩放 Scale=445.5701 | 全局 MSE=2803.4482 | 耗时=2304.8s
[Worker] 尝试 k=12.525128 | 纯缩放 Scale=2094.4937 | 全局 MSE=646498.5377 | 耗时=2305.3s
[Worker] 尝试 k=10.053653 | 纯缩放 Scale=494.9764 | 全局 MSE=6285.0410 | 耗时=2306.0s
[Worker] 尝试 k=10.282603 | 纯缩放 Scale=1298.6976 | 全局 MSE=211885.5658 | 耗时=2306.1s
[Worker] 尝试 k=8.402102 | 纯缩放 Scale=197.4736 | 全局 MSE=3652.6408 | 耗时=2306.1s
[Worker] 尝试 k=5.083401 | 纯缩放 Scale=499.9695 | 全局 MSE=7497.0163 | 耗时=2306.6s
[Worker] 尝试 k=11.728565 | 纯缩放 Scale=962.3455 | 全局 MSE=89447.3077 | 耗时=2306.7s
[Worker] 尝试 k=7.912572 | 纯缩放 Scale=589.9386 | 全局 MSE=14822.0678 | 耗时=2307.2s
[Worker] 尝试 k=9.884681 | 纯缩放 Scale=428.9771 | 全局 MSE=2533.7028 | 耗时=2307.4s
[Worker] 尝试 k=13.303021 | 纯缩放 Scale=309.0319 | 全局 MSE=63.5460 | 耗时=2307.9s
[Worker] 尝试 k=8.067280 | 纯缩放 Scale=625.4795 | 全局 MSE=18990.6662 | 耗时=2308.2s
[Worker] 尝试 k=9.869536 | 纯缩放 Scale=317.4002 | 全局 MSE=65.3793 | 耗时=2309.7s
[Worker] 尝试 k=12.086942 | 纯缩放 Scale=304.4796 | 全局 MSE=236.6610 | 耗时=2310.2s
[Worker] 尝试 k=7.725615 | 纯缩放 Scale=2892.8956 | 全局 MSE=1445528.4672 | 耗时=2311.4s
[Worker] 尝试 k=8.600110 | 纯缩放 Scale=317.0895 | 全局 MSE=24.0257 | 耗时=2311.5s
[Worker] 尝试 k=6.243693 | 纯缩放 Scale=715.0993 | 全局 MSE=32246.0501 | 耗时=2311.7s
[Worker] 尝试 k=6.079981 | 纯缩放 Scale=274.2853 | 全局 MSE=660.8911 | 耗时=2312.0s
[Worker] 尝试 k=6.871406 | 纯缩放 Scale=247.4259 | 全局 MSE=1400.5571 | 耗时=2313.2s
[Worker] 尝试 k=11.187836 | 纯缩放 Scale=491.0930 | 全局 MSE=5338.8040 | 耗时=2313.6s
[Worker] 尝试 k=8.958355 | 纯缩放 Scale=242.2174 | 全局 MSE=1375.6045 | 耗时=2314.2s
[Worker] 尝试 k=5.219986 | 纯缩放 Scale=310.7931 | 全局 MSE=77.2364 | 耗时=2314.6s
[Worker] 尝试 k=9.583069 | 纯缩放 Scale=402.6323 | 全局 MSE=1900.3627 | 耗时=2314.6s
[Worker] 尝试 k=14.392652 | 纯缩放 Scale=184.2981 | 全局 MSE=4377.5782 | 耗时=2314.8s
[Worker] 尝试 k=10.127091 | 纯缩放 Scale=252.9372 | 全局 MSE=1079.5743 | 耗时=2314.9s
[Worker] 尝试 k=11.040496 | 纯缩放 Scale=448.9558 | 全局 MSE=3621.8167 | 耗时=2314.9s
[Worker] 尝试 k=13.350473 | 纯缩放 Scale=1012.5619 | 全局 MSE=112317.2427 | 耗时=2315.0s
[Worker] 尝试 k=9.624845 | 纯缩放 Scale=380.4953 | 全局 MSE=974.2570 | 耗时=2315.3s
[Worker] 尝试 k=6.475125 | 纯缩放 Scale=305.1467 | 全局 MSE=113.1968 | 耗时=2315.8s
[Worker] 尝试 k=13.096210 | 纯缩放 Scale=290.5561 | 全局 MSE=464.0742 | 耗时=2317.0s
[Worker] 尝试 k=14.449017 | 纯缩放 Scale=456.0443 | 全局 MSE=3224.2906 | 耗时=2317.3s
[Worker] 尝试 k=12.324374 | 纯缩放 Scale=261.6335 | 全局 MSE=1215.3886 | 耗时=2317.4s
[Worker] 尝试 k=10.631031 | 纯缩放 Scale=866.1361 | 全局 MSE=64839.9611 | 耗时=2318.7s
[Worker] 尝试 k=5.811793 | 纯缩放 Scale=382.6502 | 全局 MSE=690.8287 | 耗时=2319.2s
[Worker] 尝试 k=6.509160 | 纯缩放 Scale=796.9315 | 全局 MSE=47565.0339 | 耗时=2319.5s
[Worker] 尝试 k=8.866417 | 纯缩放 Scale=544.0562 | 全局 MSE=9337.0363 | 耗时=2320.8s
[Worker] 尝试 k=10.680188 | 纯缩放 Scale=759.8194 | 全局 MSE=39912.4189 | 耗时=2321.0s
[Worker] 尝试 k=13.136151 | 纯缩放 Scale=707.4213 | 全局 MSE=28975.8676 | 耗时=2321.2s
[Worker] 尝试 k=5.733507 | 纯缩放 Scale=381.1821 | 全局 MSE=1092.7321 | 耗时=2321.5s
[Worker] 尝试 k=14.995555 | 纯缩放 Scale=569.2123 | 全局 MSE=12182.2983 | 耗时=2321.6s
[Worker] 尝试 k=14.282868 | 纯缩放 Scale=573.6304 | 全局 MSE=10817.1697 | 耗时=2321.6s
[Worker] 尝试 k=8.702940 | 纯缩放 Scale=220.9989 | 全局 MSE=2314.8048 | 耗时=2321.6s
[Worker] 尝试 k=7.800036 | 纯缩放 Scale=248.0968 | 全局 MSE=1427.8995 | 耗时=2321.9s
[Worker] 尝试 k=13.990721 | 纯缩放 Scale=398.9921 | 全局 MSE=1071.1329 | 耗时=2322.1s
[Worker] 尝试 k=10.451278 | 纯缩放 Scale=395.3324 | 全局 MSE=676.5046 | 耗时=2106.4s
[Worker] 尝试 k=11.639495 | 纯缩放 Scale=723.7040 | 全局 MSE=33012.1301 | 耗时=2120.0s
[Worker] 尝试 k=11.138087 | 纯缩放 Scale=2185.3570 | 全局 MSE=745142.6889 | 耗时=2125.5s
[Worker] 尝试 k=7.545417 | 纯缩放 Scale=315.2914 | 全局 MSE=60.5358 | 耗时=2129.7s
[Worker] 尝试 k=12.757564 | 纯缩放 Scale=293.6642 | 全局 MSE=672.2353 | 耗时=2132.4s
[Worker] 尝试 k=9.886262 | 纯缩放 Scale=669.8638 | 全局 MSE=26803.3423 | 耗时=2142.8s
[Worker] 尝试 k=11.972574 | 纯缩放 Scale=836.8903 | 全局 MSE=54484.6561 | 耗时=2146.7s
[Worker] 尝试 k=7.090630 | 纯缩放 Scale=340.0376 | 全局 MSE=76.6519 | 耗时=2151.9s
[Worker] 尝试 k=10.952317 | 纯缩放 Scale=235.2539 | 全局 MSE=1621.2941 | 耗时=2155.1s
[Worker] 尝试 k=13.396000 | 纯缩放 Scale=795.6587 | 全局 MSE=47378.7216 | 耗时=2161.7s
[Worker] 尝试 k=11.708690 | 纯缩放 Scale=491.1028 | 全局 MSE=6307.7319 | 耗时=2162.8s
[Worker] 尝试 k=9.305168 | 纯缩放 Scale=376.3043 | 全局 MSE=1048.9383 | 耗时=2163.3s
[Worker] 尝试 k=8.829829 | 纯缩放 Scale=2134.0110 | 全局 MSE=708419.6845 | 耗时=2165.1s
[Worker] 尝试 k=7.869574 | 纯缩放 Scale=1258.2911 | 全局 MSE=167569.1704 | 耗时=2166.2s
[Worker] 尝试 k=11.221044 | 纯缩放 Scale=209.3285 | 全局 MSE=3199.6866 | 耗时=2168.5s
[Worker] 尝试 k=7.208418 | 纯缩放 Scale=378.2834 | 全局 MSE=609.0225 | 耗时=2171.7s
[Worker] 尝试 k=7.273011 | 纯缩放 Scale=644.8448 | 全局 MSE=23176.7903 | 耗时=2172.4s
[Worker] 尝试 k=8.526688 | 纯缩放 Scale=1139.7414 | 全局 MSE=154418.0036 | 耗时=2174.6s
[Worker] 尝试 k=11.154245 | 纯缩放 Scale=520.1533 | 全局 MSE=7313.8878 | 耗时=2175.0s
[Worker] 尝试 k=5.933562 | 纯缩放 Scale=410.7871 | 全局 MSE=1933.3105 | 耗时=2179.1s
[Worker] 尝试 k=8.024795 | 纯缩放 Scale=245.7268 | 全局 MSE=1134.1025 | 耗时=2181.8s
[Worker] 尝试 k=9.917170 | 纯缩放 Scale=379.3440 | 全局 MSE=991.3018 | 耗时=2184.1s
[Worker] 尝试 k=5.922692 | 纯缩放 Scale=970.4055 | 全局 MSE=90628.8079 | 耗时=2186.7s
[Worker] 尝试 k=9.552641 | 纯缩放 Scale=347.4493 | 全局 MSE=149.3842 | 耗时=2189.1s
[Worker] 尝试 k=10.405331 | 纯缩放 Scale=542.0808 | 全局 MSE=10304.7865 | 耗时=2189.4s
[Worker] 尝试 k=13.764682 | 纯缩放 Scale=1249.1663 | 全局 MSE=152836.4322 | 耗时=2191.1s
[Worker] 尝试 k=7.364779 | 纯缩放 Scale=517.6872 | 全局 MSE=8274.6585 | 耗时=2194.4s
[Worker] 尝试 k=5.964854 | 纯缩放 Scale=356.4112 | 全局 MSE=552.4279 | 耗时=2195.8s
[Worker] 尝试 k=9.250684 | 纯缩放 Scale=377.5967 | 全局 MSE=656.7781 | 耗时=2196.7s
[Worker] 尝试 k=11.265294 | 纯缩放 Scale=578.0471 | 全局 MSE=17742.7412 | 耗时=2203.1s
[Worker] 尝试 k=10.614711 | 纯缩放 Scale=472.7033 | 全局 MSE=4932.7309 | 耗时=2203.6s
[Worker] 尝试 k=12.096965 | 纯缩放 Scale=592.4307 | 全局 MSE=14766.0110 | 耗时=2214.6s
[Worker] 尝试 k=13.788966 | 纯缩放 Scale=336.0484 | 全局 MSE=58.1718 | 耗时=2217.0s
[Worker] 尝试 k=8.644234 | 纯缩放 Scale=379.7282 | 全局 MSE=642.7548 | 耗时=2217.2s
[Worker] 尝试 k=8.276613 | 纯缩放 Scale=207.8062 | 全局 MSE=2651.2914 | 耗时=2219.0s
[Worker] 尝试 k=6.757060 | 纯缩放 Scale=1017.8948 | 全局 MSE=116705.6463 | 耗时=2221.9s
[Worker] 尝试 k=13.666512 | 纯缩放 Scale=529.0216 | 全局 MSE=9438.5427 | 耗时=2222.2s
[Worker] 尝试 k=7.594434 | 纯缩放 Scale=697.0800 | 全局 MSE=30290.9178 | 耗时=2222.6s
[Worker] 尝试 k=7.505910 | 纯缩放 Scale=925.6412 | 全局 MSE=74550.3278 | 耗时=2222.7s
[Worker] 尝试 k=8.583372 | 纯缩放 Scale=190.1105 | 全局 MSE=3177.3270 | 耗时=2222.9s
[Worker] 尝试 k=9.752511 | 纯缩放 Scale=428.0361 | 全局 MSE=2102.1345 | 耗时=2224.2s
[Worker] 尝试 k=9.423253 | 纯缩放 Scale=1309.4365 | 全局 MSE=203859.4804 | 耗时=2224.6s
[Worker] 尝试 k=6.819710 | 纯缩放 Scale=2775.0197 | 全局 MSE=1403952.9691 | 耗时=2225.0s
[Worker] 尝试 k=8.070038 | 纯缩放 Scale=565.2474 | 全局 MSE=11195.5012 | 耗时=2226.4s
[Worker] 尝试 k=7.024174 | 纯缩放 Scale=477.8678 | 全局 MSE=6155.8493 | 耗时=2227.0s
[Worker] 尝试 k=7.405550 | 纯缩放 Scale=395.8913 | 全局 MSE=965.5294 | 耗时=2227.3s
[Worker] 尝试 k=7.009729 | 纯缩放 Scale=506.9709 | 全局 MSE=8304.3129 | 耗时=2230.2s
[Worker] 尝试 k=5.644240 | 纯缩放 Scale=420.8644 | 全局 MSE=2971.4246 | 耗时=2230.4s
[Worker] 尝试 k=9.403644 | 纯缩放 Scale=305.7502 | 全局 MSE=162.8258 | 耗时=2231.1s
[Worker] 尝试 k=11.055714 | 纯缩放 Scale=550.7627 | 全局 MSE=10624.8870 | 耗时=2231.3s
[Worker] 尝试 k=14.377111 | 纯缩放 Scale=487.3448 | 全局 MSE=5218.4600 | 耗时=2232.3s
[Worker] 尝试 k=9.309405 | 纯缩放 Scale=251.7835 | 全局 MSE=1342.0350 | 耗时=2232.7s
[Worker] 尝试 k=11.639401 | 纯缩放 Scale=1145.2860 | 全局 MSE=136398.7688 | 耗时=2233.3s
[Worker] 尝试 k=9.925283 | 纯缩放 Scale=966.8161 | 全局 MSE=86699.4656 | 耗时=2233.6s
[Worker] 尝试 k=10.133129 | 纯缩放 Scale=318.8117 | 全局 MSE=72.2383 | 耗时=2233.8s
[Worker] 尝试 k=14.658748 | 纯缩放 Scale=781.9368 | 全局 MSE=49142.2893 | 耗时=2235.7s
[Worker] 尝试 k=10.310067 | 纯缩放 Scale=265.6409 | 全局 MSE=986.8366 | 耗时=2236.8s
[Worker] 尝试 k=11.962240 | 纯缩放 Scale=538.5902 | 全局 MSE=10056.4982 | 耗时=2237.0s
[Worker] 尝试 k=9.134903 | 纯缩放 Scale=410.0077 | 全局 MSE=1328.0516 | 耗时=2237.7s
[Worker] 尝试 k=6.958141 | 纯缩放 Scale=399.1718 | 全局 MSE=1486.5222 | 耗时=2238.4s
[Worker] 尝试 k=8.070119 | 纯缩放 Scale=739.0857 | 全局 MSE=44216.5559 | 耗时=2238.5s
[Worker] 尝试 k=12.171273 | 纯缩放 Scale=158.9700 | 全局 MSE=5975.8438 | 耗时=2238.5s
[Worker] 尝试 k=13.474986 | 纯缩放 Scale=420.4294 | 全局 MSE=1247.7845 | 耗时=2238.5s
[Worker] 尝试 k=11.980783 | 纯缩放 Scale=598.8799 | 全局 MSE=17010.6360 | 耗时=2238.6s
[Worker] 尝试 k=6.643047 | 纯缩放 Scale=285.3065 | 全局 MSE=617.6893 | 耗时=2239.3s
[Worker] 尝试 k=5.440749 | 纯缩放 Scale=238.2088 | 全局 MSE=1515.1644 | 耗时=2239.8s
[Worker] 尝试 k=7.253389 | 纯缩放 Scale=390.7718 | 全局 MSE=773.1201 | 耗时=2240.4s
[Worker] 尝试 k=13.295990 | 纯缩放 Scale=2001.8680 | 全局 MSE=594019.9621 | 耗时=2241.4s
[Worker] 尝试 k=10.791592 | 纯缩放 Scale=212.8809 | 全局 MSE=2597.5514 | 耗时=2242.7s
[Worker] 尝试 k=7.080395 | 纯缩放 Scale=888.6127 | 全局 MSE=60837.0080 | 耗时=2243.0s
[Worker] 尝试 k=5.994997 | 纯缩放 Scale=257.4467 | 全局 MSE=796.5652 | 耗时=2244.2s
[Worker] 尝试 k=7.961948 | 纯缩放 Scale=429.1967 | 全局 MSE=2383.4306 | 耗时=2244.2s
[Worker] 尝试 k=11.526428 | 纯缩放 Scale=818.6057 | 全局 MSE=55538.7926 | 耗时=2245.0s
[Worker] 尝试 k=8.577738 | 纯缩放 Scale=299.5184 | 全局 MSE=291.0842 | 耗时=2245.6s
[Worker] 尝试 k=11.959162 | 纯缩放 Scale=556.1230 | 全局 MSE=9790.1526 | 耗时=2246.1s
[Worker] 尝试 k=10.328102 | 纯缩放 Scale=718.3522 | 全局 MSE=31456.9022 | 耗时=2246.2s
[Worker] 尝试 k=7.620661 | 纯缩放 Scale=454.7899 | 全局 MSE=4044.9466 | 耗时=2246.3s
[Worker] 尝试 k=7.229732 | 纯缩放 Scale=325.9799 | 全局 MSE=55.7697 | 耗时=2246.4s
[Worker] 尝试 k=10.058891 | 纯缩放 Scale=241.8074 | 全局 MSE=1441.8617 | 耗时=2246.9s
[Worker] 尝试 k=11.443159 | 纯缩放 Scale=384.6058 | 全局 MSE=973.0794 | 耗时=2247.0s
[Worker] 尝试 k=9.136080 | 纯缩放 Scale=357.3751 | 全局 MSE=165.6905 | 耗时=2247.1s
[Worker] 尝试 k=13.443519 | 纯缩放 Scale=402.9960 | 全局 MSE=1023.3793 | 耗时=2247.8s
[Worker] 尝试 k=7.677107 | 纯缩放 Scale=761.5080 | 全局 MSE=43088.6744 | 耗时=2247.9s
[Worker] 尝试 k=7.275790 | 纯缩放 Scale=901.5157 | 全局 MSE=75246.5054 | 耗时=2248.9s
[Worker] 尝试 k=9.695190 | 纯缩放 Scale=772.2802 | 全局 MSE=41905.8666 | 耗时=2248.9s
[Worker] 尝试 k=7.509227 | 纯缩放 Scale=1507.8056 | 全局 MSE=328064.7396 | 耗时=2249.2s
[Worker] 尝试 k=6.272546 | 纯缩放 Scale=830.3821 | 全局 MSE=55982.5705 | 耗时=2249.4s
[Worker] 尝试 k=8.693475 | 纯缩放 Scale=359.6259 | 全局 MSE=657.1033 | 耗时=2249.4s
[Worker] 尝试 k=8.070336 | 纯缩放 Scale=783.9716 | 全局 MSE=42968.3029 | 耗时=2249.5s
[Worker] 尝试 k=8.904504 | 纯缩放 Scale=310.6295 | 全局 MSE=132.2715 | 耗时=2250.5s
[Worker] 尝试 k=10.028840 | 纯缩放 Scale=834.4870 | 全局 MSE=54607.2340 | 耗时=2252.2s
[Worker] 尝试 k=10.869383 | 纯缩放 Scale=525.1957 | 全局 MSE=7534.8308 | 耗时=2252.2s
[Worker] 尝试 k=12.202593 | 纯缩放 Scale=938.5316 | 全局 MSE=73209.6839 | 耗时=2252.3s
[Worker] 尝试 k=8.348280 | 纯缩放 Scale=561.5608 | 全局 MSE=11857.9549 | 耗时=2252.5s
[Worker] 尝试 k=8.064654 | 纯缩放 Scale=892.3267 | 全局 MSE=71072.3677 | 耗时=2252.8s
[Worker] 尝试 k=9.806132 | 纯缩放 Scale=1062.5801 | 全局 MSE=107011.3193 | 耗时=2253.3s
[Worker] 尝试 k=11.699440 | 纯缩放 Scale=642.0077 | 全局 MSE=20546.0781 | 耗时=2253.3s
[Worker] 尝试 k=9.995097 | 纯缩放 Scale=319.7168 | 全局 MSE=73.2157 | 耗时=2253.5s
[Worker] 尝试 k=11.000243 | 纯缩放 Scale=337.5373 | 全局 MSE=69.5756 | 耗时=2254.3s
[Worker] 尝试 k=6.702769 | 纯缩放 Scale=759.7537 | 全局 MSE=42254.4181 | 耗时=2256.8s
[Worker] 尝试 k=8.884688 | 纯缩放 Scale=1203.2916 | 全局 MSE=177379.7951 | 耗时=2258.8s
[Worker] 尝试 k=14.369372 | 纯缩放 Scale=1080.0325 | 全局 MSE=115311.7298 | 耗时=2258.9s
[Worker] 尝试 k=6.404502 | 纯缩放 Scale=510.6809 | 全局 MSE=9006.2445 | 耗时=2259.1s
[Worker] 尝试 k=11.358520 | 纯缩放 Scale=514.2023 | 全局 MSE=7628.2987 | 耗时=2259.6s
[Worker] 尝试 k=5.447623 | 纯缩放 Scale=474.3296 | 全局 MSE=3959.2585 | 耗时=2259.7s
[Worker] 尝试 k=8.622810 | 纯缩放 Scale=276.4738 | 全局 MSE=347.3519 | 耗时=2260.0s
[Worker] 尝试 k=8.424010 | 纯缩放 Scale=410.9229 | 全局 MSE=2207.6156 | 耗时=2260.1s
[Worker] 尝试 k=8.950346 | 纯缩放 Scale=788.7968 | 全局 MSE=44382.3651 | 耗时=2260.1s
[Worker] 尝试 k=13.118862 | 纯缩放 Scale=751.1380 | 全局 MSE=32754.3552 | 耗时=2260.2s
[Worker] 尝试 k=13.324512 | 纯缩放 Scale=716.7376 | 全局 MSE=35352.0496 | 耗时=2260.3s
[Worker] 尝试 k=6.968462 | 纯缩放 Scale=1663.2874 | 全局 MSE=453726.5429 | 耗时=2260.6s
[Worker] 尝试 k=13.069910 | 纯缩放 Scale=614.4348 | 全局 MSE=18015.8689 | 耗时=2260.9s
[Worker] 尝试 k=9.086908 | 纯缩放 Scale=495.9489 | 全局 MSE=7582.8409 | 耗时=2262.2s
[Worker] 尝试 k=8.182717 | 纯缩放 Scale=332.3214 | 全局 MSE=128.3377 | 耗时=2262.7s
[Worker] 尝试 k=11.889056 | 纯缩放 Scale=416.9614 | 全局 MSE=1509.3138 | 耗时=2263.6s
[Worker] 尝试 k=11.412835 | 纯缩放 Scale=648.1427 | 全局 MSE=20403.7397 | 耗时=2263.8s
[Worker] 尝试 k=10.831244 | 纯缩放 Scale=266.1000 | 全局 MSE=754.5101 | 耗时=2264.0s
[Worker] 尝试 k=7.533459 | 纯缩放 Scale=374.4316 | 全局 MSE=647.1299 | 耗时=2264.2s
[Worker] 尝试 k=9.136716 | 纯缩放 Scale=753.5068 | 全局 MSE=35198.8643 | 耗时=2264.3s
[Worker] 尝试 k=8.784152 | 纯缩放 Scale=183.5271 | 全局 MSE=3858.8819 | 耗时=2264.8s
[Worker] 尝试 k=6.419049 | 纯缩放 Scale=844.7672 | 全局 MSE=52684.8758 | 耗时=2265.0s
[Worker] 尝试 k=10.457648 | 纯缩放 Scale=2133.0028 | 全局 MSE=691264.3589 | 耗时=2265.5s
[Worker] 尝试 k=8.341278 | 纯缩放 Scale=469.4305 | 全局 MSE=4729.8113 | 耗时=2266.2s
[Worker] 尝试 k=7.910421 | 纯缩放 Scale=2038.6356 | 全局 MSE=645373.3534 | 耗时=2266.6s
[Worker] 尝试 k=10.664784 | 纯缩放 Scale=490.0766 | 全局 MSE=6331.3998 | 耗时=2266.9s
[Worker] 尝试 k=7.471556 | 纯缩放 Scale=2694.2664 | 全局 MSE=1239541.5372 | 耗时=2267.0s
[Worker] 尝试 k=8.936565 | 纯缩放 Scale=757.2549 | 全局 MSE=38830.7180 | 耗时=2267.0s
[Worker] 尝试 k=8.488684 | 纯缩放 Scale=1175.9252 | 全局 MSE=153709.3092 | 耗时=2267.2s
[Worker] 尝试 k=6.692675 | 纯缩放 Scale=193.2447 | 全局 MSE=3719.0406 | 耗时=2267.6s
[Worker] 尝试 k=9.882345 | 纯缩放 Scale=456.6411 | 全局 MSE=3843.6298 | 耗时=2267.9s
[Worker] 尝试 k=11.096525 | 纯缩放 Scale=563.6577 | 全局 MSE=12875.8368 | 耗时=2269.3s
[Worker] 尝试 k=6.246342 | 纯缩放 Scale=246.8793 | 全局 MSE=1846.3638 | 耗时=2269.7s
[Worker] 尝试 k=9.991099 | 纯缩放 Scale=605.3852 | 全局 MSE=18313.9298 | 耗时=2270.2s
[Worker] 尝试 k=12.163607 | 纯缩放 Scale=912.5147 | 全局 MSE=73844.8078 | 耗时=2270.2s
[Worker] 尝试 k=11.047031 | 纯缩放 Scale=290.0180 | 全局 MSE=458.2885 | 耗时=2270.5s
[Worker] 尝试 k=6.134184 | 纯缩放 Scale=476.3115 | 全局 MSE=5523.0220 | 耗时=2271.3s
[Worker] 尝试 k=5.489078 | 纯缩放 Scale=300.6135 | 全局 MSE=90.5397 | 耗时=2271.2s
[Worker] 尝试 k=5.861747 | 纯缩放 Scale=437.3084 | 全局 MSE=3130.5234 | 耗时=2273.6s
[Worker] 尝试 k=10.439521 | 纯缩放 Scale=634.6452 | 全局 MSE=22022.1231 | 耗时=2273.8s
[Worker] 尝试 k=10.731942 | 纯缩放 Scale=2944.7552 | 全局 MSE=1342808.9002 | 耗时=2274.0s
[Worker] 尝试 k=8.884266 | 纯缩放 Scale=254.9202 | 全局 MSE=1054.5006 | 耗时=2275.2s
[Worker] 尝试 k=5.611987 | 纯缩放 Scale=2708.4461 | 全局 MSE=1158461.8696 | 耗时=2275.3s
[Worker] 尝试 k=10.999903 | 纯缩放 Scale=418.8713 | 全局 MSE=1865.2479 | 耗时=2275.6s
[Worker] 尝试 k=9.601806 | 纯缩放 Scale=514.3472 | 全局 MSE=6606.6489 | 耗时=2276.0s
[Worker] 尝试 k=7.286663 | 纯缩放 Scale=532.4960 | 全局 MSE=8647.0995 | 耗时=2276.3s
[Worker] 尝试 k=7.964142 | 纯缩放 Scale=348.1765 | 全局 MSE=206.7353 | 耗时=2276.8s
[Worker] 尝试 k=9.241012 | 纯缩放 Scale=248.3104 | 全局 MSE=1442.0297 | 耗时=2277.1s
[Worker] 尝试 k=10.443477 | 纯缩放 Scale=942.1374 | 全局 MSE=82888.0680 | 耗时=2277.2s
[Worker] 尝试 k=12.321530 | 纯缩放 Scale=349.0246 | 全局 MSE=129.3886 | 耗时=2277.8s
[Worker] 尝试 k=5.592058 | 纯缩放 Scale=253.6332 | 全局 MSE=997.5746 | 耗时=2277.7s
[Worker] 尝试 k=5.361571 | 纯缩放 Scale=251.2359 | 全局 MSE=1138.4130 | 耗时=2278.1s
[Worker] 尝试 k=9.610274 | 纯缩放 Scale=428.7430 | 全局 MSE=2030.1942 | 耗时=2278.2s
[Worker] 尝试 k=9.199187 | 纯缩放 Scale=186.4396 | 全局 MSE=3820.2531 | 耗时=2278.4s
[Worker] 尝试 k=7.921517 | 纯缩放 Scale=752.3929 | 全局 MSE=42178.2172 | 耗时=2278.4s
[Worker] 尝试 k=6.171570 | 纯缩放 Scale=716.1204 | 全局 MSE=35490.1699 | 耗时=2279.2s
[Worker] 尝试 k=5.731944 | 纯缩放 Scale=1934.5532 | 全局 MSE=546286.8299 | 耗时=2279.4s
[Worker] 尝试 k=8.125768 | 纯缩放 Scale=447.3381 | 全局 MSE=2399.1807 | 耗时=2279.7s
[Worker] 尝试 k=8.181624 | 纯缩放 Scale=337.1197 | 全局 MSE=71.6272 | 耗时=2280.1s
[Worker] 尝试 k=7.349053 | 纯缩放 Scale=208.8609 | 全局 MSE=2557.5684 | 耗时=2280.7s
[Worker] 尝试 k=10.290984 | 纯缩放 Scale=543.4510 | 全局 MSE=12024.8838 | 耗时=2280.8s
[Worker] 尝试 k=10.899673 | 纯缩放 Scale=749.4856 | 全局 MSE=43996.5781 | 耗时=2281.0s
[Worker] 尝试 k=6.552347 | 纯缩放 Scale=984.4123 | 全局 MSE=87338.2795 | 耗时=2281.1s
[Worker] 尝试 k=13.305581 | 纯缩放 Scale=680.7460 | 全局 MSE=25259.3054 | 耗时=2281.1s
[Worker] 尝试 k=13.629456 | 纯缩放 Scale=392.2624 | 全局 MSE=964.3795 | 耗时=2281.8s
[Worker] 尝试 k=6.563831 | 纯缩放 Scale=932.0202 | 全局 MSE=82050.0833 | 耗时=2281.9s
[Worker] 尝试 k=10.408224 | 纯缩放 Scale=1353.2753 | 全局 MSE=207900.5218 | 耗时=2282.7s
[Worker] 尝试 k=6.524213 | 纯缩放 Scale=1386.9739 | 全局 MSE=241991.1472 | 耗时=2283.5s
[Worker] 尝试 k=8.334575 | 纯缩放 Scale=354.9881 | 全局 MSE=370.1598 | 耗时=2283.5s
[Worker] 尝试 k=9.256737 | 纯缩放 Scale=749.0064 | 全局 MSE=43468.1382 | 耗时=2283.5s
[Worker] 尝试 k=12.693378 | 纯缩放 Scale=271.4609 | 全局 MSE=502.2198 | 耗时=2284.7s
[Worker] 尝试 k=8.692786 | 纯缩放 Scale=330.5843 | 全局 MSE=62.4070 | 耗时=2285.2s
[Worker] 尝试 k=6.714164 | 纯缩放 Scale=413.1799 | 全局 MSE=1742.3829 | 耗时=2285.9s
[Worker] 尝试 k=8.923776 | 纯缩放 Scale=768.2664 | 全局 MSE=44714.7773 | 耗时=2286.2s
[Worker] 尝试 k=14.598646 | 纯缩放 Scale=565.7284 | 全局 MSE=8045.8049 | 耗时=2287.0s
[Worker] 尝试 k=8.348280 | 纯缩放 Scale=561.5608 | 全局 MSE=11857.9549 | 耗时=2287.5s
[Worker] 尝试 k=11.450913 | 纯缩放 Scale=500.3715 | 全局 MSE=6191.4284 | 耗时=2287.8s
[Worker] 尝试 k=7.769698 | 纯缩放 Scale=200.3180 | 全局 MSE=3178.5640 | 耗时=2287.9s
[Worker] 尝试 k=7.697373 | 纯缩放 Scale=177.6336 | 全局 MSE=4578.4696 | 耗时=2288.0s
[Worker] 尝试 k=10.348309 | 纯缩放 Scale=1958.4038 | 全局 MSE=594362.7081 | 耗时=2288.7s
[Worker] 尝试 k=10.084391 | 纯缩放 Scale=832.6034 | 全局 MSE=54453.3701 | 耗时=2289.5s
[Worker] 尝试 k=10.110199 | 纯缩放 Scale=378.1530 | 全局 MSE=900.9649 | 耗时=2290.3s
[Worker] 尝试 k=14.353872 | 纯缩放 Scale=525.3387 | 全局 MSE=8271.8497 | 耗时=2291.3s
[Worker] 尝试 k=9.622405 | 纯缩放 Scale=802.0508 | 全局 MSE=41825.0478 | 耗时=2291.3s
[Worker] 尝试 k=6.666742 | 纯缩放 Scale=715.2535 | 全局 MSE=32532.1455 | 耗时=2291.9s
[Worker] 尝试 k=9.459561 | 纯缩放 Scale=364.4798 | 全局 MSE=356.9119 | 耗时=2292.2s
[Worker] 尝试 k=8.615585 | 纯缩放 Scale=283.8713 | 全局 MSE=651.4580 | 耗时=2292.4s
[Worker] 尝试 k=8.075123 | 纯缩放 Scale=772.2174 | 全局 MSE=44459.6049 | 耗时=2292.7s
[Worker] 尝试 k=8.984456 | 纯缩放 Scale=379.9079 | 全局 MSE=1132.0663 | 耗时=2292.7s
[Worker] 尝试 k=10.414603 | 纯缩放 Scale=1028.8647 | 全局 MSE=105799.7463 | 耗时=2293.6s
[Worker] 尝试 k=9.864913 | 纯缩放 Scale=309.2167 | 全局 MSE=133.7669 | 耗时=2293.7s
[Worker] 尝试 k=6.162023 | 纯缩放 Scale=482.9585 | 全局 MSE=6163.9802 | 耗时=2293.8s
[Worker] 尝试 k=8.755453 | 纯缩放 Scale=267.1509 | 全局 MSE=730.5170 | 耗时=2294.5s
[Worker] 尝试 k=5.970221 | 纯缩放 Scale=319.1250 | 全局 MSE=182.2373 | 耗时=2295.6s
[Worker] 尝试 k=12.116762 | 纯缩放 Scale=310.9057 | 全局 MSE=99.0360 | 耗时=2295.7s
[Worker] 尝试 k=5.308144 | 纯缩放 Scale=440.7774 | 全局 MSE=3590.7203 | 耗时=2295.9s
[Worker] 尝试 k=9.813559 | 纯缩放 Scale=299.9261 | 全局 MSE=63.0028 | 耗时=2296.1s
[Worker] 尝试 k=10.595680 | 纯缩放 Scale=451.4070 | 全局 MSE=3933.7781 | 耗时=2296.2s
[Worker] 尝试 k=8.267206 | 纯缩放 Scale=371.7646 | 全局 MSE=509.8153 | 耗时=2297.1s
[Worker] 尝试 k=9.396049 | 纯缩放 Scale=493.5047 | 全局 MSE=6822.0482 | 耗时=2297.5s
[Worker] 尝试 k=5.012773 | 纯缩放 Scale=1306.2263 | 全局 MSE=190535.3283 | 耗时=2297.6s
[Worker] 尝试 k=8.150058 | 纯缩放 Scale=241.3035 | 全局 MSE=1597.1698 | 耗时=2297.9s
[Worker] 尝试 k=6.457132 | 纯缩放 Scale=222.8709 | 全局 MSE=2040.1485 | 耗时=2298.1s
[Worker] 尝试 k=7.333458 | 纯缩放 Scale=410.1244 | 全局 MSE=1507.1269 | 耗时=2299.0s
[Worker] 尝试 k=6.816986 | 纯缩放 Scale=186.4967 | 全局 MSE=3711.7642 | 耗时=2299.9s
[Worker] 尝试 k=10.051238 | 纯缩放 Scale=673.1745 | 全局 MSE=33609.8204 | 耗时=2300.1s
[Worker] 尝试 k=11.104669 | 纯缩放 Scale=724.2234 | 全局 MSE=38952.6661 | 耗时=2300.3s
[Worker] 尝试 k=8.266077 | 纯缩放 Scale=346.9078 | 全局 MSE=143.6775 | 耗时=2300.6s
[Worker] 尝试 k=14.072226 | 纯缩放 Scale=677.2647 | 全局 MSE=26036.2005 | 耗时=2300.9s
[Worker] 尝试 k=8.518621 | 纯缩放 Scale=651.0786 | 全局 MSE=23803.2275 | 耗时=2301.0s
[Worker] 尝试 k=6.843766 | 纯缩放 Scale=4249.1139 | 全局 MSE=3039300.2871 | 耗时=2301.2s
[Worker] 尝试 k=7.563059 | 纯缩放 Scale=569.0745 | 全局 MSE=12644.1181 | 耗时=2301.7s
[Worker] 尝试 k=9.261541 | 纯缩放 Scale=788.0423 | 全局 MSE=41262.8109 | 耗时=2301.9s
[Worker] 尝试 k=13.343139 | 纯缩放 Scale=536.1744 | 全局 MSE=7182.4768 | 耗时=2302.5s
[Worker] 尝试 k=7.470943 | 纯缩放 Scale=489.2296 | 全局 MSE=6108.2475 | 耗时=2302.6s
[Worker] 尝试 k=6.628227 | 纯缩放 Scale=634.2798 | 全局 MSE=21977.8738 | 耗时=2302.7s
[Worker] 尝试 k=11.722776 | 纯缩放 Scale=459.5859 | 全局 MSE=6084.7935 | 耗时=2302.7s
[Worker] 尝试 k=5.616931 | 纯缩放 Scale=1441.4915 | 全局 MSE=237301.9407 | 耗时=2303.1s
[Worker] 尝试 k=9.032088 | 纯缩放 Scale=1253.4162 | 全局 MSE=178388.1215 | 耗时=2303.2s
[Worker] 尝试 k=13.783293 | 纯缩放 Scale=480.4851 | 全局 MSE=6040.7816 | 耗时=2303.4s
[Worker] 尝试 k=10.484055 | 纯缩放 Scale=395.1990 | 全局 MSE=1145.5835 | 耗时=2303.4s
[Worker] 尝试 k=10.646590 | 纯缩放 Scale=714.0082 | 全局 MSE=30748.0860 | 耗时=2303.7s
[Worker] 尝试 k=13.006736 | 纯缩放 Scale=610.5776 | 全局 MSE=17222.7867 | 耗时=2303.8s
[Worker] 尝试 k=10.640611 | 纯缩放 Scale=1405.3077 | 全局 MSE=265552.2737 | 耗时=2304.4s
[Worker] 尝试 k=8.082733 | 纯缩放 Scale=549.5230 | 全局 MSE=11768.0279 | 耗时=2304.9s
[Worker] 尝试 k=5.520073 | 纯缩放 Scale=331.7071 | 全局 MSE=221.2287 | 耗时=2304.9s
[Worker] 尝试 k=11.535334 | 纯缩放 Scale=911.4246 | 全局 MSE=75256.6408 | 耗时=2305.0s
[Worker] 尝试 k=11.106618 | 纯缩放 Scale=332.8287 | 全局 MSE=160.2891 | 耗时=2305.0s
[Worker] 尝试 k=7.764273 | 纯缩放 Scale=456.3228 | 全局 MSE=5740.7603 | 耗时=2305.1s
[Worker] 尝试 k=13.971716 | 纯缩放 Scale=385.3557 | 全局 MSE=771.7696 | 耗时=2305.2s
[Worker] 尝试 k=7.303144 | 纯缩放 Scale=293.4597 | 全局 MSE=375.1044 | 耗时=2305.4s
[Worker] 尝试 k=11.075636 | 纯缩放 Scale=2320.7911 | 全局 MSE=868852.5219 | 耗时=2305.5s
[Worker] 尝试 k=8.859415 | 纯缩放 Scale=497.5743 | 全局 MSE=6085.5783 | 耗时=2305.8s
[Worker] 尝试 k=12.879260 | 纯缩放 Scale=612.2643 | 全局 MSE=17497.1907 | 耗时=2306.2s
[Worker] 尝试 k=10.996872 | 纯缩放 Scale=361.0779 | 全局 MSE=502.4547 | 耗时=2306.6s
[Worker] 尝试 k=9.897077 | 纯缩放 Scale=273.0273 | 全局 MSE=771.0027 | 耗时=2307.1s
[Worker] 尝试 k=5.659530 | 纯缩放 Scale=579.8143 | 全局 MSE=15023.9311 | 耗时=2307.1s
[Worker] 尝试 k=7.662672 | 纯缩放 Scale=483.9858 | 全局 MSE=5789.2399 | 耗时=2307.2s
[Worker] 尝试 k=14.009467 | 纯缩放 Scale=274.1016 | 全局 MSE=821.6765 | 耗时=2307.6s
[Worker] 尝试 k=11.643758 | 纯缩放 Scale=603.0897 | 全局 MSE=18827.7581 | 耗时=2308.4s
[Worker] 尝试 k=8.641173 | 纯缩放 Scale=241.0477 | 全局 MSE=1675.0684 | 耗时=2308.8s
[Worker] 尝试 k=6.248446 | 纯缩放 Scale=333.7700 | 全局 MSE=61.1130 | 耗时=2309.2s
[Worker] 尝试 k=7.346664 | 纯缩放 Scale=2865.8135 | 全局 MSE=1496996.2667 | 耗时=2309.2s
[Worker] 尝试 k=10.203779 | 纯缩放 Scale=602.6795 | 全局 MSE=15129.4732 | 耗时=2309.7s
[Worker] 尝试 k=5.949799 | 纯缩放 Scale=272.9703 | 全局 MSE=542.4658 | 耗时=2310.9s
[Worker] 尝试 k=8.741514 | 纯缩放 Scale=389.3094 | 全局 MSE=1320.0148 | 耗时=2311.0s
[Worker] 尝试 k=8.168210 | 纯缩放 Scale=982.0400 | 全局 MSE=88236.3418 | 耗时=2311.4s
[Worker] 尝试 k=7.379017 | 纯缩放 Scale=1777.0875 | 全局 MSE=444620.0404 | 耗时=2311.5s
[Worker] 尝试 k=7.563675 | 纯缩放 Scale=1156.0674 | 全局 MSE=154541.9857 | 耗时=2311.6s
[Worker] 尝试 k=12.707466 | 纯缩放 Scale=453.5181 | 全局 MSE=3376.7407 | 耗时=2311.6s
[Worker] 尝试 k=6.763510 | 纯缩放 Scale=470.2966 | 全局 MSE=5245.2471 | 耗时=2311.6s
differential_evolution step 1: f(x)= 24.02568153438092
[Worker] 尝试 k=13.764799 | 纯缩放 Scale=670.4475 | 全局 MSE=22606.4512 | 耗时=2079.3s
[Worker] 尝试 k=9.198893 | 纯缩放 Scale=248.0122 | 全局 MSE=1465.0271 | 耗时=2091.5s
[Worker] 尝试 k=13.122354 | 纯缩放 Scale=222.0540 | 全局 MSE=2209.1715 | 耗时=2096.5s
[Worker] 尝试 k=7.137175 | 纯缩放 Scale=263.3523 | 全局 MSE=875.1490 | 耗时=2104.8s
[Worker] 尝试 k=14.413052 | 纯缩放 Scale=408.9528 | 全局 MSE=1370.0461 | 耗时=2119.7s
[Worker] 尝试 k=12.311346 | 纯缩放 Scale=450.5986 | 全局 MSE=3651.8909 | 耗时=2124.0s
[Worker] 尝试 k=9.388098 | 纯缩放 Scale=3246.8864 | 全局 MSE=1851034.0368 | 耗时=2127.2s
[Worker] 尝试 k=9.605703 | 纯缩放 Scale=597.9690 | 全局 MSE=16438.1865 | 耗时=2136.4s
[Worker] 尝试 k=9.337486 | 纯缩放 Scale=478.9865 | 全局 MSE=5307.6000 | 耗时=2136.6s
[Worker] 尝试 k=7.469904 | 纯缩放 Scale=455.6306 | 全局 MSE=3673.9180 | 耗时=2139.8s
[Worker] 尝试 k=7.015097 | 纯缩放 Scale=664.8087 | 全局 MSE=26113.6048 | 耗时=2140.8s
[Worker] 尝试 k=5.680257 | 纯缩放 Scale=364.5690 | 全局 MSE=650.4381 | 耗时=2148.2s
[Worker] 尝试 k=12.494596 | 纯缩放 Scale=296.8289 | 全局 MSE=175.8412 | 耗时=2148.4s
[Worker] 尝试 k=11.496042 | 纯缩放 Scale=416.4092 | 全局 MSE=2069.5409 | 耗时=2156.4s
[Worker] 尝试 k=12.713786 | 纯缩放 Scale=781.8735 | 全局 MSE=50205.9859 | 耗时=2156.5s
[Worker] 尝试 k=6.734661 | 纯缩放 Scale=790.5616 | 全局 MSE=50496.2061 | 耗时=2159.2s
[Worker] 尝试 k=6.465412 | 纯缩放 Scale=660.8680 | 全局 MSE=31654.0494 | 耗时=2166.0s
[Worker] 尝试 k=6.072504 | 纯缩放 Scale=1194.8068 | 全局 MSE=192107.0988 | 耗时=2169.3s
[Worker] 尝试 k=7.651425 | 纯缩放 Scale=274.3572 | 全局 MSE=566.2281 | 耗时=2170.2s
[Worker] 尝试 k=9.983660 | 纯缩放 Scale=986.8691 | 全局 MSE=102919.4876 | 耗时=2171.0s
[Worker] 尝试 k=8.284580 | 纯缩放 Scale=196.1850 | 全局 MSE=3057.0744 | 耗时=2174.0s
[Worker] 尝试 k=8.970118 | 纯缩放 Scale=868.5969 | 全局 MSE=56816.4466 | 耗时=2182.4s
[Worker] 尝试 k=11.398122 | 纯缩放 Scale=554.4424 | 全局 MSE=10563.7876 | 耗时=2184.4s
[Worker] 尝试 k=9.897741 | 纯缩放 Scale=452.7605 | 全局 MSE=3877.0339 | 耗时=2184.5s
[Worker] 尝试 k=12.038065 | 纯缩放 Scale=269.6122 | 全局 MSE=876.4886 | 耗时=2184.6s
[Worker] 尝试 k=6.102792 | 纯缩放 Scale=260.0510 | 全局 MSE=600.1247 | 耗时=2186.2s
[Worker] 尝试 k=7.115273 | 纯缩放 Scale=551.2406 | 全局 MSE=11065.7966 | 耗时=2186.8s
[Worker] 尝试 k=12.625462 | 纯缩放 Scale=1206.5457 | 全局 MSE=147292.4389 | 耗时=2188.8s
[Worker] 尝试 k=7.183158 | 纯缩放 Scale=620.0451 | 全局 MSE=20134.5467 | 耗时=2190.0s
[Worker] 尝试 k=12.947129 | 纯缩放 Scale=781.1789 | 全局 MSE=49503.7776 | 耗时=2190.1s
[Worker] 尝试 k=14.544008 | 纯缩放 Scale=697.6428 | 全局 MSE=29650.6066 | 耗时=2191.8s
[Worker] 尝试 k=9.295060 | 纯缩放 Scale=406.4789 | 全局 MSE=1258.6173 | 耗时=2193.4s
[Worker] 尝试 k=14.238774 | 纯缩放 Scale=391.8467 | 全局 MSE=1251.4126 | 耗时=2194.3s
[Worker] 尝试 k=10.737260 | 纯缩放 Scale=1334.6476 | 全局 MSE=213565.0462 | 耗时=2197.5s
[Worker] 尝试 k=7.263550 | 纯缩放 Scale=305.7424 | 全局 MSE=84.9040 | 耗时=2198.0s
[Worker] 尝试 k=9.429632 | 纯缩放 Scale=1209.6285 | 全局 MSE=166437.3161 | 耗时=2198.5s
[Worker] 尝试 k=5.950465 | 纯缩放 Scale=213.1837 | 全局 MSE=2186.4188 | 耗时=2200.4s
[Worker] 尝试 k=5.505858 | 纯缩放 Scale=458.2862 | 全局 MSE=3839.0160 | 耗时=2202.8s
[Worker] 尝试 k=7.946664 | 纯缩放 Scale=664.5623 | 全局 MSE=21972.8337 | 耗时=2205.5s
[Worker] 尝试 k=9.592476 | 纯缩放 Scale=309.5681 | 全局 MSE=190.0414 | 耗时=2206.1s
[Worker] 尝试 k=11.831455 | 纯缩放 Scale=524.6391 | 全局 MSE=9914.4222 | 耗时=2206.1s
[Worker] 尝试 k=9.157954 | 纯缩放 Scale=315.6958 | 全局 MSE=74.1947 | 耗时=2208.3s
[Worker] 尝试 k=10.757199 | 纯缩放 Scale=528.8114 | 全局 MSE=10375.8857 | 耗时=2209.9s
[Worker] 尝试 k=12.330569 | 纯缩放 Scale=529.9180 | 全局 MSE=9296.5411 | 耗时=2210.0s
[Worker] 尝试 k=6.923475 | 纯缩放 Scale=216.1227 | 全局 MSE=2328.5875 | 耗时=2210.1s
[Worker] 尝试 k=5.182891 | 纯缩放 Scale=2379.1531 | 全局 MSE=1003219.8320 | 耗时=2210.7s
[Worker] 尝试 k=6.823061 | 纯缩放 Scale=541.5341 | 全局 MSE=10078.1561 | 耗时=2211.9s
[Worker] 尝试 k=5.381256 | 纯缩放 Scale=393.9129 | 全局 MSE=1301.4178 | 耗时=2213.7s
[Worker] 尝试 k=7.303810 | 纯缩放 Scale=599.3176 | 全局 MSE=14203.0687 | 耗时=2213.9s
[Worker] 尝试 k=14.305375 | 纯缩放 Scale=249.0707 | 全局 MSE=1486.6532 | 耗时=2214.6s
[Worker] 尝试 k=7.850587 | 纯缩放 Scale=393.6847 | 全局 MSE=1949.8216 | 耗时=2215.9s
[Worker] 尝试 k=6.528647 | 纯缩放 Scale=641.4597 | 全局 MSE=20453.3730 | 耗时=2216.5s
[Worker] 尝试 k=5.685929 | 纯缩放 Scale=819.9148 | 全局 MSE=57740.4567 | 耗时=2216.5s
[Worker] 尝试 k=8.402533 | 纯缩放 Scale=529.6065 | 全局 MSE=7613.4605 | 耗时=2216.6s
[Worker] 尝试 k=11.738588 | 纯缩放 Scale=308.1285 | 全局 MSE=226.0973 | 耗时=2217.0s
[Worker] 尝试 k=6.516566 | 纯缩放 Scale=789.2380 | 全局 MSE=49709.5031 | 耗时=2217.3s
[Worker] 尝试 k=12.727127 | 纯缩放 Scale=485.4878 | 全局 MSE=5326.0786 | 耗时=2219.0s
[Worker] 尝试 k=8.841590 | 纯缩放 Scale=213.6151 | 全局 MSE=2590.9252 | 耗时=2219.0s
[Worker] 尝试 k=12.222854 | 纯缩放 Scale=631.7256 | 全局 MSE=20296.7492 | 耗时=2220.1s
[Worker] 尝试 k=8.581297 | 纯缩放 Scale=246.7114 | 全局 MSE=1238.5440 | 耗时=2220.6s
[Worker] 尝试 k=9.090951 | 纯缩放 Scale=2057.1052 | 全局 MSE=702323.8745 | 耗时=2221.2s
[Worker] 尝试 k=8.142501 | 纯缩放 Scale=403.3096 | 全局 MSE=1157.1672 | 耗时=2221.7s
[Worker] 尝试 k=11.939583 | 纯缩放 Scale=158.6317 | 全局 MSE=5880.9372 | 耗时=2222.2s
[Worker] 尝试 k=9.799962 | 纯缩放 Scale=468.9257 | 全局 MSE=5663.9911 | 耗时=2225.4s
[Worker] 尝试 k=9.716256 | 纯缩放 Scale=874.9422 | 全局 MSE=64412.8138 | 耗时=2225.5s
[Worker] 尝试 k=13.034922 | 纯缩放 Scale=645.4016 | 全局 MSE=21745.2064 | 耗时=2225.8s
[Worker] 尝试 k=6.275346 | 纯缩放 Scale=63399.7997 | 全局 MSE=806825483.5354 | 耗时=2226.2s
[Worker] 尝试 k=5.836370 | 纯缩放 Scale=361.5407 | 全局 MSE=350.8731 | 耗时=2226.4s
[Worker] 尝试 k=11.000707 | 纯缩放 Scale=533.5213 | 全局 MSE=9533.1613 | 耗时=2226.9s
[Worker] 尝试 k=8.226771 | 纯缩放 Scale=380.5441 | 全局 MSE=1167.7840 | 耗时=2228.7s
[Worker] 尝试 k=12.513368 | 纯缩放 Scale=569.5184 | 全局 MSE=11651.2723 | 耗时=2231.7s
[Worker] 尝试 k=11.974079 | 纯缩放 Scale=835.6536 | 全局 MSE=46363.8175 | 耗时=2231.7s
[Worker] 尝试 k=7.003575 | 纯缩放 Scale=804.6830 | 全局 MSE=55273.4862 | 耗时=2232.6s
[Worker] 尝试 k=5.052324 | 纯缩放 Scale=1015.4082 | 全局 MSE=113657.6599 | 耗时=2232.9s
[Worker] 尝试 k=11.850852 | 纯缩放 Scale=187.7243 | 全局 MSE=3707.0470 | 耗时=2232.9s
[Worker] 尝试 k=12.432855 | 纯缩放 Scale=610.5195 | 全局 MSE=17399.9541 | 耗时=2235.4s
[Worker] 尝试 k=12.499871 | 纯缩放 Scale=379.1847 | 全局 MSE=480.6410 | 耗时=2235.5s
[Worker] 尝试 k=12.742361 | 纯缩放 Scale=242.2866 | 全局 MSE=1662.5359 | 耗时=2235.8s
[Worker] 尝试 k=11.747116 | 纯缩放 Scale=268.7969 | 全局 MSE=829.3858 | 耗时=2236.1s
[Worker] 尝试 k=8.789776 | 纯缩放 Scale=427.1107 | 全局 MSE=3356.2903 | 耗时=2237.3s
[Worker] 尝试 k=14.200239 | 纯缩放 Scale=349.0671 | 全局 MSE=331.8565 | 耗时=2237.8s
[Worker] 尝试 k=14.822651 | 纯缩放 Scale=541.2675 | 全局 MSE=9793.3926 | 耗时=2238.2s
[Worker] 尝试 k=5.689497 | 纯缩放 Scale=538.0324 | 全局 MSE=12813.5920 | 耗时=2238.3s
[Worker] 尝试 k=7.806088 | 纯缩放 Scale=390.9638 | 全局 MSE=1409.8068 | 耗时=2239.6s
[Worker] 尝试 k=9.907968 | 纯缩放 Scale=318.4139 | 全局 MSE=78.7825 | 耗时=2240.2s
[Worker] 尝试 k=10.554167 | 纯缩放 Scale=524.2360 | 全局 MSE=9421.6996 | 耗时=2240.7s
[Worker] 尝试 k=13.734748 | 纯缩放 Scale=412.9471 | 全局 MSE=1403.0063 | 耗时=2241.2s
[Worker] 尝试 k=10.794722 | 纯缩放 Scale=819.5591 | 全局 MSE=52746.2411 | 耗时=2241.6s
[Worker] 尝试 k=9.090306 | 纯缩放 Scale=943.8644 | 全局 MSE=85569.5478 | 耗时=2241.9s
[Worker] 尝试 k=8.914782 | 纯缩放 Scale=653.3030 | 全局 MSE=25993.2816 | 耗时=2242.1s
[Worker] 尝试 k=11.890192 | 纯缩放 Scale=442.7657 | 全局 MSE=2711.1635 | 耗时=2242.4s
[Worker] 尝试 k=9.520440 | 纯缩放 Scale=744.9408 | 全局 MSE=34355.9443 | 耗时=2242.5s
[Worker] 尝试 k=6.842189 | 纯缩放 Scale=411.9353 | 全局 MSE=1771.8038 | 耗时=2242.7s
[Worker] 尝试 k=8.396492 | 纯缩放 Scale=337.0581 | 全局 MSE=184.4959 | 耗时=2242.8s
[Worker] 尝试 k=7.870385 | 纯缩放 Scale=550.7821 | 全局 MSE=11899.5078 | 耗时=2243.9s
[Worker] 尝试 k=7.880911 | 纯缩放 Scale=2152.0313 | 全局 MSE=696094.6384 | 耗时=2244.2s
[Worker] 尝试 k=5.857132 | 纯缩放 Scale=236.3828 | 全局 MSE=1297.9147 | 耗时=2244.5s
[Worker] 尝试 k=6.706495 | 纯缩放 Scale=355.4222 | 全局 MSE=349.4371 | 耗时=2245.5s
[Worker] 尝试 k=6.025701 | 纯缩放 Scale=644.6985 | 全局 MSE=22056.2373 | 耗时=2246.9s
[Worker] 尝试 k=9.794607 | 纯缩放 Scale=309.0520 | 全局 MSE=102.0596 | 耗时=2247.3s
[Worker] 尝试 k=6.989600 | 纯缩放 Scale=668.3128 | 全局 MSE=26684.3675 | 耗时=2247.4s
[Worker] 尝试 k=11.757043 | 纯缩放 Scale=297.7772 | 全局 MSE=158.9661 | 耗时=2247.9s
[Worker] 尝试 k=10.642509 | 纯缩放 Scale=518.3945 | 全局 MSE=7478.3977 | 耗时=2248.4s
[Worker] 尝试 k=14.922606 | 纯缩放 Scale=855.3997 | 全局 MSE=55973.1576 | 耗时=2249.2s
[Worker] 尝试 k=9.854162 | 纯缩放 Scale=668.3018 | 全局 MSE=26136.8772 | 耗时=2249.4s
[Worker] 尝试 k=7.634274 | 纯缩放 Scale=905.4540 | 全局 MSE=81479.8833 | 耗时=2249.9s
[Worker] 尝试 k=14.190438 | 纯缩放 Scale=369.3277 | 全局 MSE=446.2976 | 耗时=2250.0s[Worker] 尝试 k=12.575364 | 纯缩放 Scale=280.4286 | 全局 MSE=480.2003 | 耗时=2250.0s

[Worker] 尝试 k=10.231706 | 纯缩放 Scale=674.4410 | 全局 MSE=29315.7601 | 耗时=2250.9s
[Worker] 尝试 k=5.808432 | 纯缩放 Scale=602.0828 | 全局 MSE=16888.7269 | 耗时=2251.5s
[Worker] 尝试 k=8.895672 | 纯缩放 Scale=271.2178 | 全局 MSE=470.7913 | 耗时=2251.6s
[Worker] 尝试 k=7.127886 | 纯缩放 Scale=7785.3917 | 全局 MSE=13079892.0886 | 耗时=2252.2s
[Worker] 尝试 k=8.945303 | 纯缩放 Scale=364.2575 | 全局 MSE=318.4137 | 耗时=2254.2s
[Worker] 尝试 k=9.132173 | 纯缩放 Scale=297.4968 | 全局 MSE=143.6034 | 耗时=2255.0s
[Worker] 尝试 k=12.873733 | 纯缩放 Scale=842.1377 | 全局 MSE=57174.0994 | 耗时=2255.6s
[Worker] 尝试 k=10.113836 | 纯缩放 Scale=360.2603 | 全局 MSE=429.7821 | 耗时=2255.6s[Worker] 尝试 k=14.918092 | 纯缩放 Scale=778.7717 | 全局 MSE=42005.9752 | 耗时=2255.7s

[Worker] 尝试 k=11.592619 | 纯缩放 Scale=986.1244 | 全局 MSE=92165.2736 | 耗时=2257.7s
[Worker] 尝试 k=10.790569 | 纯缩放 Scale=450.7743 | 全局 MSE=2783.3296 | 耗时=2258.3s
[Worker] 尝试 k=9.900122 | 纯缩放 Scale=665.6321 | 全局 MSE=28225.4239 | 耗时=2258.8s
[Worker] 尝试 k=14.232486 | 纯缩放 Scale=385.0492 | 全局 MSE=463.4424 | 耗时=2258.9s
[Worker] 尝试 k=8.396074 | 纯缩放 Scale=1799.2572 | 全局 MSE=423147.3043 | 耗时=2259.3s
[Worker] 尝试 k=12.412890 | 纯缩放 Scale=387.0987 | 全局 MSE=793.9613 | 耗时=2260.1s
[Worker] 尝试 k=7.063407 | 纯缩放 Scale=1599.9499 | 全局 MSE=347683.2771 | 耗时=2260.4s
[Worker] 尝试 k=8.360252 | 纯缩放 Scale=919.5793 | 全局 MSE=86074.2499 | 耗时=2262.1s
[Worker] 尝试 k=9.462312 | 纯缩放 Scale=271.3620 | 全局 MSE=820.9676 | 耗时=2263.2s
[Worker] 尝试 k=8.799939 | 纯缩放 Scale=370.1257 | 全局 MSE=393.3188 | 耗时=2263.3s
[Worker] 尝试 k=8.633564 | 纯缩放 Scale=520.5754 | 全局 MSE=5824.0047 | 耗时=2263.4s
[Worker] 尝试 k=11.131376 | 纯缩放 Scale=471.7063 | 全局 MSE=4539.2887 | 耗时=2263.9s
[Worker] 尝试 k=9.495624 | 纯缩放 Scale=1643.4061 | 全局 MSE=353778.1658 | 耗时=2264.0s
[Worker] 尝试 k=10.021173 | 纯缩放 Scale=1015.7572 | 全局 MSE=114827.5189 | 耗时=2264.7s
[Worker] 尝试 k=13.391554 | 纯缩放 Scale=396.4316 | 全局 MSE=1170.6903 | 耗时=2265.0s
[Worker] 尝试 k=9.027652 | 纯缩放 Scale=1186.9640 | 全局 MSE=165684.5215 | 耗时=2265.2s
[Worker] 尝试 k=6.862267 | 纯缩放 Scale=541.5928 | 全局 MSE=11291.7279 | 耗时=2265.8s
[Worker] 尝试 k=8.651665 | 纯缩放 Scale=711.9123 | 全局 MSE=26929.6541 | 耗时=2266.0s
[Worker] 尝试 k=7.579811 | 纯缩放 Scale=582.2038 | 全局 MSE=17624.4866 | 耗时=2267.0s
[Worker] 尝试 k=5.412322 | 纯缩放 Scale=508.7402 | 全局 MSE=6202.4252 | 耗时=2268.3s
[Worker] 尝试 k=11.755600 | 纯缩放 Scale=335.3497 | 全局 MSE=59.0803 | 耗时=2270.5s
[Worker] 尝试 k=5.683451 | 纯缩放 Scale=870.3962 | 全局 MSE=65217.9976 | 耗时=2270.5s
[Worker] 尝试 k=10.631105 | 纯缩放 Scale=718.7244 | 全局 MSE=37706.7749 | 耗时=2271.1s
[Worker] 尝试 k=8.343679 | 纯缩放 Scale=663.7436 | 全局 MSE=22565.2017 | 耗时=2271.1s
[Worker] 尝试 k=9.918379 | 纯缩放 Scale=285.6044 | 全局 MSE=507.9404 | 耗时=2271.6s
[Worker] 尝试 k=13.479156 | 纯缩放 Scale=416.2338 | 全局 MSE=1288.9524 | 耗时=2272.0s
[Worker] 尝试 k=5.714940 | 纯缩放 Scale=1170.2282 | 全局 MSE=158754.6002 | 耗时=2272.5s
[Worker] 尝试 k=11.108696 | 纯缩放 Scale=738.6255 | 全局 MSE=32831.5592 | 耗时=2272.9s
[Worker] 尝试 k=10.210892 | 纯缩放 Scale=3263.6103 | 全局 MSE=1896515.9408 | 耗时=2274.1s
[Worker] 尝试 k=12.338903 | 纯缩放 Scale=535.4830 | 全局 MSE=10625.7112 | 耗时=2275.2s
[Worker] 尝试 k=13.126768 | 纯缩放 Scale=757.0455 | 全局 MSE=38758.5954 | 耗时=2275.5s
[Worker] 尝试 k=8.229219 | 纯缩放 Scale=214.3119 | 全局 MSE=2515.4128 | 耗时=2275.8s
[Worker] 尝试 k=11.806872 | 纯缩放 Scale=286.1404 | 全局 MSE=376.2069 | 耗时=2276.2s
[Worker] 尝试 k=5.433246 | 纯缩放 Scale=318.7610 | 全局 MSE=138.8840 | 耗时=2276.5s
[Worker] 尝试 k=9.381529 | 纯缩放 Scale=425.0411 | 全局 MSE=2086.8696 | 耗时=2276.6s
[Worker] 尝试 k=12.156074 | 纯缩放 Scale=823.3381 | 全局 MSE=45783.0139 | 耗时=2276.7s
[Worker] 尝试 k=6.778862 | 纯缩放 Scale=350.2812 | 全局 MSE=339.3854 | 耗时=2276.8s
[Worker] 尝试 k=7.170793 | 纯缩放 Scale=174.6002 | 全局 MSE=5118.3774 | 耗时=2277.1s
[Worker] 尝试 k=6.383008 | 纯缩放 Scale=200.5899 | 全局 MSE=3734.3676 | 耗时=2277.4s
[Worker] 尝试 k=8.851229 | 纯缩放 Scale=486.5551 | 全局 MSE=6639.5920 | 耗时=2277.5s
[Worker] 尝试 k=8.773330 | 纯缩放 Scale=736.4409 | 全局 MSE=39288.0609 | 耗时=2277.7s
[Worker] 尝试 k=11.372962 | 纯缩放 Scale=680.5643 | 全局 MSE=30797.0330 | 耗时=2277.8s
[Worker] 尝试 k=14.405859 | 纯缩放 Scale=351.5633 | 全局 MSE=152.7146 | 耗时=2278.1s
[Worker] 尝试 k=8.240459 | 纯缩放 Scale=624.4105 | 全局 MSE=20183.4572 | 耗时=2279.3s
[Worker] 尝试 k=8.351331 | 纯缩放 Scale=213.3992 | 全局 MSE=2513.8600 | 耗时=2279.5s
[Worker] 尝试 k=9.005803 | 纯缩放 Scale=479.2503 | 全局 MSE=4412.3486 | 耗时=2280.0s
[Worker] 尝试 k=8.008921 | 纯缩放 Scale=2182.4200 | 全局 MSE=695474.1905 | 耗时=2280.1s
[Worker] 尝试 k=10.230695 | 纯缩放 Scale=239.0330 | 全局 MSE=1278.7178 | 耗时=2280.6s
[Worker] 尝试 k=6.513293 | 纯缩放 Scale=585.3732 | 全局 MSE=13836.5343 | 耗时=2280.7s
[Worker] 尝试 k=7.024183 | 纯缩放 Scale=581.2364 | 全局 MSE=13805.6390 | 耗时=2281.1s
[Worker] 尝试 k=11.463902 | 纯缩放 Scale=1168.8209 | 全局 MSE=148051.6922 | 耗时=2281.8s
[Worker] 尝试 k=8.080976 | 纯缩放 Scale=358.2927 | 全局 MSE=340.1017 | 耗时=2283.2s
[Worker] 尝试 k=10.363921 | 纯缩放 Scale=267.9897 | 全局 MSE=510.3821 | 耗时=2283.3s
[Worker] 尝试 k=14.591953 | 纯缩放 Scale=280.4384 | 全局 MSE=754.4011 | 耗时=2283.4s
[Worker] 尝试 k=11.806737 | 纯缩放 Scale=427.9811 | 全局 MSE=1954.7023 | 耗时=2284.4s
[Worker] 尝试 k=8.459443 | 纯缩放 Scale=1471.8631 | 全局 MSE=288471.4399 | 耗时=2285.3s
[Worker] 尝试 k=7.519663 | 纯缩放 Scale=1234.2882 | 全局 MSE=176859.7697 | 耗时=2285.3s
[Worker] 尝试 k=14.419865 | 纯缩放 Scale=737.7600 | 全局 MSE=30309.2465 | 耗时=2286.1s
[Worker] 尝试 k=11.924049 | 纯缩放 Scale=805.9669 | 全局 MSE=43703.7230 | 耗时=2286.3s
[Worker] 尝试 k=9.529078 | 纯缩放 Scale=621.7370 | 全局 MSE=17666.0965 | 耗时=2287.2s
[Worker] 尝试 k=11.785241 | 纯缩放 Scale=1085.9698 | 全局 MSE=107606.5884 | 耗时=2287.4s
[Worker] 尝试 k=5.752901 | 纯缩放 Scale=853.7711 | 全局 MSE=69101.2063 | 耗时=2288.1s
[Worker] 尝试 k=11.801139 | 纯缩放 Scale=556.6958 | 全局 MSE=12532.5754 | 耗时=2288.2s
[Worker] 尝试 k=12.544526 | 纯缩放 Scale=391.5957 | 全局 MSE=1353.7576 | 耗时=2288.7s
[Worker] 尝试 k=9.063972 | 纯缩放 Scale=620.7119 | 全局 MSE=18005.1314 | 耗时=2289.1s
[Worker] 尝试 k=7.503722 | 纯缩放 Scale=415.6621 | 全局 MSE=2764.4599 | 耗时=2289.4s
[Worker] 尝试 k=5.835604 | 纯缩放 Scale=443.5651 | 全局 MSE=3083.9901 | 耗时=2290.1s
[Worker] 尝试 k=8.074739 | 纯缩放 Scale=413.4328 | 全局 MSE=1885.7601 | 耗时=2290.5s
[Worker] 尝试 k=12.741512 | 纯缩放 Scale=584.9406 | 全局 MSE=14765.7718 | 耗时=2290.6s
[Worker] 尝试 k=14.439379 | 纯缩放 Scale=407.5834 | 全局 MSE=1468.4978 | 耗时=2290.8s
[Worker] 尝试 k=8.447253 | 纯缩放 Scale=334.3506 | 全局 MSE=109.7294 | 耗时=2291.0s
[Worker] 尝试 k=10.249148 | 纯缩放 Scale=448.5541 | 全局 MSE=4029.2624 | 耗时=2291.6s
[Worker] 尝试 k=7.101630 | 纯缩放 Scale=858.2363 | 全局 MSE=67493.7778 | 耗时=2291.8s
[Worker] 尝试 k=12.913917 | 纯缩放 Scale=616.5216 | 全局 MSE=19850.6778 | 耗时=2292.3s
[Worker] 尝试 k=14.232508 | 纯缩放 Scale=408.4906 | 全局 MSE=884.8441 | 耗时=2293.3s
[Worker] 尝试 k=5.957539 | 纯缩放 Scale=369.2535 | 全局 MSE=960.2366 | 耗时=2294.0s
[Worker] 尝试 k=6.562803 | 纯缩放 Scale=204.5757 | 全局 MSE=2773.0443 | 耗时=2294.1s
[Worker] 尝试 k=7.077879 | 纯缩放 Scale=396.9526 | 全局 MSE=1305.0247 | 耗时=2294.4s
[Worker] 尝试 k=7.492758 | 纯缩放 Scale=1138.0999 | 全局 MSE=149064.3562 | 耗时=2294.4s
[Worker] 尝试 k=5.089054 | 纯缩放 Scale=554.0226 | 全局 MSE=11403.2437 | 耗时=2294.7s
[Worker] 尝试 k=14.064144 | 纯缩放 Scale=916.2092 | 全局 MSE=69219.0156 | 耗时=2295.1s
[Worker] 尝试 k=10.785921 | 纯缩放 Scale=244.0251 | 全局 MSE=1295.0821 | 耗时=2295.4s
[Worker] 尝试 k=14.985985 | 纯缩放 Scale=308.1446 | 全局 MSE=109.2054 | 耗时=2295.4s
[Worker] 尝试 k=5.109058 | 纯缩放 Scale=587.8658 | 全局 MSE=16092.2894 | 耗时=2295.6s
[Worker] 尝试 k=8.452244 | 纯缩放 Scale=227.7053 | 全局 MSE=1878.2142 | 耗时=2295.9s
[Worker] 尝试 k=12.830140 | 纯缩放 Scale=372.1775 | 全局 MSE=523.1865 | 耗时=2295.9s
[Worker] 尝试 k=5.242982 | 纯缩放 Scale=248.7294 | 全局 MSE=1214.4858 | 耗时=2296.2s
[Worker] 尝试 k=5.553117 | 纯缩放 Scale=583.4027 | 全局 MSE=18027.2524 | 耗时=2296.3s
[Worker] 尝试 k=10.206305 | 纯缩放 Scale=497.1966 | 全局 MSE=6683.9579 | 耗时=2296.4s
[Worker] 尝试 k=11.466147 | 纯缩放 Scale=410.3746 | 全局 MSE=1257.7222 | 耗时=2296.6s
[Worker] 尝试 k=8.200369 | 纯缩放 Scale=575.9248 | 全局 MSE=12220.4060 | 耗时=2297.1s
[Worker] 尝试 k=6.235908 | 纯缩放 Scale=2185.2042 | 全局 MSE=819756.5899 | 耗时=2297.3s
[Worker] 尝试 k=6.375168 | 纯缩放 Scale=1491.0614 | 全局 MSE=296237.0251 | 耗时=2297.8s
[Worker] 尝试 k=7.476242 | 纯缩放 Scale=356.7656 | 全局 MSE=435.7312 | 耗时=2298.0s
[Worker] 尝试 k=14.171312 | 纯缩放 Scale=1069.8271 | 全局 MSE=92089.1088 | 耗时=2298.2s
[Worker] 尝试 k=12.789581 | 纯缩放 Scale=441.4856 | 全局 MSE=2233.8743 | 耗时=2298.3s
[Worker] 尝试 k=8.640632 | 纯缩放 Scale=463.3702 | 全局 MSE=3979.5664 | 耗时=2298.9s
[Worker] 尝试 k=11.693348 | 纯缩放 Scale=743.5997 | 全局 MSE=37905.0603 | 耗时=2299.1s
[Worker] 尝试 k=6.874541 | 纯缩放 Scale=342.4543 | 全局 MSE=124.0157 | 耗时=2299.9s
[Worker] 尝试 k=11.095855 | 纯缩放 Scale=263.7258 | 全局 MSE=897.4898 | 耗时=2300.2s[Worker] 尝试 k=10.204286 | 纯缩放 Scale=455.0985 | 全局 MSE=4271.7393 | 耗时=2300.3s

[Worker] 尝试 k=10.826983 | 纯缩放 Scale=438.9229 | 全局 MSE=2852.7562 | 耗时=2300.5s
[Worker] 尝试 k=7.463353 | 纯缩放 Scale=845.4763 | 全局 MSE=58974.6000 | 耗时=2300.6s
[Worker] 尝试 k=6.969214 | 纯缩放 Scale=351.7316 | 全局 MSE=321.4977 | 耗时=2302.1s
[Worker] 尝试 k=11.273295 | 纯缩放 Scale=1019.5422 | 全局 MSE=99186.5600 | 耗时=2302.3s
[Worker] 尝试 k=7.167494 | 纯缩放 Scale=407.0699 | 全局 MSE=1667.1863 | 耗时=2302.4s
[Worker] 尝试 k=8.460127 | 纯缩放 Scale=387.8802 | 全局 MSE=1293.8768 | 耗时=2302.7s
[Worker] 尝试 k=11.405990 | 纯缩放 Scale=977.2158 | 全局 MSE=87728.7657 | 耗时=2302.8s
[Worker] 尝试 k=14.839725 | 纯缩放 Scale=802.0289 | 全局 MSE=54021.4616 | 耗时=2303.1s
[Worker] 尝试 k=7.610120 | 纯缩放 Scale=560.8467 | 全局 MSE=12130.5970 | 耗时=2303.2s
[Worker] 尝试 k=9.482254 | 纯缩放 Scale=543.3261 | 全局 MSE=10062.6102 | 耗时=2304.1s
[Worker] 尝试 k=5.351976 | 纯缩放 Scale=368.9251 | 全局 MSE=684.4596 | 耗时=2304.3s
[Worker] 尝试 k=14.491655 | 纯缩放 Scale=602.9163 | 全局 MSE=13932.9450 | 耗时=2304.7s
[Worker] 尝试 k=10.087126 | 纯缩放 Scale=741.1504 | 全局 MSE=36623.1113 | 耗时=2306.1s
[Worker] 尝试 k=8.589483 | 纯缩放 Scale=341.9546 | 全局 MSE=84.1708 | 耗时=2306.2s
[Worker] 尝试 k=13.780558 | 纯缩放 Scale=812.0046 | 全局 MSE=46095.9622 | 耗时=2306.3s
[Worker] 尝试 k=6.561599 | 纯缩放 Scale=2259.8175 | 全局 MSE=904306.4632 | 耗时=2306.4s
[Worker] 尝试 k=5.392413 | 纯缩放 Scale=483.3304 | 全局 MSE=6040.5266 | 耗时=2306.7s
[Worker] 尝试 k=6.519558 | 纯缩放 Scale=1194.0915 | 全局 MSE=152284.1439 | 耗时=2306.7s
[Worker] 尝试 k=5.030068 | 纯缩放 Scale=4683.5599 | 全局 MSE=4004064.3513 | 耗时=2306.8s
[Worker] 尝试 k=10.275057 | 纯缩放 Scale=760.7166 | 全局 MSE=39573.0082 | 耗时=2307.7s
[Worker] 尝试 k=7.872890 | 纯缩放 Scale=286.8768 | 全局 MSE=389.1906 | 耗时=2308.5s
[Worker] 尝试 k=6.538336 | 纯缩放 Scale=261.8202 | 全局 MSE=763.3403 | 耗时=2309.1s
[Worker] 尝试 k=6.731211 | 纯缩放 Scale=327.9571 | 全局 MSE=48.6642 | 耗时=2309.3s
[Worker] 尝试 k=14.313324 | 纯缩放 Scale=1574.9088 | 全局 MSE=351883.1171 | 耗时=2309.4s
[Worker] 尝试 k=6.792117 | 纯缩放 Scale=704.4861 | 全局 MSE=27427.4893 | 耗时=2309.6s
[Worker] 尝试 k=9.084008 | 纯缩放 Scale=227.8434 | 全局 MSE=1816.7430 | 耗时=2309.7s
[Worker] 尝试 k=7.992239 | 纯缩放 Scale=289.6777 | 全局 MSE=383.9028 | 耗时=2309.7s
[Worker] 尝试 k=10.126997 | 纯缩放 Scale=1170.4710 | 全局 MSE=176845.4851 | 耗时=2309.9s
[Worker] 尝试 k=9.035911 | 纯缩放 Scale=425.6148 | 全局 MSE=2934.2119 | 耗时=2310.0s
[Worker] 尝试 k=13.540672 | 纯缩放 Scale=330.6035 | 全局 MSE=137.6665 | 耗时=2310.1s
[Worker] 尝试 k=8.469795 | 纯缩放 Scale=554.6736 | 全局 MSE=11678.8718 | 耗时=2310.1s
[Worker] 尝试 k=11.203570 | 纯缩放 Scale=544.0887 | 全局 MSE=10855.9701 | 耗时=2310.3s
differential_evolution step 2: f(x)= 24.02568153438092
[Worker] 尝试 k=6.612247 | 纯缩放 Scale=721.6511 | 全局 MSE=31812.0732 | 耗时=2017.1s
[Worker] 尝试 k=6.888088 | 纯缩放 Scale=1416.4971 | 全局 MSE=272565.6309 | 耗时=2053.2s
[Worker] 尝试 k=6.684432 | 纯缩放 Scale=484.1921 | 全局 MSE=6528.3761 | 耗时=2065.4s
[Worker] 尝试 k=8.329549 | 纯缩放 Scale=430.5786 | 全局 MSE=2215.5578 | 耗时=2073.8s
[Worker] 尝试 k=7.994988 | 纯缩放 Scale=508.1008 | 全局 MSE=8440.4362 | 耗时=2080.9s
[Worker] 尝试 k=8.669512 | 纯缩放 Scale=764.2244 | 全局 MSE=36441.6006 | 耗时=2082.7s
[Worker] 尝试 k=8.653835 | 纯缩放 Scale=692.9236 | 全局 MSE=31818.6241 | 耗时=2090.3s
[Worker] 尝试 k=11.095575 | 纯缩放 Scale=558.9601 | 全局 MSE=12250.3237 | 耗时=2106.0s
[Worker] 尝试 k=11.773571 | 纯缩放 Scale=827.2594 | 全局 MSE=58191.3528 | 耗时=2116.3s
[Worker] 尝试 k=9.034588 | 纯缩放 Scale=337.7122 | 全局 MSE=136.5754 | 耗时=2124.3s
[Worker] 尝试 k=10.601879 | 纯缩放 Scale=368.9056 | 全局 MSE=335.6933 | 耗时=2126.5s
[Worker] 尝试 k=9.036716 | 纯缩放 Scale=2553.5685 | 全局 MSE=1182342.4229 | 耗时=2126.9s
[Worker] 尝试 k=8.414260 | 纯缩放 Scale=459.6171 | 全局 MSE=4486.4759 | 耗时=2132.2s
[Worker] 尝试 k=10.259804 | 纯缩放 Scale=386.6937 | 全局 MSE=849.1296 | 耗时=2134.0s
[Worker] 尝试 k=8.639983 | 纯缩放 Scale=211.8010 | 全局 MSE=2813.1890 | 耗时=2136.2s
[Worker] 尝试 k=8.657377 | 纯缩放 Scale=1830.3315 | 全局 MSE=480269.0073 | 耗时=2139.3s
[Worker] 尝试 k=11.841386 | 纯缩放 Scale=319.2343 | 全局 MSE=38.3895 | 耗时=2142.1s
[Worker] 尝试 k=13.277253 | 纯缩放 Scale=629.9154 | 全局 MSE=22826.1116 | 耗时=2144.2s
[Worker] 尝试 k=11.455498 | 纯缩放 Scale=245.4907 | 全局 MSE=1776.6301 | 耗时=2147.8s
[Worker] 尝试 k=9.637932 | 纯缩放 Scale=176.6114 | 全局 MSE=4739.2923 | 耗时=2149.2s
[Worker] 尝试 k=8.529801 | 纯缩放 Scale=6818.4071 | 全局 MSE=9084654.2143 | 耗时=2153.3s
[Worker] 尝试 k=7.452227 | 纯缩放 Scale=1081.9556 | 全局 MSE=130417.0923 | 耗时=2156.5s
[Worker] 尝试 k=8.140901 | 纯缩放 Scale=557.6394 | 全局 MSE=13298.6927 | 耗时=2157.8s
[Worker] 尝试 k=11.541235 | 纯缩放 Scale=327.4562 | 全局 MSE=71.9106 | 耗时=2157.9s
[Worker] 尝试 k=8.367542 | 纯缩放 Scale=746.3335 | 全局 MSE=40097.3551 | 耗时=2165.4s
[Worker] 尝试 k=7.311773 | 纯缩放 Scale=441.7877 | 全局 MSE=4330.2638 | 耗时=2166.1s
[Worker] 尝试 k=7.658234 | 纯缩放 Scale=297.1097 | 全局 MSE=143.0143 | 耗时=2167.6s
[Worker] 尝试 k=8.123105 | 纯缩放 Scale=774.2216 | 全局 MSE=46224.3235 | 耗时=2171.0s
[Worker] 尝试 k=9.204400 | 纯缩放 Scale=817.9811 | 全局 MSE=55428.2173 | 耗时=2174.0s
[Worker] 尝试 k=9.375899 | 纯缩放 Scale=333.5446 | 全局 MSE=128.1978 | 耗时=2174.4s
[Worker] 尝试 k=11.464228 | 纯缩放 Scale=334.5250 | 全局 MSE=58.1730 | 耗时=2174.8s
[Worker] 尝试 k=7.502779 | 纯缩放 Scale=286.8963 | 全局 MSE=230.2701 | 耗时=2175.8s
[Worker] 尝试 k=11.409240 | 纯缩放 Scale=272.4887 | 全局 MSE=863.2165 | 耗时=2177.5s
[Worker] 尝试 k=12.305744 | 纯缩放 Scale=504.1603 | 全局 MSE=6165.0071 | 耗时=2180.8s
[Worker] 尝试 k=8.286022 | 纯缩放 Scale=787.3759 | 全局 MSE=44952.1890 | 耗时=2184.0s
[Worker] 尝试 k=9.406980 | 纯缩放 Scale=251.5628 | 全局 MSE=1199.5860 | 耗时=2186.3s
[Worker] 尝试 k=9.044878 | 纯缩放 Scale=975.9898 | 全局 MSE=102349.7892 | 耗时=2189.5s
[Worker] 尝试 k=9.023324 | 纯缩放 Scale=2139.1587 | 全局 MSE=760233.1474 | 耗时=2189.6s
[Worker] 尝试 k=8.399103 | 纯缩放 Scale=973.5808 | 全局 MSE=90569.8939 | 耗时=2191.0s
[Worker] 尝试 k=9.846340 | 纯缩放 Scale=678.1508 | 全局 MSE=30329.9678 | 耗时=2193.4s
[Worker] 尝试 k=9.981847 | 纯缩放 Scale=699.1329 | 全局 MSE=30296.2774 | 耗时=2193.8s
[Worker] 尝试 k=9.635658 | 纯缩放 Scale=421.2571 | 全局 MSE=2035.9820 | 耗时=2194.4s
[Worker] 尝试 k=6.862967 | 纯缩放 Scale=1025.3744 | 全局 MSE=96791.6696 | 耗时=2196.9s
[Worker] 尝试 k=7.003203 | 纯缩放 Scale=330.3788 | 全局 MSE=91.9225 | 耗时=2197.5s
[Worker] 尝试 k=8.079578 | 纯缩放 Scale=1435.2753 | 全局 MSE=257450.9481 | 耗时=2198.2s
[Worker] 尝试 k=11.139515 | 纯缩放 Scale=339.5351 | 全局 MSE=126.3549 | 耗时=2201.0s
[Worker] 尝试 k=8.926388 | 纯缩放 Scale=336.7738 | 全局 MSE=93.4100 | 耗时=2202.7s
[Worker] 尝试 k=10.681363 | 纯缩放 Scale=325.0672 | 全局 MSE=76.1536 | 耗时=2208.0s
[Worker] 尝试 k=6.054177 | 纯缩放 Scale=387.4182 | 全局 MSE=722.5741 | 耗时=2210.0s
[Worker] 尝试 k=9.521883 | 纯缩放 Scale=275.8805 | 全局 MSE=496.0165 | 耗时=2210.5s
[Worker] 尝试 k=8.031998 | 纯缩放 Scale=344.7229 | 全局 MSE=118.6586 | 耗时=2212.5s
[Worker] 尝试 k=11.964550 | 纯缩放 Scale=267.3940 | 全局 MSE=929.4119 | 耗时=2216.8s
[Worker] 尝试 k=10.249512 | 纯缩放 Scale=289.1786 | 全局 MSE=280.7599 | 耗时=2217.0s
[Worker] 尝试 k=8.893615 | 纯缩放 Scale=306.9131 | 全局 MSE=158.3266 | 耗时=2216.9s
[Worker] 尝试 k=9.636919 | 纯缩放 Scale=193.0444 | 全局 MSE=3903.5899 | 耗时=2217.8s
[Worker] 尝试 k=11.221841 | 纯缩放 Scale=1454.0662 | 全局 MSE=293277.0488 | 耗时=2218.1s
[Worker] 尝试 k=7.897653 | 纯缩放 Scale=183.2197 | 全局 MSE=4426.0901 | 耗时=2218.3s
[Worker] 尝试 k=8.555754 | 纯缩放 Scale=785.2193 | 全局 MSE=47739.6166 | 耗时=2219.4s
[Worker] 尝试 k=10.174814 | 纯缩放 Scale=498.1223 | 全局 MSE=8469.8923 | 耗时=2224.9s
[Worker] 尝试 k=12.914438 | 纯缩放 Scale=505.4674 | 全局 MSE=6901.5387 | 耗时=2225.1s
[Worker] 尝试 k=9.173845 | 纯缩放 Scale=313.6268 | 全局 MSE=60.7914 | 耗时=2225.5s
[Worker] 尝试 k=6.045551 | 纯缩放 Scale=772.4092 | 全局 MSE=45860.8500 | 耗时=2225.9s
[Worker] 尝试 k=7.408092 | 纯缩放 Scale=1085.6253 | 全局 MSE=134652.1044 | 耗时=2226.4s
[Worker] 尝试 k=12.641695 | 纯缩放 Scale=687.4601 | 全局 MSE=23653.1389 | 耗时=2229.5s
[Worker] 尝试 k=6.358060 | 纯缩放 Scale=300.7280 | 全局 MSE=155.1496 | 耗时=2230.5s
[Worker] 尝试 k=12.441986 | 纯缩放 Scale=797.1366 | 全局 MSE=52665.7596 | 耗时=2231.4s
[Worker] 尝试 k=11.187470 | 纯缩放 Scale=619.7493 | 全局 MSE=16520.9425 | 耗时=2233.3s
[Worker] 尝试 k=7.168152 | 纯缩放 Scale=281.9570 | 全局 MSE=353.0308 | 耗时=2234.1s
[Worker] 尝试 k=9.151565 | 纯缩放 Scale=1164.5267 | 全局 MSE=171729.4189 | 耗时=2234.3s
[Worker] 尝试 k=9.711489 | 纯缩放 Scale=217.2832 | 全局 MSE=2722.9860 | 耗时=2234.4s
[Worker] 尝试 k=10.631260 | 纯缩放 Scale=982.9651 | 全局 MSE=103634.2604 | 耗时=2235.6s
[Worker] 尝试 k=7.559677 | 纯缩放 Scale=1522.0571 | 全局 MSE=336278.0554 | 耗时=2236.4s
[Worker] 尝试 k=7.137651 | 纯缩放 Scale=948.1904 | 全局 MSE=91549.9783 | 耗时=2237.2s
[Worker] 尝试 k=5.885518 | 纯缩放 Scale=990.0322 | 全局 MSE=92929.1481 | 耗时=2238.9s
[Worker] 尝试 k=8.818655 | 纯缩放 Scale=470.0459 | 全局 MSE=4429.3456 | 耗时=2239.2s
[Worker] 尝试 k=10.361344 | 纯缩放 Scale=368.5609 | 全局 MSE=768.3140 | 耗时=2240.3s
[Worker] 尝试 k=7.292363 | 纯缩放 Scale=886.4437 | 全局 MSE=71779.0274 | 耗时=2241.9s
[Worker] 尝试 k=8.799673 | 纯缩放 Scale=292.3462 | 全局 MSE=365.5132 | 耗时=2243.2s
[Worker] 尝试 k=8.816595 | 纯缩放 Scale=188.3207 | 全局 MSE=4295.3060 | 耗时=2245.2s
[Worker] 尝试 k=9.480529 | 纯缩放 Scale=1173.9092 | 全局 MSE=144587.5359 | 耗时=2245.3s
[Worker] 尝试 k=12.053210 | 纯缩放 Scale=246.7314 | 全局 MSE=1045.3310 | 耗时=2247.1s
[Worker] 尝试 k=9.528466 | 纯缩放 Scale=457.6444 | 全局 MSE=6192.4225 | 耗时=2247.4s
[Worker] 尝试 k=11.590127 | 纯缩放 Scale=1075.5973 | 全局 MSE=111875.2815 | 耗时=2248.2s
[Worker] 尝试 k=9.479561 | 纯缩放 Scale=307.1618 | 全局 MSE=76.8549 | 耗时=2248.8s
[Worker] 尝试 k=10.533222 | 纯缩放 Scale=685.6821 | 全局 MSE=29753.6709 | 耗时=2249.0s
[Worker] 尝试 k=8.613581 | 纯缩放 Scale=163.9842 | 全局 MSE=5537.2688 | 耗时=2249.0s
[Worker] 尝试 k=7.678559 | 纯缩放 Scale=590.3810 | 全局 MSE=16590.7031 | 耗时=2251.3s
[Worker] 尝试 k=9.285443 | 纯缩放 Scale=360.8579 | 全局 MSE=377.3561 | 耗时=2251.8s
[Worker] 尝试 k=8.258347 | 纯缩放 Scale=209.3652 | 全局 MSE=3231.4202 | 耗时=2252.2s
[Worker] 尝试 k=10.599716 | 纯缩放 Scale=218.3610 | 全局 MSE=2418.0583 | 耗时=2252.9s
[Worker] 尝试 k=8.245857 | 纯缩放 Scale=2761.2291 | 全局 MSE=1364260.8831 | 耗时=2253.7s
[Worker] 尝试 k=6.962256 | 纯缩放 Scale=500.8419 | 全局 MSE=5899.1287 | 耗时=2254.2s
[Worker] 尝试 k=10.018633 | 纯缩放 Scale=348.9571 | 全局 MSE=299.4875 | 耗时=2254.7s
[Worker] 尝试 k=8.250965 | 纯缩放 Scale=247.2567 | 全局 MSE=1269.7143 | 耗时=2255.1s
[Worker] 尝试 k=11.134376 | 纯缩放 Scale=548.4430 | 全局 MSE=12728.1818 | 耗时=2255.3s
[Worker] 尝试 k=7.505924 | 纯缩放 Scale=175.3726 | 全局 MSE=4136.6976 | 耗时=2255.6s
[Worker] 尝试 k=9.265868 | 纯缩放 Scale=789.7660 | 全局 MSE=43756.0726 | 耗时=2255.8s
[Worker] 尝试 k=10.038718 | 纯缩放 Scale=1158.6590 | 全局 MSE=155326.6453 | 耗时=2256.1s
[Worker] 尝试 k=9.947255 | 纯缩放 Scale=453.8249 | 全局 MSE=2838.8895 | 耗时=2256.2s
[Worker] 尝试 k=6.823187 | 纯缩放 Scale=1378.8148 | 全局 MSE=243070.0893 | 耗时=2256.4s
[Worker] 尝试 k=11.778531 | 纯缩放 Scale=372.3021 | 全局 MSE=497.7743 | 耗时=2256.5s
[Worker] 尝试 k=6.466408 | 纯缩放 Scale=794.1822 | 全局 MSE=51116.9665 | 耗时=2257.1s
[Worker] 尝试 k=6.007573 | 纯缩放 Scale=683.4577 | 全局 MSE=25307.1842 | 耗时=2259.7s
[Worker] 尝试 k=9.208818 | 纯缩放 Scale=884.3501 | 全局 MSE=68186.6191 | 耗时=2259.9s
[Worker] 尝试 k=5.959102 | 纯缩放 Scale=319.9711 | 全局 MSE=93.7797 | 耗时=2260.1s
[Worker] 尝试 k=8.861315 | 纯缩放 Scale=795.1500 | 全局 MSE=41654.7105 | 耗时=2260.4s
[Worker] 尝试 k=6.433855 | 纯缩放 Scale=207.1542 | 全局 MSE=2586.5200 | 耗时=2260.5s
[Worker] 尝试 k=9.070760 | 纯缩放 Scale=762.0387 | 全局 MSE=37048.4044 | 耗时=2261.0s
[Worker] 尝试 k=8.618293 | 纯缩放 Scale=245.3577 | 全局 MSE=1377.7131 | 耗时=2261.2s
[Worker] 尝试 k=8.096755 | 纯缩放 Scale=198.8291 | 全局 MSE=3648.4941 | 耗时=2263.3s
[Worker] 尝试 k=10.431796 | 纯缩放 Scale=229.7883 | 全局 MSE=2366.1860 | 耗时=2265.5s
[Worker] 尝试 k=10.371264 | 纯缩放 Scale=437.7753 | 全局 MSE=3125.5432 | 耗时=2265.6s
[Worker] 尝试 k=7.964712 | 纯缩放 Scale=277.4460 | 全局 MSE=592.3619 | 耗时=2267.9s
[Worker] 尝试 k=8.869464 | 纯缩放 Scale=2575.0983 | 全局 MSE=1079884.3118 | 耗时=2268.1s
[Worker] 尝试 k=8.205674 | 纯缩放 Scale=281.8725 | 全局 MSE=312.4229 | 耗时=2269.0s
[Worker] 尝试 k=10.417613 | 纯缩放 Scale=288.9549 | 全局 MSE=382.7449 | 耗时=2269.0s
[Worker] 尝试 k=9.873735 | 纯缩放 Scale=514.2106 | 全局 MSE=8285.2720 | 耗时=2269.3s
[Worker] 尝试 k=10.267144 | 纯缩放 Scale=255.3034 | 全局 MSE=1171.3857 | 耗时=2270.0s
[Worker] 尝试 k=8.909182 | 纯缩放 Scale=483.4982 | 全局 MSE=5954.3817 | 耗时=2270.2s
[Worker] 尝试 k=8.445285 | 纯缩放 Scale=242.7660 | 全局 MSE=1329.5710 | 耗时=2271.2s
[Worker] 尝试 k=9.343021 | 纯缩放 Scale=370.8017 | 全局 MSE=494.2070 | 耗时=2271.7s
[Worker] 尝试 k=8.360725 | 纯缩放 Scale=642.2676 | 全局 MSE=23559.6463 | 耗时=2271.9s
[Worker] 尝试 k=10.214963 | 纯缩放 Scale=566.6311 | 全局 MSE=12514.6949 | 耗时=2273.0s
[Worker] 尝试 k=11.445300 | 纯缩放 Scale=285.7145 | 全局 MSE=308.5179 | 耗时=2274.7s
[Worker] 尝试 k=7.638568 | 纯缩放 Scale=268.4849 | 全局 MSE=810.5325 | 耗时=2274.8s
[Worker] 尝试 k=7.380948 | 纯缩放 Scale=428.0454 | 全局 MSE=2018.5330 | 耗时=2274.9s
[Worker] 尝试 k=6.036990 | 纯缩放 Scale=480.4174 | 全局 MSE=6938.9429 | 耗时=2275.6s
[Worker] 尝试 k=9.052346 | 纯缩放 Scale=270.5468 | 全局 MSE=995.8422 | 耗时=2276.7s
[Worker] 尝试 k=11.491027 | 纯缩放 Scale=506.1647 | 全局 MSE=7750.8340 | 耗时=2277.2s
[Worker] 尝试 k=9.482275 | 纯缩放 Scale=587.5384 | 全局 MSE=13589.4354 | 耗时=2277.7s[Worker] 尝试 k=12.677458 | 纯缩放 Scale=300.8885 | 全局 MSE=155.5839 | 耗时=2277.7s

[Worker] 尝试 k=6.337347 | 纯缩放 Scale=2014.9643 | 全局 MSE=625556.9530 | 耗时=2277.8s
[Worker] 尝试 k=5.241169 | 纯缩放 Scale=605.5683 | 全局 MSE=16828.3175 | 耗时=2278.1s
[Worker] 尝试 k=13.492268 | 纯缩放 Scale=310.9936 | 全局 MSE=122.9531 | 耗时=2278.2s
[Worker] 尝试 k=7.266351 | 纯缩放 Scale=337.7708 | 全局 MSE=189.3966 | 耗时=2278.2s
[Worker] 尝试 k=10.362966 | 纯缩放 Scale=273.9892 | 全局 MSE=615.8579 | 耗时=2278.4s
[Worker] 尝试 k=11.908967 | 纯缩放 Scale=416.0697 | 全局 MSE=2710.7972 | 耗时=2278.5s
[Worker] 尝试 k=7.708515 | 纯缩放 Scale=657.5311 | 全局 MSE=24897.8131 | 耗时=2280.0s
[Worker] 尝试 k=11.203940 | 纯缩放 Scale=347.8083 | 全局 MSE=205.7669 | 耗时=2280.1s
[Worker] 尝试 k=12.401805 | 纯缩放 Scale=996.3030 | 全局 MSE=89107.3148 | 耗时=2280.7s
[Worker] 尝试 k=10.046267 | 纯缩放 Scale=710.4739 | 全局 MSE=30863.4297 | 耗时=2280.9s
[Worker] 尝试 k=5.595959 | 纯缩放 Scale=481.9912 | 全局 MSE=7433.7561 | 耗时=2281.1s
[Worker] 尝试 k=11.735168 | 纯缩放 Scale=1060.3326 | 全局 MSE=119015.5544 | 耗时=2282.5s
[Worker] 尝试 k=10.158690 | 纯缩放 Scale=559.0344 | 全局 MSE=12879.0864 | 耗时=2284.6s
[Worker] 尝试 k=8.559164 | 纯缩放 Scale=448.2064 | 全局 MSE=3416.3070 | 耗时=2284.8s[Worker] 尝试 k=8.433362 | 纯缩放 Scale=493.9203 | 全局 MSE=6891.7655 | 耗时=2284.9s

[Worker] 尝试 k=12.190130 | 纯缩放 Scale=607.1833 | 全局 MSE=17723.7252 | 耗时=2285.2s
[Worker] 尝试 k=6.729628 | 纯缩放 Scale=672.8390 | 全局 MSE=24157.6710 | 耗时=2285.2s
[Worker] 尝试 k=12.319508 | 纯缩放 Scale=506.9258 | 全局 MSE=6699.0602 | 耗时=2285.3s
[Worker] 尝试 k=6.197321 | 纯缩放 Scale=254.3679 | 全局 MSE=902.5292 | 耗时=2286.0s
[Worker] 尝试 k=11.510493 | 纯缩放 Scale=191.8187 | 全局 MSE=3987.0582 | 耗时=2286.4s
[Worker] 尝试 k=9.809578 | 纯缩放 Scale=285.7932 | 全局 MSE=358.1800 | 耗时=2286.5s
[Worker] 尝试 k=7.949787 | 纯缩放 Scale=632.1544 | 全局 MSE=18467.5184 | 耗时=2287.4s[Worker] 尝试 k=10.904304 | 纯缩放 Scale=427.4458 | 全局 MSE=2371.5253 | 耗时=2287.4s
[Worker] 尝试 k=10.001439 | 纯缩放 Scale=394.4818 | 全局 MSE=1340.1626 | 耗时=2287.5s

[Worker] 尝试 k=7.921780 | 纯缩放 Scale=638.7147 | 全局 MSE=19764.3418 | 耗时=2287.8s
[Worker] 尝试 k=12.910736 | 纯缩放 Scale=391.8053 | 全局 MSE=1071.4485 | 耗时=2288.0s
[Worker] 尝试 k=8.376662 | 纯缩放 Scale=389.4712 | 全局 MSE=961.7685 | 耗时=2288.4s
[Worker] 尝试 k=5.678956 | 纯缩放 Scale=774.0745 | 全局 MSE=48190.9367 | 耗时=2289.1s
[Worker] 尝试 k=9.546066 | 纯缩放 Scale=1383.7445 | 全局 MSE=243220.3122 | 耗时=2289.2s
[Worker] 尝试 k=8.219295 | 纯缩放 Scale=549.7657 | 全局 MSE=11286.4288 | 耗时=2289.5s
[Worker] 尝试 k=9.867050 | 纯缩放 Scale=168.8564 | 全局 MSE=5300.0221 | 耗时=2289.7s
[Worker] 尝试 k=9.385653 | 纯缩放 Scale=843.7096 | 全局 MSE=51460.7596 | 耗时=2290.1s
[Worker] 尝试 k=10.961925 | 纯缩放 Scale=997.9594 | 全局 MSE=108384.9028 | 耗时=2290.1s
[Worker] 尝试 k=11.969912 | 纯缩放 Scale=426.7641 | 全局 MSE=2786.3440 | 耗时=2290.9s
[Worker] 尝试 k=8.187221 | 纯缩放 Scale=489.7952 | 全局 MSE=7385.1431 | 耗时=2291.1s
[Worker] 尝试 k=8.796459 | 纯缩放 Scale=314.9866 | 全局 MSE=126.2141 | 耗时=2291.3s
[Worker] 尝试 k=7.960374 | 纯缩放 Scale=304.1753 | 全局 MSE=183.3587 | 耗时=2291.7s
[Worker] 尝试 k=6.721775 | 纯缩放 Scale=771.2260 | 全局 MSE=49425.3852 | 耗时=2292.2s
[Worker] 尝试 k=11.645176 | 纯缩放 Scale=230.2920 | 全局 MSE=1782.7622 | 耗时=2292.5s
[Worker] 尝试 k=7.698223 | 纯缩放 Scale=404.4612 | 全局 MSE=1294.8366 | 耗时=2293.6s
[Worker] 尝试 k=8.949042 | 纯缩放 Scale=309.1518 | 全局 MSE=59.9035 | 耗时=2293.7s
[Worker] 尝试 k=14.633057 | 纯缩放 Scale=650.0618 | 全局 MSE=21324.6992 | 耗时=2293.9s
[Worker] 尝试 k=11.266931 | 纯缩放 Scale=428.1636 | 全局 MSE=2382.1613 | 耗时=2293.9s
[Worker] 尝试 k=8.650668 | 纯缩放 Scale=841.5708 | 全局 MSE=57072.1829 | 耗时=2293.9s
[Worker] 尝试 k=8.375191 | 纯缩放 Scale=283.5644 | 全局 MSE=573.6132 | 耗时=2294.0s
[Worker] 尝试 k=8.924083 | 纯缩放 Scale=279.5957 | 全局 MSE=365.3209 | 耗时=2294.3s
[Worker] 尝试 k=8.514055 | 纯缩放 Scale=308.6349 | 全局 MSE=315.5795 | 耗时=2294.7s
[Worker] 尝试 k=7.303956 | 纯缩放 Scale=545.8908 | 全局 MSE=9592.6147 | 耗时=2294.8s[Worker] 尝试 k=10.320789 | 纯缩放 Scale=363.3110 | 全局 MSE=833.8966 | 耗时=2294.8s

[Worker] 尝试 k=9.930607 | 纯缩放 Scale=319.7087 | 全局 MSE=63.6014 | 耗时=2294.8s
[Worker] 尝试 k=6.206643 | 纯缩放 Scale=667.2439 | 全局 MSE=25033.5829 | 耗时=2295.1s
[Worker] 尝试 k=8.409893 | 纯缩放 Scale=202.8215 | 全局 MSE=3429.9661 | 耗时=2295.5s
[Worker] 尝试 k=8.130188 | 纯缩放 Scale=330.7090 | 全局 MSE=77.9585 | 耗时=2295.5s
[Worker] 尝试 k=11.344666 | 纯缩放 Scale=1272.0417 | 全局 MSE=189455.2207 | 耗时=2295.9s
[Worker] 尝试 k=8.462970 | 纯缩放 Scale=467.2129 | 全局 MSE=4098.5946 | 耗时=2296.1s
[Worker] 尝试 k=6.894165 | 纯缩放 Scale=827.3085 | 全局 MSE=56977.9102 | 耗时=2296.2s
[Worker] 尝试 k=6.793410 | 纯缩放 Scale=706.2658 | 全局 MSE=33360.3831 | 耗时=2296.2s
[Worker] 尝试 k=8.344448 | 纯缩放 Scale=435.7157 | 全局 MSE=2656.8229 | 耗时=2296.3s
[Worker] 尝试 k=9.675599 | 纯缩放 Scale=644.4208 | 全局 MSE=28835.2776 | 耗时=2296.4s
[Worker] 尝试 k=9.526752 | 纯缩放 Scale=368.0731 | 全局 MSE=437.9657 | 耗时=2296.5s
[Worker] 尝试 k=6.286081 | 纯缩放 Scale=337.0697 | 全局 MSE=99.8244 | 耗时=2296.8s
[Worker] 尝试 k=6.457393 | 纯缩放 Scale=519.4515 | 全局 MSE=9253.4205 | 耗时=2297.5s
[Worker] 尝试 k=8.435026 | 纯缩放 Scale=198.0245 | 全局 MSE=3357.9084 | 耗时=2298.0s
[Worker] 尝试 k=10.054238 | 纯缩放 Scale=557.7384 | 全局 MSE=14422.4509 | 耗时=2298.1s
[Worker] 尝试 k=11.541235 | 纯缩放 Scale=327.4562 | 全局 MSE=71.9106 | 耗时=2299.3s
[Worker] 尝试 k=7.490317 | 纯缩放 Scale=922.7213 | 全局 MSE=83979.0677 | 耗时=2299.9s
[Worker] 尝试 k=11.372297 | 纯缩放 Scale=791.0446 | 全局 MSE=39583.7533 | 耗时=2300.0s
[Worker] 尝试 k=7.347935 | 纯缩放 Scale=852.0339 | 全局 MSE=58097.5758 | 耗时=2300.1s
[Worker] 尝试 k=6.463997 | 纯缩放 Scale=2498.3653 | 全局 MSE=1076094.4005 | 耗时=2300.8s
[Worker] 尝试 k=8.887936 | 纯缩放 Scale=532.8429 | 全局 MSE=9757.2231 | 耗时=2301.2s
[Worker] 尝试 k=8.344777 | 纯缩放 Scale=1473.5493 | 全局 MSE=301777.8929 | 耗时=2301.8s
[Worker] 尝试 k=7.467671 | 纯缩放 Scale=1698.4038 | 全局 MSE=437978.2000 | 耗时=2301.8s
[Worker] 尝试 k=9.887497 | 纯缩放 Scale=215.1962 | 全局 MSE=2228.2291 | 耗时=2302.3s
[Worker] 尝试 k=9.626100 | 纯缩放 Scale=1325.0808 | 全局 MSE=214624.7178 | 耗时=2302.3s
[Worker] 尝试 k=6.037339 | 纯缩放 Scale=394.6451 | 全局 MSE=1084.5911 | 耗时=2302.5s
[Worker] 尝试 k=6.579784 | 纯缩放 Scale=301.0759 | 全局 MSE=135.8567 | 耗时=2303.1s
[Worker] 尝试 k=11.311354 | 纯缩放 Scale=240.1870 | 全局 MSE=1357.1979 | 耗时=2303.2s
[Worker] 尝试 k=10.019668 | 纯缩放 Scale=686.2104 | 全局 MSE=27373.0399 | 耗时=2303.5s
[Worker] 尝试 k=8.910435 | 纯缩放 Scale=332.9558 | 全局 MSE=135.3912 | 耗时=2303.7s
[Worker] 尝试 k=9.417678 | 纯缩放 Scale=765.5078 | 全局 MSE=51950.9375 | 耗时=2303.9s
[Worker] 尝试 k=10.254567 | 纯缩放 Scale=279.3778 | 全局 MSE=604.6418 | 耗时=2304.0s
[Worker] 尝试 k=8.304684 | 纯缩放 Scale=541.9526 | 全局 MSE=10936.8026 | 耗时=2304.5s
[Worker] 尝试 k=6.267866 | 纯缩放 Scale=238.3935 | 全局 MSE=1830.2960 | 耗时=2304.6s
[Worker] 尝试 k=11.930418 | 纯缩放 Scale=278.5948 | 全局 MSE=695.8450 | 耗时=2304.6s
[Worker] 尝试 k=9.303370 | 纯缩放 Scale=434.2015 | 全局 MSE=2606.4243 | 耗时=2305.3s
[Worker] 尝试 k=9.357029 | 纯缩放 Scale=348.9198 | 全局 MSE=150.1636 | 耗时=2305.5s[Worker] 尝试 k=8.964512 | 纯缩放 Scale=1903.5649 | 全局 MSE=551810.3223 | 耗时=2305.5s
[Worker] 尝试 k=12.104924 | 纯缩放 Scale=256.3587 | 全局 MSE=1052.8548 | 耗时=2305.6s

[Worker] 尝试 k=7.372505 | 纯缩放 Scale=807.6435 | 全局 MSE=48374.8974 | 耗时=2305.7s
[Worker] 尝试 k=10.236212 | 纯缩放 Scale=551.2154 | 全局 MSE=10563.2428 | 耗时=2305.7s
[Worker] 尝试 k=7.979012 | 纯缩放 Scale=312.4176 | 全局 MSE=122.3679 | 耗时=2306.0s
[Worker] 尝试 k=7.276473 | 纯缩放 Scale=243.5783 | 全局 MSE=1361.6708 | 耗时=2306.2s
[Worker] 尝试 k=8.775266 | 纯缩放 Scale=1135.3935 | 全局 MSE=161814.1262 | 耗时=2306.7s
[Worker] 尝试 k=8.569840 | 纯缩放 Scale=374.9430 | 全局 MSE=463.2685 | 耗时=2306.8s
[Worker] 尝试 k=8.381100 | 纯缩放 Scale=277.7553 | 全局 MSE=580.5573 | 耗时=2307.1s
[Worker] 尝试 k=7.959785 | 纯缩放 Scale=444.4530 | 全局 MSE=3187.0227 | 耗时=2307.2s
[Worker] 尝试 k=5.806253 | 纯缩放 Scale=278.8207 | 全局 MSE=347.7036 | 耗时=2307.3s
[Worker] 尝试 k=7.538911 | 纯缩放 Scale=1613.5094 | 全局 MSE=372478.6820 | 耗时=2307.4s
[Worker] 尝试 k=8.727004 | 纯缩放 Scale=391.8534 | 全局 MSE=875.6557 | 耗时=2307.7s
[Worker] 尝试 k=8.778947 | 纯缩放 Scale=231.2952 | 全局 MSE=1729.0325 | 耗时=2307.7s
[Worker] 尝试 k=7.241769 | 纯缩放 Scale=209.8629 | 全局 MSE=2903.6889 | 耗时=2308.4s
[Worker] 尝试 k=10.237563 | 纯缩放 Scale=352.4295 | 全局 MSE=212.5393 | 耗时=2309.1s
[Worker] 尝试 k=6.145814 | 纯缩放 Scale=849.9349 | 全局 MSE=74682.7804 | 耗时=2309.2s
[Worker] 尝试 k=8.589567 | 纯缩放 Scale=482.9727 | 全局 MSE=7006.2303 | 耗时=2309.8s
[Worker] 尝试 k=8.796132 | 纯缩放 Scale=1222.6064 | 全局 MSE=181268.7865 | 耗时=2310.7s
[Worker] 尝试 k=11.729582 | 纯缩放 Scale=2170.3687 | 全局 MSE=735769.5046 | 耗时=2311.0s
[Worker] 尝试 k=8.797303 | 纯缩放 Scale=219.3623 | 全局 MSE=2473.0813 | 耗时=2311.2s
[Worker] 尝试 k=9.326560 | 纯缩放 Scale=895.5308 | 全局 MSE=67477.3481 | 耗时=2311.4s
[Worker] 尝试 k=7.373819 | 纯缩放 Scale=578.4345 | 全局 MSE=16148.4777 | 耗时=2313.0s
[Worker] 尝试 k=13.124234 | 纯缩放 Scale=470.6028 | 全局 MSE=5250.4778 | 耗时=2313.0s
[Worker] 尝试 k=10.991466 | 纯缩放 Scale=872.9218 | 全局 MSE=59021.2365 | 耗时=2313.3s
[Worker] 尝试 k=9.220185 | 纯缩放 Scale=1031.6476 | 全局 MSE=107937.5160 | 耗时=2313.6s
[Worker] 尝试 k=7.243542 | 纯缩放 Scale=481.3997 | 全局 MSE=6120.3280 | 耗时=2316.0s
[Worker] 尝试 k=8.530601 | 纯缩放 Scale=268.3461 | 全局 MSE=614.7043 | 耗时=2316.5s
[Worker] 尝试 k=8.520670 | 纯缩放 Scale=715.7578 | 全局 MSE=28838.7612 | 耗时=2317.0s
[Worker] 尝试 k=6.949276 | 纯缩放 Scale=530.8448 | 全局 MSE=9296.1500 | 耗时=2317.1s
[Worker] 尝试 k=6.948091 | 纯缩放 Scale=528.8720 | 全局 MSE=9899.9141 | 耗时=2317.1s
[Worker] 尝试 k=8.014019 | 纯缩放 Scale=1187.4238 | 全局 MSE=169650.5970 | 耗时=2317.1s
[Worker] 尝试 k=8.090746 | 纯缩放 Scale=371.0768 | 全局 MSE=632.6600 | 耗时=2317.2s
differential_evolution step 3: f(x)= 24.02568153438092
[Worker] 尝试 k=10.515351 | 纯缩放 Scale=650.1787 | 全局 MSE=27696.8424 | 耗时=2066.3s
[Worker] 尝试 k=10.602157 | 纯缩放 Scale=295.5225 | 全局 MSE=170.1592 | 耗时=2074.4s
[Worker] 尝试 k=9.573243 | 纯缩放 Scale=207.5902 | 全局 MSE=3355.5719 | 耗时=2082.0s
[Worker] 尝试 k=7.787642 | 纯缩放 Scale=218.4984 | 全局 MSE=2277.8910 | 耗时=2093.3s
[Worker] 尝试 k=6.482720 | 纯缩放 Scale=368.0344 | 全局 MSE=592.9480 | 耗时=2097.9s
[Worker] 尝试 k=5.702008 | 纯缩放 Scale=979.8773 | 全局 MSE=82798.7697 | 耗时=2144.9s
[Worker] 尝试 k=10.469839 | 纯缩放 Scale=328.6057 | 全局 MSE=75.9241 | 耗时=2148.5s
[Worker] 尝试 k=8.824164 | 纯缩放 Scale=593.2039 | 全局 MSE=13291.4229 | 耗时=2149.0s
[Worker] 尝试 k=6.524833 | 纯缩放 Scale=698.0064 | 全局 MSE=31731.6273 | 耗时=2152.4s
[Worker] 尝试 k=9.825200 | 纯缩放 Scale=863.1980 | 全局 MSE=64695.3768 | 耗时=2158.8s
[Worker] 尝试 k=8.872173 | 纯缩放 Scale=390.2023 | 全局 MSE=1031.3812 | 耗时=2162.7s
[Worker] 尝试 k=7.886208 | 纯缩放 Scale=2661.4662 | 全局 MSE=1117007.9669 | 耗时=2162.7s
[Worker] 尝试 k=11.807177 | 纯缩放 Scale=327.7256 | 全局 MSE=73.9087 | 耗时=2168.5s
[Worker] 尝试 k=8.756186 | 纯缩放 Scale=265.4946 | 全局 MSE=715.3649 | 耗时=2175.8s
[Worker] 尝试 k=5.704551 | 纯缩放 Scale=635.7011 | 全局 MSE=19868.3873 | 耗时=2176.2s
[Worker] 尝试 k=11.514217 | 纯缩放 Scale=308.9968 | 全局 MSE=80.3763 | 耗时=2177.5s
[Worker] 尝试 k=9.443652 | 纯缩放 Scale=685.9926 | 全局 MSE=29334.6450 | 耗时=2178.8s
[Worker] 尝试 k=12.140583 | 纯缩放 Scale=275.9239 | 全局 MSE=819.8474 | 耗时=2179.1s
[Worker] 尝试 k=8.993475 | 纯缩放 Scale=507.2610 | 全局 MSE=7971.0860 | 耗时=2184.7s
[Worker] 尝试 k=9.998403 | 纯缩放 Scale=496.3151 | 全局 MSE=6885.9909 | 耗时=2185.9s
[Worker] 尝试 k=5.708060 | 纯缩放 Scale=402.1505 | 全局 MSE=1700.6275 | 耗时=2186.4s
[Worker] 尝试 k=10.432365 | 纯缩放 Scale=194.9709 | 全局 MSE=3670.4332 | 耗时=2187.7s
[Worker] 尝试 k=5.806076 | 纯缩放 Scale=577.5487 | 全局 MSE=16889.3980 | 耗时=2190.5s
[Worker] 尝试 k=12.185590 | 纯缩放 Scale=780.0655 | 全局 MSE=41953.4151 | 耗时=2190.8s
[Worker] 尝试 k=5.244622 | 纯缩放 Scale=1221.5728 | 全局 MSE=180362.4538 | 耗时=2191.0s
[Worker] 尝试 k=6.934293 | 纯缩放 Scale=545.3586 | 全局 MSE=9643.9565 | 耗时=2192.6s
[Worker] 尝试 k=7.464273 | 纯缩放 Scale=279.4269 | 全局 MSE=732.5716 | 耗时=2194.1s
[Worker] 尝试 k=7.663019 | 纯缩放 Scale=447.0985 | 全局 MSE=3876.2886 | 耗时=2194.9s
[Worker] 尝试 k=5.657208 | 纯缩放 Scale=1638.0807 | 全局 MSE=400570.5285 | 耗时=2195.3s
[Worker] 尝试 k=9.307912 | 纯缩放 Scale=321.7091 | 全局 MSE=80.3584 | 耗时=2197.3s
[Worker] 尝试 k=10.197632 | 纯缩放 Scale=772.6875 | 全局 MSE=39226.1361 | 耗时=2197.9s
[Worker] 尝试 k=8.054711 | 纯缩放 Scale=257.4034 | 全局 MSE=660.4342 | 耗时=2198.0s
[Worker] 尝试 k=12.530994 | 纯缩放 Scale=694.3519 | 全局 MSE=29591.3517 | 耗时=2201.3s
[Worker] 尝试 k=8.196745 | 纯缩放 Scale=357.7522 | 全局 MSE=286.9970 | 耗时=2202.1s
[Worker] 尝试 k=8.381837 | 纯缩放 Scale=159.1694 | 全局 MSE=5922.4170 | 耗时=2204.3s
[Worker] 尝试 k=10.499859 | 纯缩放 Scale=307.2392 | 全局 MSE=159.0343 | 耗时=2205.9s
[Worker] 尝试 k=5.852306 | 纯缩放 Scale=275.6035 | 全局 MSE=605.1746 | 耗时=2207.6s
[Worker] 尝试 k=11.717468 | 纯缩放 Scale=381.8719 | 全局 MSE=826.3144 | 耗时=2208.3s
[Worker] 尝试 k=11.801323 | 纯缩放 Scale=1819.9900 | 全局 MSE=497381.9416 | 耗时=2209.7s
[Worker] 尝试 k=5.767126 | 纯缩放 Scale=443.9603 | 全局 MSE=2824.6998 | 耗时=2210.7s
[Worker] 尝试 k=8.242952 | 纯缩放 Scale=232.4607 | 全局 MSE=1576.4659 | 耗时=2211.2s
[Worker] 尝试 k=6.748500 | 纯缩放 Scale=697.9740 | 全局 MSE=33662.9533 | 耗时=2211.5s
[Worker] 尝试 k=8.042374 | 纯缩放 Scale=1181.3851 | 全局 MSE=168075.6376 | 耗时=2212.2s
[Worker] 尝试 k=5.116158 | 纯缩放 Scale=300.7867 | 全局 MSE=325.7466 | 耗时=2212.9s
[Worker] 尝试 k=7.030781 | 纯缩放 Scale=529.3333 | 全局 MSE=10470.7259 | 耗时=2213.2s
[Worker] 尝试 k=8.739128 | 纯缩放 Scale=280.1562 | 全局 MSE=426.9581 | 耗时=2215.1s
[Worker] 尝试 k=5.842665 | 纯缩放 Scale=295.7967 | 全局 MSE=139.4513 | 耗时=2215.2s
[Worker] 尝试 k=10.421729 | 纯缩放 Scale=908.9619 | 全局 MSE=72073.8291 | 耗时=2221.3s
[Worker] 尝试 k=10.905031 | 纯缩放 Scale=631.3487 | 全局 MSE=18496.7751 | 耗时=2225.6s
[Worker] 尝试 k=5.455252 | 纯缩放 Scale=604.2148 | 全局 MSE=15711.8364 | 耗时=2226.6s
[Worker] 尝试 k=8.955947 | 纯缩放 Scale=1024.2047 | 全局 MSE=116628.6449 | 耗时=2227.1s
[Worker] 尝试 k=10.732841 | 纯缩放 Scale=1486.8595 | 全局 MSE=314750.4194 | 耗时=2229.3s
[Worker] 尝试 k=11.278015 | 纯缩放 Scale=483.2538 | 全局 MSE=6234.3952 | 耗时=2229.5s
[Worker] 尝试 k=7.389632 | 纯缩放 Scale=479.3334 | 全局 MSE=5218.3118 | 耗时=2229.7s
[Worker] 尝试 k=8.546650 | 纯缩放 Scale=283.8683 | 全局 MSE=377.9953 | 耗时=2229.9s
[Worker] 尝试 k=7.725330 | 纯缩放 Scale=527.1696 | 全局 MSE=10753.0110 | 耗时=2230.1s
[Worker] 尝试 k=10.939641 | 纯缩放 Scale=302.1524 | 全局 MSE=276.2435 | 耗时=2232.5s
[Worker] 尝试 k=10.817200 | 纯缩放 Scale=320.9246 | 全局 MSE=53.1973 | 耗时=2233.0s
[Worker] 尝试 k=8.232747 | 纯缩放 Scale=222.9528 | 全局 MSE=1919.9524 | 耗时=2233.2s
[Worker] 尝试 k=7.531885 | 纯缩放 Scale=317.8536 | 全局 MSE=59.4183 | 耗时=2234.1s
[Worker] 尝试 k=8.230976 | 纯缩放 Scale=414.1933 | 全局 MSE=2311.2512 | 耗时=2234.6s
[Worker] 尝试 k=9.729765 | 纯缩放 Scale=612.8188 | 全局 MSE=16334.6748 | 耗时=2234.6s
[Worker] 尝试 k=10.694749 | 纯缩放 Scale=737.4123 | 全局 MSE=38131.2476 | 耗时=2235.8s
[Worker] 尝试 k=7.071350 | 纯缩放 Scale=350.5556 | 全局 MSE=321.6792 | 耗时=2236.5s
[Worker] 尝试 k=6.426442 | 纯缩放 Scale=441.2677 | 全局 MSE=3142.2273 | 耗时=2239.4s
[Worker] 尝试 k=13.419865 | 纯缩放 Scale=518.9078 | 全局 MSE=7678.5546 | 耗时=2239.6s
[Worker] 尝试 k=7.706931 | 纯缩放 Scale=753.0846 | 全局 MSE=40854.0833 | 耗时=2240.9s
[Worker] 尝试 k=8.279003 | 纯缩放 Scale=274.0444 | 全局 MSE=787.1273 | 耗时=2241.8s
[Worker] 尝试 k=6.555155 | 纯缩放 Scale=967.5123 | 全局 MSE=83744.3469 | 耗时=2242.0s
[Worker] 尝试 k=14.350259 | 纯缩放 Scale=556.1627 | 全局 MSE=11523.8801 | 耗时=2242.4s
[Worker] 尝试 k=9.165467 | 纯缩放 Scale=338.7256 | 全局 MSE=226.8756 | 耗时=2246.0s
[Worker] 尝试 k=8.617141 | 纯缩放 Scale=2017.0804 | 全局 MSE=628154.2776 | 耗时=2247.6s
[Worker] 尝试 k=8.785653 | 纯缩放 Scale=480.5200 | 全局 MSE=6578.9607 | 耗时=2248.3s
[Worker] 尝试 k=7.256920 | 纯缩放 Scale=450.0076 | 全局 MSE=3669.3463 | 耗时=2248.4s
[Worker] 尝试 k=9.032565 | 纯缩放 Scale=699.9936 | 全局 MSE=34477.3580 | 耗时=2248.6s
[Worker] 尝试 k=11.226517 | 纯缩放 Scale=1165.6411 | 全局 MSE=140076.2337 | 耗时=2248.6s
[Worker] 尝试 k=10.414792 | 纯缩放 Scale=257.0141 | 全局 MSE=1109.6374 | 耗时=2248.7s
[Worker] 尝试 k=7.326815 | 纯缩放 Scale=207.7632 | 全局 MSE=2836.4842 | 耗时=2248.8s
[Worker] 尝试 k=6.676173 | 纯缩放 Scale=2210.1042 | 全局 MSE=793783.6772 | 耗时=2248.8s
[Worker] 尝试 k=8.366400 | 纯缩放 Scale=616.6820 | 全局 MSE=17676.4665 | 耗时=2250.4s
[Worker] 尝试 k=6.346535 | 纯缩放 Scale=421.6081 | 全局 MSE=2254.8783 | 耗时=2252.4s
[Worker] 尝试 k=6.623342 | 纯缩放 Scale=483.9475 | 全局 MSE=6440.1044 | 耗时=2252.7s
[Worker] 尝试 k=5.354330 | 纯缩放 Scale=251.4805 | 全局 MSE=960.6748 | 耗时=2253.0s
[Worker] 尝试 k=11.111949 | 纯缩放 Scale=542.9776 | 全局 MSE=8309.8435 | 耗时=2255.6s
[Worker] 尝试 k=5.217167 | 纯缩放 Scale=306.1956 | 全局 MSE=207.5608 | 耗时=2255.9s
[Worker] 尝试 k=8.109516 | 纯缩放 Scale=523.9171 | 全局 MSE=7119.2759 | 耗时=2256.2s
[Worker] 尝试 k=8.236102 | 纯缩放 Scale=487.8577 | 全局 MSE=6817.1549 | 耗时=2256.2s
[Worker] 尝试 k=5.942574 | 纯缩放 Scale=429.2206 | 全局 MSE=3606.6497 | 耗时=2256.2s
[Worker] 尝试 k=7.684041 | 纯缩放 Scale=178.2282 | 全局 MSE=4520.2578 | 耗时=2256.5s
[Worker] 尝试 k=6.368111 | 纯缩放 Scale=742.2827 | 全局 MSE=34469.4992 | 耗时=2256.7s
[Worker] 尝试 k=9.497196 | 纯缩放 Scale=371.7513 | 全局 MSE=436.3720 | 耗时=2257.2s
[Worker] 尝试 k=7.821220 | 纯缩放 Scale=392.4838 | 全局 MSE=984.1318 | 耗时=2258.3s
[Worker] 尝试 k=6.578211 | 纯缩放 Scale=255.6742 | 全局 MSE=933.4780 | 耗时=2258.6s
[Worker] 尝试 k=7.487470 | 纯缩放 Scale=245.9794 | 全局 MSE=1414.0617 | 耗时=2258.8s
[Worker] 尝试 k=9.121141 | 纯缩放 Scale=280.8321 | 全局 MSE=411.0210 | 耗时=2259.7s
[Worker] 尝试 k=9.785549 | 纯缩放 Scale=749.6872 | 全局 MSE=39989.4093 | 耗时=2259.9s
[Worker] 尝试 k=7.422201 | 纯缩放 Scale=288.6109 | 全局 MSE=361.5775 | 耗时=2260.3s
[Worker] 尝试 k=12.854358 | 纯缩放 Scale=1219.5253 | 全局 MSE=183666.7461 | 耗时=2262.6s
[Worker] 尝试 k=7.287191 | 纯缩放 Scale=291.7127 | 全局 MSE=655.8199 | 耗时=2263.4s
[Worker] 尝试 k=9.473328 | 纯缩放 Scale=678.4458 | 全局 MSE=24888.9991 | 耗时=2263.5s
[Worker] 尝试 k=6.038903 | 纯缩放 Scale=317.9796 | 全局 MSE=50.9181 | 耗时=2264.1s
[Worker] 尝试 k=8.447725 | 纯缩放 Scale=547.4264 | 全局 MSE=10687.6610 | 耗时=2264.6s
[Worker] 尝试 k=6.312246 | 纯缩放 Scale=735.3691 | 全局 MSE=44000.0642 | 耗时=2265.6s
[Worker] 尝试 k=7.934583 | 纯缩放 Scale=495.7310 | 全局 MSE=7905.2677 | 耗时=2266.2s
[Worker] 尝试 k=10.835905 | 纯缩放 Scale=468.2288 | 全局 MSE=4885.8984 | 耗时=2268.7s
[Worker] 尝试 k=8.020586 | 纯缩放 Scale=222.6248 | 全局 MSE=2030.8521 | 耗时=2269.3s
[Worker] 尝试 k=11.639930 | 纯缩放 Scale=396.8537 | 全局 MSE=1029.7495 | 耗时=2269.6s
[Worker] 尝试 k=5.495058 | 纯缩放 Scale=413.9731 | 全局 MSE=2206.4917 | 耗时=2269.7s
[Worker] 尝试 k=12.015200 | 纯缩放 Scale=911.2583 | 全局 MSE=74438.1458 | 耗时=2270.0s
[Worker] 尝试 k=6.760211 | 纯缩放 Scale=388.9743 | 全局 MSE=1455.7295 | 耗时=2270.2s
[Worker] 尝试 k=8.382653 | 纯缩放 Scale=404.5801 | 全局 MSE=1607.0462 | 耗时=2271.3s
[Worker] 尝试 k=10.848880 | 纯缩放 Scale=462.6402 | 全局 MSE=4167.3760 | 耗时=2271.5s
[Worker] 尝试 k=8.614844 | 纯缩放 Scale=791.1947 | 全局 MSE=48184.5589 | 耗时=2273.7s
[Worker] 尝试 k=7.886983 | 纯缩放 Scale=1042.7926 | 全局 MSE=121646.0161 | 耗时=2273.7s
[Worker] 尝试 k=10.167814 | 纯缩放 Scale=689.0796 | 全局 MSE=29252.6691 | 耗时=2273.7s
[Worker] 尝试 k=8.806645 | 纯缩放 Scale=281.0038 | 全局 MSE=377.2545 | 耗时=2273.9s
[Worker] 尝试 k=10.168784 | 纯缩放 Scale=456.5728 | 全局 MSE=3487.2263 | 耗时=2274.4s
[Worker] 尝试 k=6.773870 | 纯缩放 Scale=470.2791 | 全局 MSE=5183.8951 | 耗时=2275.4s
[Worker] 尝试 k=9.290505 | 纯缩放 Scale=723.5773 | 全局 MSE=37502.9736 | 耗时=2277.1s
[Worker] 尝试 k=9.652770 | 纯缩放 Scale=525.6664 | 全局 MSE=8036.1629 | 耗时=2277.2s
[Worker] 尝试 k=8.824793 | 纯缩放 Scale=1211.5893 | 全局 MSE=169474.1849 | 耗时=2277.5s
[Worker] 尝试 k=9.898176 | 纯缩放 Scale=571.0652 | 全局 MSE=13862.1258 | 耗时=2277.8s
[Worker] 尝试 k=9.686700 | 纯缩放 Scale=371.0632 | 全局 MSE=476.7530 | 耗时=2278.2s
[Worker] 尝试 k=9.603365 | 纯缩放 Scale=245.6076 | 全局 MSE=910.0147 | 耗时=2278.6s
[Worker] 尝试 k=6.160617 | 纯缩放 Scale=236.2189 | 全局 MSE=1897.1234 | 耗时=2279.4s
[Worker] 尝试 k=11.174836 | 纯缩放 Scale=810.8144 | 全局 MSE=52025.4665 | 耗时=2279.4s
[Worker] 尝试 k=6.734462 | 纯缩放 Scale=275.7909 | 全局 MSE=627.8166 | 耗时=2280.2s
[Worker] 尝试 k=10.546964 | 纯缩放 Scale=1000.1709 | 全局 MSE=95092.5186 | 耗时=2281.3s
[Worker] 尝试 k=5.977456 | 纯缩放 Scale=281.9605 | 全局 MSE=466.4361 | 耗时=2281.7s
[Worker] 尝试 k=6.370960 | 纯缩放 Scale=463.5629 | 全局 MSE=4282.5500 | 耗时=2282.8s
[Worker] 尝试 k=5.803879 | 纯缩放 Scale=364.2249 | 全局 MSE=498.4387 | 耗时=2283.1s
[Worker] 尝试 k=8.527885 | 纯缩放 Scale=330.7763 | 全局 MSE=77.6229 | 耗时=2283.9s
[Worker] 尝试 k=7.814509 | 纯缩放 Scale=281.7174 | 全局 MSE=296.4101 | 耗时=2284.3s
[Worker] 尝试 k=10.169648 | 纯缩放 Scale=299.6970 | 全局 MSE=133.6846 | 耗时=2284.9s
[Worker] 尝试 k=13.335536 | 纯缩放 Scale=430.3023 | 全局 MSE=1892.4027 | 耗时=2285.2s
[Worker] 尝试 k=9.056784 | 纯缩放 Scale=327.7686 | 全局 MSE=60.7973 | 耗时=2285.5s
[Worker] 尝试 k=9.237483 | 纯缩放 Scale=941.1759 | 全局 MSE=78283.2651 | 耗时=2285.7s
[Worker] 尝试 k=8.951967 | 纯缩放 Scale=309.7490 | 全局 MSE=129.6769 | 耗时=2287.1s
[Worker] 尝试 k=11.104842 | 纯缩放 Scale=326.1979 | 全局 MSE=121.4786 | 耗时=2287.2s
[Worker] 尝试 k=9.977014 | 纯缩放 Scale=732.6134 | 全局 MSE=38014.7067 | 耗时=2287.2s
[Worker] 尝试 k=6.293860 | 纯缩放 Scale=300.8152 | 全局 MSE=100.5959 | 耗时=2287.3s
[Worker] 尝试 k=8.866429 | 纯缩放 Scale=882.2423 | 全局 MSE=69044.6643 | 耗时=2287.6s
[Worker] 尝试 k=9.164668 | 纯缩放 Scale=283.8329 | 全局 MSE=181.7221 | 耗时=2288.0s
[Worker] 尝试 k=8.964616 | 纯缩放 Scale=394.0381 | 全局 MSE=1018.5901 | 耗时=2288.4s
[Worker] 尝试 k=7.753045 | 纯缩放 Scale=608.1159 | 全局 MSE=16963.2127 | 耗时=2288.7s
[Worker] 尝试 k=8.320131 | 纯缩放 Scale=570.2740 | 全局 MSE=14545.2850 | 耗时=2288.8s
[Worker] 尝试 k=7.443433 | 纯缩放 Scale=218.3658 | 全局 MSE=2137.8825 | 耗时=2289.9s
[Worker] 尝试 k=7.275820 | 纯缩放 Scale=688.3983 | 全局 MSE=32308.8264 | 耗时=2290.1s
[Worker] 尝试 k=9.703307 | 纯缩放 Scale=641.4069 | 全局 MSE=23701.7987 | 耗时=2290.7s
[Worker] 尝试 k=12.424606 | 纯缩放 Scale=405.5696 | 全局 MSE=923.1382 | 耗时=2291.3s
[Worker] 尝试 k=10.123620 | 纯缩放 Scale=2116.9810 | 全局 MSE=678050.6686 | 耗时=2291.8s
[Worker] 尝试 k=7.900200 | 纯缩放 Scale=1118.8516 | 全局 MSE=147358.3425 | 耗时=2291.8s
[Worker] 尝试 k=6.401115 | 纯缩放 Scale=887.9933 | 全局 MSE=73260.7011 | 耗时=2293.6s
[Worker] 尝试 k=9.271962 | 纯缩放 Scale=458.3135 | 全局 MSE=5601.6056 | 耗时=2294.0s
[Worker] 尝试 k=5.738362 | 纯缩放 Scale=501.4270 | 全局 MSE=7086.8780 | 耗时=2294.1s
[Worker] 尝试 k=6.954373 | 纯缩放 Scale=773.4213 | 全局 MSE=36193.7233 | 耗时=2294.3s
[Worker] 尝试 k=10.453647 | 纯缩放 Scale=496.9494 | 全局 MSE=6241.9036 | 耗时=2294.9s
[Worker] 尝试 k=8.163485 | 纯缩放 Scale=808.2425 | 全局 MSE=52258.2112 | 耗时=2295.5s
[Worker] 尝试 k=10.785940 | 纯缩放 Scale=251.6332 | 全局 MSE=1077.9565 | 耗时=2295.6s
[Worker] 尝试 k=9.208169 | 纯缩放 Scale=624.7031 | 全局 MSE=22309.0899 | 耗时=2296.4s
[Worker] 尝试 k=12.715417 | 纯缩放 Scale=1624.8798 | 全局 MSE=374022.0175 | 耗时=2297.0s
[Worker] 尝试 k=6.372193 | 纯缩放 Scale=336.5686 | 全局 MSE=109.9015 | 耗时=2297.4s
[Worker] 尝试 k=10.818398 | 纯缩放 Scale=2028.3010 | 全局 MSE=618716.0865 | 耗时=2297.6s
[Worker] 尝试 k=13.369660 | 纯缩放 Scale=251.4302 | 全局 MSE=1702.1784 | 耗时=2298.3s
[Worker] 尝试 k=10.007767 | 纯缩放 Scale=312.8425 | 全局 MSE=117.1389 | 耗时=2299.0s
[Worker] 尝试 k=10.488119 | 纯缩放 Scale=822.4414 | 全局 MSE=58738.0810 | 耗时=2299.7s
[Worker] 尝试 k=10.111380 | 纯缩放 Scale=415.8922 | 全局 MSE=1856.8121 | 耗时=2299.8s
[Worker] 尝试 k=8.501839 | 纯缩放 Scale=598.8880 | 全局 MSE=18359.4258 | 耗时=2299.9s
[Worker] 尝试 k=8.972341 | 纯缩放 Scale=327.8425 | 全局 MSE=106.8249 | 耗时=2300.6s
[Worker] 尝试 k=14.052409 | 纯缩放 Scale=2564.6288 | 全局 MSE=990400.1753 | 耗时=2301.5s
[Worker] 尝试 k=5.797796 | 纯缩放 Scale=686.3864 | 全局 MSE=27564.5678 | 耗时=2301.5s[Worker] 尝试 k=10.474209 | 纯缩放 Scale=353.2166 | 全局 MSE=220.7153 | 耗时=2301.6s

[Worker] 尝试 k=8.451664 | 纯缩放 Scale=242.3522 | 全局 MSE=1246.8458 | 耗时=2302.2s
[Worker] 尝试 k=6.231622 | 纯缩放 Scale=256.5637 | 全局 MSE=729.9804 | 耗时=2302.4s
[Worker] 尝试 k=9.912195 | 纯缩放 Scale=1570.2636 | 全局 MSE=290263.2501 | 耗时=2302.6s
[Worker] 尝试 k=7.314514 | 纯缩放 Scale=210.5627 | 全局 MSE=2900.6928 | 耗时=2302.6s
[Worker] 尝试 k=10.328549 | 纯缩放 Scale=393.7307 | 全局 MSE=1184.5304 | 耗时=2302.6s
[Worker] 尝试 k=9.162475 | 纯缩放 Scale=947.7063 | 全局 MSE=76469.3489 | 耗时=2303.0s
[Worker] 尝试 k=7.343693 | 纯缩放 Scale=503.1731 | 全局 MSE=8487.1151 | 耗时=2303.0s
[Worker] 尝试 k=8.722911 | 纯缩放 Scale=386.4542 | 全局 MSE=727.1307 | 耗时=2303.2s
[Worker] 尝试 k=6.543969 | 纯缩放 Scale=426.8142 | 全局 MSE=2434.8759 | 耗时=2303.7s
[Worker] 尝试 k=6.936791 | 纯缩放 Scale=298.3469 | 全局 MSE=168.2890 | 耗时=2304.0s
[Worker] 尝试 k=11.875816 | 纯缩放 Scale=461.5670 | 全局 MSE=3736.4775 | 耗时=2304.2s
[Worker] 尝试 k=8.809486 | 纯缩放 Scale=787.1062 | 全局 MSE=49768.2506 | 耗时=2304.3s
[Worker] 尝试 k=12.003837 | 纯缩放 Scale=377.5165 | 全局 MSE=531.2419 | 耗时=2304.5s
[Worker] 尝试 k=8.554194 | 纯缩放 Scale=355.6140 | 全局 MSE=303.4702 | 耗时=2304.8s
[Worker] 尝试 k=6.887162 | 纯缩放 Scale=410.5963 | 全局 MSE=1381.8432 | 耗时=2304.8s
[Worker] 尝试 k=13.226365 | 纯缩放 Scale=150.2753 | 全局 MSE=6729.2075 | 耗时=2305.2s
[Worker] 尝试 k=8.696861 | 纯缩放 Scale=374.9347 | 全局 MSE=639.6704 | 耗时=2305.2s
[Worker] 尝试 k=6.846984 | 纯缩放 Scale=489.5167 | 全局 MSE=5971.2661 | 耗时=2305.3s
[Worker] 尝试 k=8.150248 | 纯缩放 Scale=1381.7831 | 全局 MSE=237579.9337 | 耗时=2306.7s
[Worker] 尝试 k=12.483118 | 纯缩放 Scale=561.6012 | 全局 MSE=11920.2354 | 耗时=2307.2s
[Worker] 尝试 k=8.661517 | 纯缩放 Scale=475.5871 | 全局 MSE=4697.7931 | 耗时=2307.5s
[Worker] 尝试 k=6.335397 | 纯缩放 Scale=392.3169 | 全局 MSE=1065.3656 | 耗时=2307.8s
[Worker] 尝试 k=13.122578 | 纯缩放 Scale=425.7388 | 全局 MSE=2011.1260 | 耗时=2308.0s
[Worker] 尝试 k=11.572753 | 纯缩放 Scale=372.8869 | 全局 MSE=681.5110 | 耗时=2308.2s
[Worker] 尝试 k=7.801860 | 纯缩放 Scale=623.9429 | 全局 MSE=19348.2022 | 耗时=2308.4s
[Worker] 尝试 k=7.912188 | 纯缩放 Scale=805.1115 | 全局 MSE=50027.7675 | 耗时=2308.6s
[Worker] 尝试 k=8.031800 | 纯缩放 Scale=1726.1138 | 全局 MSE=407899.9467 | 耗时=2308.7s
[Worker] 尝试 k=9.643790 | 纯缩放 Scale=237.2592 | 全局 MSE=1633.3667 | 耗时=2309.3s
[Worker] 尝试 k=12.013127 | 纯缩放 Scale=536.8433 | 全局 MSE=8511.6846 | 耗时=2309.5s
[Worker] 尝试 k=7.422201 | 纯缩放 Scale=288.6109 | 全局 MSE=361.5775 | 耗时=2310.5s
[Worker] 尝试 k=5.325533 | 纯缩放 Scale=429.3166 | 全局 MSE=2997.0034 | 耗时=2310.8s
[Worker] 尝试 k=5.908231 | 纯缩放 Scale=233.5431 | 全局 MSE=1777.8663 | 耗时=2311.4s
[Worker] 尝试 k=10.509006 | 纯缩放 Scale=317.0839 | 全局 MSE=119.3828 | 耗时=2313.0s
[Worker] 尝试 k=9.262096 | 纯缩放 Scale=293.9918 | 全局 MSE=267.4348 | 耗时=2313.4s
[Worker] 尝试 k=7.890933 | 纯缩放 Scale=531.0189 | 全局 MSE=8450.1055 | 耗时=2313.5s
[Worker] 尝试 k=9.083818 | 纯缩放 Scale=365.5494 | 全局 MSE=444.9075 | 耗时=2314.0s
[Worker] 尝试 k=7.271657 | 纯缩放 Scale=212.6227 | 全局 MSE=2552.0814 | 耗时=2314.1s
[Worker] 尝试 k=9.240602 | 纯缩放 Scale=867.2585 | 全局 MSE=60779.0805 | 耗时=2314.4s
[Worker] 尝试 k=6.622196 | 纯缩放 Scale=384.8621 | 全局 MSE=921.0091 | 耗时=2314.6s
[Worker] 尝试 k=7.321527 | 纯缩放 Scale=606.2109 | 全局 MSE=18599.5105 | 耗时=2314.7s
[Worker] 尝试 k=8.831700 | 纯缩放 Scale=550.0559 | 全局 MSE=12569.7152 | 耗时=2314.7s
[Worker] 尝试 k=10.093650 | 纯缩放 Scale=1564.0589 | 全局 MSE=328494.7291 | 耗时=2315.2s
[Worker] 尝试 k=11.403473 | 纯缩放 Scale=339.1445 | 全局 MSE=104.3853 | 耗时=2315.7s
[Worker] 尝试 k=8.712757 | 纯缩放 Scale=296.4960 | 全局 MSE=100.4071 | 耗时=2315.9s
[Worker] 尝试 k=8.683739 | 纯缩放 Scale=2360.7302 | 全局 MSE=936901.2670 | 耗时=2316.9s
[Worker] 尝试 k=7.683313 | 纯缩放 Scale=411.5697 | 全局 MSE=1924.3085 | 耗时=2317.5s
[Worker] 尝试 k=11.384481 | 纯缩放 Scale=1426.8734 | 全局 MSE=240437.0356 | 耗时=2317.6s
[Worker] 尝试 k=10.822810 | 纯缩放 Scale=1032.7236 | 全局 MSE=98590.1968 | 耗时=2317.8s
[Worker] 尝试 k=7.589298 | 纯缩放 Scale=376.1075 | 全局 MSE=790.7906 | 耗时=2318.2s
[Worker] 尝试 k=11.204803 | 纯缩放 Scale=399.1487 | 全局 MSE=1812.0706 | 耗时=2318.6s
[Worker] 尝试 k=8.139733 | 纯缩放 Scale=267.9861 | 全局 MSE=625.8799 | 耗时=2318.9s
[Worker] 尝试 k=11.124940 | 纯缩放 Scale=314.1079 | 全局 MSE=142.4645 | 耗时=2319.5s
[Worker] 尝试 k=7.905468 | 纯缩放 Scale=214.9542 | 全局 MSE=3026.4339 | 耗时=2319.5s
[Worker] 尝试 k=6.340877 | 纯缩放 Scale=313.1605 | 全局 MSE=69.2977 | 耗时=2319.6s
[Worker] 尝试 k=6.732424 | 纯缩放 Scale=723.8867 | 全局 MSE=33233.7281 | 耗时=2319.8s
[Worker] 尝试 k=7.511074 | 纯缩放 Scale=627.4230 | 全局 MSE=20216.5943 | 耗时=2320.3s
[Worker] 尝试 k=12.931063 | 纯缩放 Scale=272.6699 | 全局 MSE=776.7403 | 耗时=2320.3s
[Worker] 尝试 k=5.314831 | 纯缩放 Scale=465.3815 | 全局 MSE=4816.8023 | 耗时=2320.4s
[Worker] 尝试 k=9.367209 | 纯缩放 Scale=776.1736 | 全局 MSE=40659.1968 | 耗时=2320.4s
[Worker] 尝试 k=9.043137 | 纯缩放 Scale=7210.8307 | 全局 MSE=9828721.0573 | 耗时=2320.5s
[Worker] 尝试 k=9.277552 | 纯缩放 Scale=238.1730 | 全局 MSE=1552.1885 | 耗时=2320.6s
[Worker] 尝试 k=11.367197 | 纯缩放 Scale=709.9261 | 全局 MSE=35781.6732 | 耗时=2320.7s
[Worker] 尝试 k=7.073253 | 纯缩放 Scale=5177.5806 | 全局 MSE=5012561.8923 | 耗时=2321.5s
[Worker] 尝试 k=8.252154 | 纯缩放 Scale=950.7260 | 全局 MSE=78128.2612 | 耗时=2321.9s
[Worker] 尝试 k=6.260593 | 纯缩放 Scale=634.5220 | 全局 MSE=19665.4000 | 耗时=2323.0s
[Worker] 尝试 k=8.155064 | 纯缩放 Scale=1326.0006 | 全局 MSE=210472.0010 | 耗时=2323.5s
[Worker] 尝试 k=13.809773 | 纯缩放 Scale=491.7434 | 全局 MSE=5311.8154 | 耗时=2323.9s
[Worker] 尝试 k=8.289390 | 纯缩放 Scale=665.9920 | 全局 MSE=23446.7187 | 耗时=2324.6s
[Worker] 尝试 k=7.741467 | 纯缩放 Scale=301.2283 | 全局 MSE=265.8205 | 耗时=2325.4s
[Worker] 尝试 k=13.942215 | 纯缩放 Scale=209.1739 | 全局 MSE=2885.7741 | 耗时=2325.5s
[Worker] 尝试 k=6.488747 | 纯缩放 Scale=306.9651 | 全局 MSE=207.3400 | 耗时=2327.0s
[Worker] 尝试 k=7.543772 | 纯缩放 Scale=463.1473 | 全局 MSE=4039.6423 | 耗时=2327.1s
[Worker] 尝试 k=7.931890 | 纯缩放 Scale=447.4854 | 全局 MSE=3536.1085 | 耗时=2327.2s
[Worker] 尝试 k=8.823014 | 纯缩放 Scale=211.0165 | 全局 MSE=2833.9181 | 耗时=2327.8s
[Worker] 尝试 k=7.168981 | 纯缩放 Scale=583.5553 | 全局 MSE=15431.5867 | 耗时=2327.9s
[Worker] 尝试 k=7.661360 | 纯缩放 Scale=511.9610 | 全局 MSE=7597.0548 | 耗时=2328.0s
[Worker] 尝试 k=6.333578 | 纯缩放 Scale=906.5004 | 全局 MSE=80516.8671 | 耗时=2328.0s
[Worker] 尝试 k=7.128890 | 纯缩放 Scale=955.5949 | 全局 MSE=84969.1316 | 耗时=2328.0s
differential_evolution step 4: f(x)= 24.02568153438092
[Worker] 尝试 k=11.441411 | 纯缩放 Scale=425.5541 | 全局 MSE=1515.1474 | 耗时=2064.2s
[Worker] 尝试 k=10.682578 | 纯缩放 Scale=732.7322 | 全局 MSE=37272.0384 | 耗时=2065.8s
[Worker] 尝试 k=7.407445 | 纯缩放 Scale=204.3769 | 全局 MSE=3362.6863 | 耗时=2096.1s
[Worker] 尝试 k=10.344518 | 纯缩放 Scale=642.3897 | 全局 MSE=17935.2865 | 耗时=2116.2s
[Worker] 尝试 k=9.978925 | 纯缩放 Scale=601.3184 | 全局 MSE=24658.4058 | 耗时=2119.1s
[Worker] 尝试 k=8.936137 | 纯缩放 Scale=590.3515 | 全局 MSE=16397.7661 | 耗时=2121.5s
[Worker] 尝试 k=12.448056 | 纯缩放 Scale=238.3056 | 全局 MSE=1608.2244 | 耗时=2122.6s
[Worker] 尝试 k=6.903682 | 纯缩放 Scale=642.9224 | 全局 MSE=24711.5323 | 耗时=2122.8s
[Worker] 尝试 k=11.326307 | 纯缩放 Scale=3724.8106 | 全局 MSE=2476521.1028 | 耗时=2130.8s
[Worker] 尝试 k=10.222624 | 纯缩放 Scale=313.0975 | 全局 MSE=189.6077 | 耗时=2134.2s
[Worker] 尝试 k=6.308747 | 纯缩放 Scale=229.9183 | 全局 MSE=2320.3973 | 耗时=2138.8s
[Worker] 尝试 k=6.441963 | 纯缩放 Scale=418.4156 | 全局 MSE=1324.4843 | 耗时=2141.4s
[Worker] 尝试 k=9.105330 | 纯缩放 Scale=275.1606 | 全局 MSE=793.5789 | 耗时=2147.3s
[Worker] 尝试 k=10.772252 | 纯缩放 Scale=531.7525 | 全局 MSE=9518.1216 | 耗时=2150.9s
[Worker] 尝试 k=8.127954 | 纯缩放 Scale=408.3421 | 全局 MSE=1540.7578 | 耗时=2151.1s
[Worker] 尝试 k=7.546736 | 纯缩放 Scale=453.6069 | 全局 MSE=3959.9564 | 耗时=2151.8s
[Worker] 尝试 k=11.776107 | 纯缩放 Scale=321.8612 | 全局 MSE=127.0798 | 耗时=2153.1s
[Worker] 尝试 k=11.665017 | 纯缩放 Scale=334.8249 | 全局 MSE=90.2032 | 耗时=2154.8s
[Worker] 尝试 k=12.124573 | 纯缩放 Scale=806.1800 | 全局 MSE=52173.6989 | 耗时=2158.8s
[Worker] 尝试 k=10.899169 | 纯缩放 Scale=350.1597 | 全局 MSE=154.5005 | 耗时=2158.8s
[Worker] 尝试 k=6.255152 | 纯缩放 Scale=409.6215 | 全局 MSE=2079.2687 | 耗时=2160.1s
[Worker] 尝试 k=5.265127 | 纯缩放 Scale=325.8738 | 全局 MSE=95.7301 | 耗时=2162.5s
[Worker] 尝试 k=11.971854 | 纯缩放 Scale=1429.5518 | 全局 MSE=294890.1004 | 耗时=2164.9s
[Worker] 尝试 k=6.895254 | 纯缩放 Scale=732.3353 | 全局 MSE=36045.3804 | 耗时=2167.1s
[Worker] 尝试 k=10.210991 | 纯缩放 Scale=422.0764 | 全局 MSE=2199.9855 | 耗时=2169.1s
[Worker] 尝试 k=5.893145 | 纯缩放 Scale=386.7924 | 全局 MSE=1090.1026 | 耗时=2171.1s
[Worker] 尝试 k=10.087238 | 纯缩放 Scale=630.9924 | 全局 MSE=20481.3557 | 耗时=2173.2s
[Worker] 尝试 k=11.605594 | 纯缩放 Scale=752.4457 | 全局 MSE=36035.7146 | 耗时=2174.4s
[Worker] 尝试 k=8.878351 | 纯缩放 Scale=326.3340 | 全局 MSE=89.5843 | 耗时=2178.4s
[Worker] 尝试 k=8.074804 | 纯缩放 Scale=264.0974 | 全局 MSE=662.5105 | 耗时=2179.5s
[Worker] 尝试 k=8.460469 | 纯缩放 Scale=570.0521 | 全局 MSE=12563.8921 | 耗时=2183.5s
[Worker] 尝试 k=5.028247 | 纯缩放 Scale=253.7057 | 全局 MSE=706.6745 | 耗时=2185.3s
[Worker] 尝试 k=9.101994 | 纯缩放 Scale=369.8822 | 全局 MSE=376.9056 | 耗时=2187.4s
[Worker] 尝试 k=5.043220 | 纯缩放 Scale=238.6882 | 全局 MSE=1452.5136 | 耗时=2187.6s
[Worker] 尝试 k=10.008493 | 纯缩放 Scale=507.8230 | 全局 MSE=9091.5625 | 耗时=2188.3s
[Worker] 尝试 k=9.006037 | 纯缩放 Scale=1280.3992 | 全局 MSE=182593.4092 | 耗时=2189.4s
[Worker] 尝试 k=6.882275 | 纯缩放 Scale=480.9795 | 全局 MSE=5867.2153 | 耗时=2191.3s
[Worker] 尝试 k=10.339654 | 纯缩放 Scale=1343.3829 | 全局 MSE=213369.2797 | 耗时=2194.6s
[Worker] 尝试 k=9.584005 | 纯缩放 Scale=1914.3620 | 全局 MSE=573413.8337 | 耗时=2195.0s
[Worker] 尝试 k=8.509523 | 纯缩放 Scale=1079.8522 | 全局 MSE=130850.5501 | 耗时=2196.2s
[Worker] 尝试 k=7.332150 | 纯缩放 Scale=221.4483 | 全局 MSE=2746.7442 | 耗时=2196.4s
[Worker] 尝试 k=13.404866 | 纯缩放 Scale=408.6307 | 全局 MSE=1412.9818 | 耗时=2199.3s
[Worker] 尝试 k=8.281083 | 纯缩放 Scale=358.4651 | 全局 MSE=409.3565 | 耗时=2201.4s[Worker] 尝试 k=12.660293 | 纯缩放 Scale=583.8021 | 全局 MSE=14472.1643 | 耗时=2201.4s
[Worker] 尝试 k=10.451974 | 纯缩放 Scale=794.6962 | 全局 MSE=51553.6384 | 耗时=2201.7s
[Worker] 尝试 k=12.332272 | 纯缩放 Scale=442.7790 | 全局 MSE=2864.1330 | 耗时=2201.9s

[Worker] 尝试 k=6.659947 | 纯缩放 Scale=323.0208 | 全局 MSE=238.1647 | 耗时=2202.4s
[Worker] 尝试 k=11.164488 | 纯缩放 Scale=448.6017 | 全局 MSE=4287.1098 | 耗时=2203.7s
[Worker] 尝试 k=10.052665 | 纯缩放 Scale=616.7614 | 全局 MSE=22292.9231 | 耗时=2204.8s
[Worker] 尝试 k=8.964701 | 纯缩放 Scale=378.2364 | 全局 MSE=685.2268 | 耗时=2205.4s
[Worker] 尝试 k=13.354260 | 纯缩放 Scale=594.1776 | 全局 MSE=15834.3499 | 耗时=2208.9s
[Worker] 尝试 k=9.313243 | 纯缩放 Scale=1277.6412 | 全局 MSE=207895.6396 | 耗时=2209.1s
[Worker] 尝试 k=7.951490 | 纯缩放 Scale=266.6058 | 全局 MSE=655.1898 | 耗时=2209.7s
[Worker] 尝试 k=8.961757 | 纯缩放 Scale=626.7075 | 全局 MSE=21910.7789 | 耗时=2210.7s
[Worker] 尝试 k=13.416580 | 纯缩放 Scale=1038.7608 | 全局 MSE=106361.9804 | 耗时=2212.3s
[Worker] 尝试 k=9.719212 | 纯缩放 Scale=591.2849 | 全局 MSE=16213.6528 | 耗时=2214.6s
[Worker] 尝试 k=8.744117 | 纯缩放 Scale=321.3539 | 全局 MSE=74.4641 | 耗时=2215.9s
[Worker] 尝试 k=12.726815 | 纯缩放 Scale=321.4568 | 全局 MSE=71.5980 | 耗时=2216.3s
[Worker] 尝试 k=9.724046 | 纯缩放 Scale=349.0209 | 全局 MSE=181.5342 | 耗时=2216.4s
[Worker] 尝试 k=11.400998 | 纯缩放 Scale=2024.9282 | 全局 MSE=570337.1034 | 耗时=2223.4s
[Worker] 尝试 k=7.501025 | 纯缩放 Scale=360.7052 | 全局 MSE=474.4000 | 耗时=2223.9s
[Worker] 尝试 k=7.096311 | 纯缩放 Scale=607.2632 | 全局 MSE=15945.1080 | 耗时=2225.5s
[Worker] 尝试 k=8.569898 | 纯缩放 Scale=242.6900 | 全局 MSE=1472.7005 | 耗时=2225.6s
[Worker] 尝试 k=6.870711 | 纯缩放 Scale=229.3029 | 全局 MSE=2286.7429 | 耗时=2226.1s
[Worker] 尝试 k=7.129328 | 纯缩放 Scale=350.5068 | 全局 MSE=112.1208 | 耗时=2226.2s
[Worker] 尝试 k=7.869887 | 纯缩放 Scale=325.5870 | 全局 MSE=72.2377 | 耗时=2228.3s
[Worker] 尝试 k=11.203525 | 纯缩放 Scale=653.3959 | 全局 MSE=22215.3625 | 耗时=2228.6s[Worker] 尝试 k=11.453845 | 纯缩放 Scale=393.9226 | 全局 MSE=1183.3254 | 耗时=2228.6s

[Worker] 尝试 k=10.220576 | 纯缩放 Scale=1447.5382 | 全局 MSE=277660.2772 | 耗时=2229.3s
[Worker] 尝试 k=7.131063 | 纯缩放 Scale=314.3181 | 全局 MSE=59.5410 | 耗时=2229.9s
[Worker] 尝试 k=7.325873 | 纯缩放 Scale=351.3110 | 全局 MSE=266.4104 | 耗时=2230.2s
[Worker] 尝试 k=8.011145 | 纯缩放 Scale=961.1030 | 全局 MSE=84518.9231 | 耗时=2230.5s
[Worker] 尝试 k=13.941552 | 纯缩放 Scale=1233.9206 | 全局 MSE=163995.4572 | 耗时=2231.1s
[Worker] 尝试 k=9.664730 | 纯缩放 Scale=1690.4845 | 全局 MSE=398123.7310 | 耗时=2231.2s
[Worker] 尝试 k=14.537458 | 纯缩放 Scale=325.2428 | 全局 MSE=75.6566 | 耗时=2231.2s
[Worker] 尝试 k=11.578628 | 纯缩放 Scale=1924.6288 | 全局 MSE=574794.7906 | 耗时=2231.2s
[Worker] 尝试 k=9.433543 | 纯缩放 Scale=326.2078 | 全局 MSE=68.9688 | 耗时=2232.0s
[Worker] 尝试 k=6.914005 | 纯缩放 Scale=645.6728 | 全局 MSE=21082.6638 | 耗时=2232.9s
[Worker] 尝试 k=11.055643 | 纯缩放 Scale=405.8006 | 全局 MSE=769.7611 | 耗时=2236.1s
[Worker] 尝试 k=10.110289 | 纯缩放 Scale=634.5448 | 全局 MSE=23333.8929 | 耗时=2236.4s
[Worker] 尝试 k=5.902443 | 纯缩放 Scale=332.7392 | 全局 MSE=120.8440 | 耗时=2240.3s
[Worker] 尝试 k=5.117969 | 纯缩放 Scale=397.3545 | 全局 MSE=924.2487 | 耗时=2241.3s
[Worker] 尝试 k=8.165797 | 纯缩放 Scale=2037.9164 | 全局 MSE=622801.1215 | 耗时=2242.7s
[Worker] 尝试 k=11.865413 | 纯缩放 Scale=247.2115 | 全局 MSE=1747.6353 | 耗时=2242.9s
[Worker] 尝试 k=11.553402 | 纯缩放 Scale=631.1433 | 全局 MSE=18315.2405 | 耗时=2243.2s
[Worker] 尝试 k=12.411354 | 纯缩放 Scale=332.6437 | 全局 MSE=104.6125 | 耗时=2246.0s
[Worker] 尝试 k=8.020768 | 纯缩放 Scale=2674.8046 | 全局 MSE=1162610.6074 | 耗时=2246.3s
[Worker] 尝试 k=5.735471 | 纯缩放 Scale=2245.5412 | 全局 MSE=890903.3115 | 耗时=2248.0s
[Worker] 尝试 k=8.879026 | 纯缩放 Scale=719.4353 | 全局 MSE=33942.9077 | 耗时=2249.4s
[Worker] 尝试 k=9.005163 | 纯缩放 Scale=254.0084 | 全局 MSE=1569.5431 | 耗时=2249.7s
[Worker] 尝试 k=8.621114 | 纯缩放 Scale=649.6473 | 全局 MSE=23164.8188 | 耗时=2250.9s
[Worker] 尝试 k=12.886108 | 纯缩放 Scale=290.3289 | 全局 MSE=384.0658 | 耗时=2251.4s
[Worker] 尝试 k=6.307790 | 纯缩放 Scale=3662.5600 | 全局 MSE=2446200.1401 | 耗时=2252.0s
[Worker] 尝试 k=12.587964 | 纯缩放 Scale=592.7780 | 全局 MSE=14769.1788 | 耗时=2253.1s
[Worker] 尝试 k=10.635752 | 纯缩放 Scale=750.3159 | 全局 MSE=32755.0437 | 耗时=2253.6s
[Worker] 尝试 k=9.856391 | 纯缩放 Scale=2724.6543 | 全局 MSE=1321924.7331 | 耗时=2254.9s
[Worker] 尝试 k=11.992794 | 纯缩放 Scale=260.2187 | 全局 MSE=1132.4550 | 耗时=2255.0s
[Worker] 尝试 k=11.366008 | 纯缩放 Scale=526.8737 | 全局 MSE=7792.8720 | 耗时=2255.3s
[Worker] 尝试 k=7.470635 | 纯缩放 Scale=1558.1793 | 全局 MSE=362338.0667 | 耗时=2255.8s
[Worker] 尝试 k=9.471158 | 纯缩放 Scale=257.2031 | 全局 MSE=864.0507 | 耗时=2255.8s
[Worker] 尝试 k=9.401025 | 纯缩放 Scale=347.2770 | 全局 MSE=214.6403 | 耗时=2256.3s
[Worker] 尝试 k=6.404768 | 纯缩放 Scale=472.2952 | 全局 MSE=5083.4616 | 耗时=2258.2s
[Worker] 尝试 k=9.135033 | 纯缩放 Scale=330.8702 | 全局 MSE=130.2494 | 耗时=2258.4s
[Worker] 尝试 k=13.036214 | 纯缩放 Scale=445.7050 | 全局 MSE=2511.2546 | 耗时=2258.7s
[Worker] 尝试 k=9.990044 | 纯缩放 Scale=334.0625 | 全局 MSE=50.3852 | 耗时=2259.0s
[Worker] 尝试 k=10.429473 | 纯缩放 Scale=812.7188 | 全局 MSE=52492.9819 | 耗时=2259.0s
[Worker] 尝试 k=10.857709 | 纯缩放 Scale=1816.1025 | 全局 MSE=493306.1105 | 耗时=2259.3s
[Worker] 尝试 k=6.264754 | 纯缩放 Scale=379.9204 | 全局 MSE=811.8048 | 耗时=2259.3s
[Worker] 尝试 k=8.817552 | 纯缩放 Scale=375.4154 | 全局 MSE=827.0162 | 耗时=2260.8s
[Worker] 尝试 k=9.923687 | 纯缩放 Scale=253.0479 | 全局 MSE=1451.2426 | 耗时=2260.9s
[Worker] 尝试 k=8.542874 | 纯缩放 Scale=356.4753 | 全局 MSE=477.7742 | 耗时=2261.3s
[Worker] 尝试 k=9.723541 | 纯缩放 Scale=1199.4031 | 全局 MSE=166963.4450 | 耗时=2261.7s
[Worker] 尝试 k=13.623616 | 纯缩放 Scale=386.4538 | 全局 MSE=1047.3557 | 耗时=2262.0s
[Worker] 尝试 k=8.930945 | 纯缩放 Scale=327.3584 | 全局 MSE=95.7133 | 耗时=2263.4s
[Worker] 尝试 k=8.831867 | 纯缩放 Scale=486.2575 | 全局 MSE=5735.7496 | 耗时=2264.2s[Worker] 尝试 k=9.682513 | 纯缩放 Scale=300.6025 | 全局 MSE=221.0743 | 耗时=2264.2s

[Worker] 尝试 k=13.898689 | 纯缩放 Scale=710.3001 | 全局 MSE=31441.5644 | 耗时=2265.1s
[Worker] 尝试 k=9.160207 | 纯缩放 Scale=371.0909 | 全局 MSE=1290.0193 | 耗时=2266.7s
[Worker] 尝试 k=8.261044 | 纯缩放 Scale=1144.9050 | 全局 MSE=145023.2565 | 耗时=2267.3s
[Worker] 尝试 k=7.178537 | 纯缩放 Scale=881.3982 | 全局 MSE=65962.8164 | 耗时=2267.4s
[Worker] 尝试 k=10.126006 | 纯缩放 Scale=944.6645 | 全局 MSE=66862.4478 | 耗时=2267.5s
[Worker] 尝试 k=11.359164 | 纯缩放 Scale=1469.7338 | 全局 MSE=296095.3952 | 耗时=2267.8s
[Worker] 尝试 k=14.297629 | 纯缩放 Scale=360.3969 | 全局 MSE=220.3151 | 耗时=2268.1s
[Worker] 尝试 k=9.730768 | 纯缩放 Scale=250.9856 | 全局 MSE=1377.6358 | 耗时=2268.1s
[Worker] 尝试 k=9.302328 | 纯缩放 Scale=329.4962 | 全局 MSE=110.4935 | 耗时=2268.8s
[Worker] 尝试 k=10.601739 | 纯缩放 Scale=219.1940 | 全局 MSE=2708.4070 | 耗时=2269.1s
[Worker] 尝试 k=13.743052 | 纯缩放 Scale=552.7032 | 全局 MSE=10083.8437 | 耗时=2269.6s
[Worker] 尝试 k=8.195140 | 纯缩放 Scale=295.3804 | 全局 MSE=315.0796 | 耗时=2270.6s
[Worker] 尝试 k=10.748740 | 纯缩放 Scale=216.6776 | 全局 MSE=2747.2786 | 耗时=2272.2s
[Worker] 尝试 k=9.251310 | 纯缩放 Scale=300.6770 | 全局 MSE=149.1459 | 耗时=2272.3s
[Worker] 尝试 k=6.239973 | 纯缩放 Scale=1172.4210 | 全局 MSE=166225.1813 | 耗时=2272.9s
[Worker] 尝试 k=9.972920 | 纯缩放 Scale=233.5151 | 全局 MSE=1389.7380 | 耗时=2273.3s
[Worker] 尝试 k=10.347072 | 纯缩放 Scale=613.7004 | 全局 MSE=17810.4888 | 耗时=2273.9s
[Worker] 尝试 k=5.802873 | 纯缩放 Scale=564.3623 | 全局 MSE=13698.2807 | 耗时=2274.3s
[Worker] 尝试 k=5.758548 | 纯缩放 Scale=238.6183 | 全局 MSE=1625.5186 | 耗时=2274.4s
[Worker] 尝试 k=12.883597 | 纯缩放 Scale=243.6154 | 全局 MSE=941.8321 | 耗时=2274.5s
[Worker] 尝试 k=7.476641 | 纯缩放 Scale=181.8564 | 全局 MSE=4218.4217 | 耗时=2275.2s
[Worker] 尝试 k=13.441774 | 纯缩放 Scale=750.6268 | 全局 MSE=41581.7131 | 耗时=2275.2s
[Worker] 尝试 k=14.110494 | 纯缩放 Scale=480.1443 | 全局 MSE=4975.5093 | 耗时=2275.9s
[Worker] 尝试 k=12.911802 | 纯缩放 Scale=442.6431 | 全局 MSE=3425.8817 | 耗时=2276.2s
[Worker] 尝试 k=9.369120 | 纯缩放 Scale=530.1432 | 全局 MSE=8735.6895 | 耗时=2276.5s
[Worker] 尝试 k=10.365326 | 纯缩放 Scale=428.8616 | 全局 MSE=1836.2708 | 耗时=2278.0s
[Worker] 尝试 k=9.411524 | 纯缩放 Scale=649.7815 | 全局 MSE=21106.8128 | 耗时=2278.1s
[Worker] 尝试 k=7.103704 | 纯缩放 Scale=1061.2278 | 全局 MSE=114892.7434 | 耗时=2278.6s
[Worker] 尝试 k=12.613211 | 纯缩放 Scale=413.6782 | 全局 MSE=1367.9839 | 耗时=2278.8s
[Worker] 尝试 k=8.394115 | 纯缩放 Scale=503.8370 | 全局 MSE=5854.1518 | 耗时=2279.1s
[Worker] 尝试 k=6.563916 | 纯缩放 Scale=621.7760 | 全局 MSE=19174.1111 | 耗时=2279.1s
[Worker] 尝试 k=9.463783 | 纯缩放 Scale=339.2420 | 全局 MSE=247.5640 | 耗时=2279.7s
[Worker] 尝试 k=11.869045 | 纯缩放 Scale=676.4372 | 全局 MSE=26485.6839 | 耗时=2280.1s
[Worker] 尝试 k=8.547275 | 纯缩放 Scale=874.0805 | 全局 MSE=75112.4452 | 耗时=2280.6s
[Worker] 尝试 k=6.868824 | 纯缩放 Scale=384.3305 | 全局 MSE=708.6225 | 耗时=2281.2s
[Worker] 尝试 k=12.969322 | 纯缩放 Scale=934.2310 | 全局 MSE=67085.1715 | 耗时=2281.2s
[Worker] 尝试 k=11.795047 | 纯缩放 Scale=268.3420 | 全局 MSE=728.8323 | 耗时=2282.1s
[Worker] 尝试 k=10.725214 | 纯缩放 Scale=242.4374 | 全局 MSE=1427.0559 | 耗时=2282.3s
[Worker] 尝试 k=9.807790 | 纯缩放 Scale=1266.7086 | 全局 MSE=184018.1445 | 耗时=2284.7s
[Worker] 尝试 k=6.224905 | 纯缩放 Scale=569.0920 | 全局 MSE=12205.0847 | 耗时=2285.1s
[Worker] 尝试 k=6.224375 | 纯缩放 Scale=550.6460 | 全局 MSE=10865.2961 | 耗时=2285.3s
[Worker] 尝试 k=7.294159 | 纯缩放 Scale=1021.2449 | 全局 MSE=100052.6682 | 耗时=2285.5s
[Worker] 尝试 k=8.365680 | 纯缩放 Scale=407.2170 | 全局 MSE=1443.4188 | 耗时=2285.5s
[Worker] 尝试 k=5.981243 | 纯缩放 Scale=591.7858 | 全局 MSE=15380.7003 | 耗时=2285.6s
[Worker] 尝试 k=10.357122 | 纯缩放 Scale=270.3427 | 全局 MSE=474.9130 | 耗时=2285.8s
[Worker] 尝试 k=10.488771 | 纯缩放 Scale=1138.5806 | 全局 MSE=146295.1303 | 耗时=2286.4s
[Worker] 尝试 k=7.378987 | 纯缩放 Scale=422.4685 | 全局 MSE=2168.2252 | 耗时=2287.0s
[Worker] 尝试 k=12.585967 | 纯缩放 Scale=552.7715 | 全局 MSE=11356.7674 | 耗时=2287.7s
[Worker] 尝试 k=8.405519 | 纯缩放 Scale=1001.8744 | 全局 MSE=101945.1280 | 耗时=2288.0s
[Worker] 尝试 k=7.300330 | 纯缩放 Scale=611.6947 | 全局 MSE=17111.8763 | 耗时=2288.9s
[Worker] 尝试 k=7.304492 | 纯缩放 Scale=425.3105 | 全局 MSE=3098.8593 | 耗时=2290.0s
[Worker] 尝试 k=8.849069 | 纯缩放 Scale=623.0760 | 全局 MSE=18213.8044 | 耗时=2290.1s
[Worker] 尝试 k=11.931763 | 纯缩放 Scale=251.2952 | 全局 MSE=974.4774 | 耗时=2290.1s
[Worker] 尝试 k=7.273758 | 纯缩放 Scale=658.1491 | 全局 MSE=22338.1695 | 耗时=2290.4s
[Worker] 尝试 k=8.969873 | 纯缩放 Scale=1929.2204 | 全局 MSE=565058.3189 | 耗时=2290.6s
[Worker] 尝试 k=9.209998 | 纯缩放 Scale=225.6067 | 全局 MSE=2108.8987 | 耗时=2290.8s
[Worker] 尝试 k=10.663240 | 纯缩放 Scale=574.0742 | 全局 MSE=12884.5566 | 耗时=2290.9s
[Worker] 尝试 k=12.805541 | 纯缩放 Scale=1022.7358 | 全局 MSE=98206.5451 | 耗时=2290.9s
[Worker] 尝试 k=10.305023 | 纯缩放 Scale=532.3291 | 全局 MSE=12812.0098 | 耗时=2292.0s
[Worker] 尝试 k=8.999941 | 纯缩放 Scale=5117.6426 | 全局 MSE=4749263.5301 | 耗时=2292.4s
[Worker] 尝试 k=7.071182 | 纯缩放 Scale=648.3699 | 全局 MSE=26779.4938 | 耗时=2293.4s
[Worker] 尝试 k=14.616929 | 纯缩放 Scale=422.3557 | 全局 MSE=1653.4583 | 耗时=2294.0s
[Worker] 尝试 k=7.654085 | 纯缩放 Scale=275.8263 | 全局 MSE=571.0372 | 耗时=2294.3s
[Worker] 尝试 k=11.887915 | 纯缩放 Scale=360.0958 | 全局 MSE=198.1783 | 耗时=2294.7s
[Worker] 尝试 k=6.695620 | 纯缩放 Scale=624.5757 | 全局 MSE=24354.5980 | 耗时=2295.0s
[Worker] 尝试 k=6.510789 | 纯缩放 Scale=1118.3162 | 全局 MSE=126317.3571 | 耗时=2295.4s
[Worker] 尝试 k=10.771416 | 纯缩放 Scale=2339.9879 | 全局 MSE=912415.0237 | 耗时=2296.1s
[Worker] 尝试 k=7.645920 | 纯缩放 Scale=230.2283 | 全局 MSE=1699.3305 | 耗时=2296.5s
[Worker] 尝试 k=6.620424 | 纯缩放 Scale=387.0312 | 全局 MSE=1314.9924 | 耗时=2296.8s
[Worker] 尝试 k=6.183715 | 纯缩放 Scale=473.4335 | 全局 MSE=5562.7165 | 耗时=2297.2s
[Worker] 尝试 k=6.478664 | 纯缩放 Scale=655.0937 | 全局 MSE=25544.4621 | 耗时=2297.2s
[Worker] 尝试 k=10.215090 | 纯缩放 Scale=984.8433 | 全局 MSE=83477.3250 | 耗时=2297.2s
[Worker] 尝试 k=11.019110 | 纯缩放 Scale=778.4550 | 全局 MSE=43799.3038 | 耗时=2297.5s
[Worker] 尝试 k=8.925436 | 纯缩放 Scale=432.8372 | 全局 MSE=2020.9743 | 耗时=2297.6s
[Worker] 尝试 k=9.949442 | 纯缩放 Scale=953.7304 | 全局 MSE=78557.1433 | 耗时=2297.7s
[Worker] 尝试 k=11.342841 | 纯缩放 Scale=691.5590 | 全局 MSE=33045.3592 | 耗时=2297.7s
[Worker] 尝试 k=5.506177 | 纯缩放 Scale=269.5053 | 全局 MSE=518.3562 | 耗时=2297.9s
[Worker] 尝试 k=10.698098 | 纯缩放 Scale=665.5664 | 全局 MSE=23301.8027 | 耗时=2298.0s
[Worker] 尝试 k=10.730624 | 纯缩放 Scale=393.2282 | 全局 MSE=982.5658 | 耗时=2298.0s
[Worker] 尝试 k=11.921071 | 纯缩放 Scale=1016.5389 | 全局 MSE=98285.7631 | 耗时=2298.3s
[Worker] 尝试 k=9.012135 | 纯缩放 Scale=1363.6006 | 全局 MSE=228732.2761 | 耗时=2298.5s
[Worker] 尝试 k=13.475252 | 纯缩放 Scale=514.1844 | 全局 MSE=6162.7144 | 耗时=2298.5s
[Worker] 尝试 k=12.169415 | 纯缩放 Scale=890.3254 | 全局 MSE=71284.9017 | 耗时=2299.5s
[Worker] 尝试 k=12.342814 | 纯缩放 Scale=650.5976 | 全局 MSE=22464.0192 | 耗时=2299.8s
[Worker] 尝试 k=7.919741 | 纯缩放 Scale=377.9035 | 全局 MSE=639.6409 | 耗时=2299.9s
[Worker] 尝试 k=11.524995 | 纯缩放 Scale=579.4730 | 全局 MSE=11087.6587 | 耗时=2299.9s
[Worker] 尝试 k=11.862603 | 纯缩放 Scale=929.6071 | 全局 MSE=76734.1783 | 耗时=2300.6s
[Worker] 尝试 k=8.445227 | 纯缩放 Scale=308.7638 | 全局 MSE=112.6160 | 耗时=2300.8s
[Worker] 尝试 k=11.673538 | 纯缩放 Scale=465.1523 | 全局 MSE=4788.9681 | 耗时=2300.9s
[Worker] 尝试 k=10.725950 | 纯缩放 Scale=229.3116 | 全局 MSE=1964.3008 | 耗时=2301.0s
[Worker] 尝试 k=7.264297 | 纯缩放 Scale=215.0411 | 全局 MSE=2570.7635 | 耗时=2301.3s
[Worker] 尝试 k=11.323239 | 纯缩放 Scale=805.7377 | 全局 MSE=50029.4992 | 耗时=2301.6s
[Worker] 尝试 k=6.758356 | 纯缩放 Scale=514.8846 | 全局 MSE=7991.2094 | 耗时=2301.8s
[Worker] 尝试 k=13.615578 | 纯缩放 Scale=1016.9637 | 全局 MSE=97089.9048 | 耗时=2303.0s
[Worker] 尝试 k=12.619823 | 纯缩放 Scale=967.7205 | 全局 MSE=78929.0926 | 耗时=2303.2s
[Worker] 尝试 k=7.951847 | 纯缩放 Scale=573.7217 | 全局 MSE=13524.8128 | 耗时=2304.4s
[Worker] 尝试 k=6.786383 | 纯缩放 Scale=236.9095 | 全局 MSE=1451.2879 | 耗时=2304.6s
[Worker] 尝试 k=8.551875 | 纯缩放 Scale=497.1162 | 全局 MSE=6322.9987 | 耗时=2304.6s
[Worker] 尝试 k=10.283423 | 纯缩放 Scale=309.0056 | 全局 MSE=141.2811 | 耗时=2305.2s
[Worker] 尝试 k=8.478028 | 纯缩放 Scale=443.9527 | 全局 MSE=3075.1936 | 耗时=2305.3s
[Worker] 尝试 k=6.641028 | 纯缩放 Scale=361.5502 | 全局 MSE=498.1949 | 耗时=2306.5s
[Worker] 尝试 k=10.626249 | 纯缩放 Scale=281.0499 | 全局 MSE=263.2094 | 耗时=2306.6s
[Worker] 尝试 k=12.502879 | 纯缩放 Scale=326.4374 | 全局 MSE=89.6658 | 耗时=2306.6s
[Worker] 尝试 k=6.687147 | 纯缩放 Scale=445.8706 | 全局 MSE=3791.3089 | 耗时=2306.9s
[Worker] 尝试 k=9.131421 | 纯缩放 Scale=450.6070 | 全局 MSE=3997.9744 | 耗时=2307.2s
[Worker] 尝试 k=13.028618 | 纯缩放 Scale=377.8006 | 全局 MSE=397.0698 | 耗时=2307.4s
[Worker] 尝试 k=6.706292 | 纯缩放 Scale=268.1050 | 全局 MSE=549.9168 | 耗时=2307.4s
[Worker] 尝试 k=13.763921 | 纯缩放 Scale=585.4542 | 全局 MSE=14174.9458 | 耗时=2307.5s
[Worker] 尝试 k=7.995186 | 纯缩放 Scale=495.0120 | 全局 MSE=7015.0960 | 耗时=2307.7s
[Worker] 尝试 k=9.696296 | 纯缩放 Scale=3592.8917 | 全局 MSE=2349021.3896 | 耗时=2307.8s
[Worker] 尝试 k=8.676398 | 纯缩放 Scale=2417.5791 | 全局 MSE=972453.8835 | 耗时=2308.0s
[Worker] 尝试 k=14.836228 | 纯缩放 Scale=1495.3288 | 全局 MSE=290074.3199 | 耗时=2308.5s
[Worker] 尝试 k=7.328928 | 纯缩放 Scale=216.9496 | 全局 MSE=2392.6753 | 耗时=2308.6s
[Worker] 尝试 k=9.648472 | 纯缩放 Scale=373.7456 | 全局 MSE=678.8401 | 耗时=2310.0s
[Worker] 尝试 k=10.401832 | 纯缩放 Scale=1407.5945 | 全局 MSE=238636.9512 | 耗时=2310.5s
[Worker] 尝试 k=7.835451 | 纯缩放 Scale=544.2887 | 全局 MSE=11687.2446 | 耗时=2312.1s
[Worker] 尝试 k=13.030061 | 纯缩放 Scale=744.3404 | 全局 MSE=32530.7678 | 耗时=2312.1s
[Worker] 尝试 k=9.216727 | 纯缩放 Scale=446.2738 | 全局 MSE=2774.0718 | 耗时=2312.4s
[Worker] 尝试 k=9.628803 | 纯缩放 Scale=546.1353 | 全局 MSE=10314.2100 | 耗时=2313.4s
[Worker] 尝试 k=5.155899 | 纯缩放 Scale=336.7837 | 全局 MSE=182.9218 | 耗时=2313.8s
[Worker] 尝试 k=11.764426 | 纯缩放 Scale=324.4193 | 全局 MSE=66.2840 | 耗时=2314.0s
[Worker] 尝试 k=8.694703 | 纯缩放 Scale=579.3077 | 全局 MSE=17037.0936 | 耗时=2314.8s
[Worker] 尝试 k=6.556996 | 纯缩放 Scale=759.6068 | 全局 MSE=38011.0647 | 耗时=2314.8s
[Worker] 尝试 k=8.358612 | 纯缩放 Scale=237.2067 | 全局 MSE=1445.7706 | 耗时=2315.1s
[Worker] 尝试 k=8.020503 | 纯缩放 Scale=274.6115 | 全局 MSE=328.1418 | 耗时=2315.2s
[Worker] 尝试 k=5.964263 | 纯缩放 Scale=277.1017 | 全局 MSE=684.5078 | 耗时=2315.8s
[Worker] 尝试 k=7.609447 | 纯缩放 Scale=287.3162 | 全局 MSE=187.1260 | 耗时=2316.0s
[Worker] 尝试 k=7.088030 | 纯缩放 Scale=224.6624 | 全局 MSE=2175.8576 | 耗时=2316.5s
[Worker] 尝试 k=14.798222 | 纯缩放 Scale=1191.0005 | 全局 MSE=141382.0771 | 耗时=2317.1s
[Worker] 尝试 k=8.057822 | 纯缩放 Scale=371.6139 | 全局 MSE=694.3891 | 耗时=2318.3s
[Worker] 尝试 k=7.796970 | 纯缩放 Scale=492.4222 | 全局 MSE=6366.0554 | 耗时=2318.4s
[Worker] 尝试 k=8.914988 | 纯缩放 Scale=266.9553 | 全局 MSE=748.2946 | 耗时=2318.5s
[Worker] 尝试 k=7.706117 | 纯缩放 Scale=199.6884 | 全局 MSE=3019.4568 | 耗时=2318.5s
[Worker] 尝试 k=10.097008 | 纯缩放 Scale=334.6408 | 全局 MSE=173.2182 | 耗时=2318.6s
differential_evolution step 5: f(x)= 24.02568153438092
[Worker] 尝试 k=14.292545 | 纯缩放 Scale=1547.8789 | 全局 MSE=309918.7870 | 耗时=2088.0s
[Worker] 尝试 k=5.302847 | 纯缩放 Scale=812.8696 | 全局 MSE=57354.3676 | 耗时=2099.4s
[Worker] 尝试 k=11.895957 | 纯缩放 Scale=701.1995 | 全局 MSE=25558.7686 | 耗时=2114.4s
[Worker] 尝试 k=12.344806 | 纯缩放 Scale=1015.6231 | 全局 MSE=102427.7235 | 耗时=2119.3s
[Worker] 尝试 k=10.689196 | 纯缩放 Scale=446.4140 | 全局 MSE=3332.6204 | 耗时=2127.0s
[Worker] 尝试 k=11.750311 | 纯缩放 Scale=432.1777 | 全局 MSE=2365.5782 | 耗时=2135.2s
[Worker] 尝试 k=10.740494 | 纯缩放 Scale=1216.1381 | 全局 MSE=160797.0756 | 耗时=2138.0s
[Worker] 尝试 k=10.030882 | 纯缩放 Scale=763.7609 | 全局 MSE=44736.4877 | 耗时=2152.3s
[Worker] 尝试 k=6.341527 | 纯缩放 Scale=626.3866 | 全局 MSE=23332.0380 | 耗时=2160.1s
[Worker] 尝试 k=12.127556 | 纯缩放 Scale=262.1603 | 全局 MSE=946.3484 | 耗时=2161.5s
[Worker] 尝试 k=5.432238 | 纯缩放 Scale=578.1223 | 全局 MSE=14238.0159 | 耗时=2161.6s
[Worker] 尝试 k=9.654464 | 纯缩放 Scale=579.5556 | 全局 MSE=13751.4186 | 耗时=2171.5s
[Worker] 尝试 k=12.969039 | 纯缩放 Scale=266.6042 | 全局 MSE=636.3229 | 耗时=2172.8s
[Worker] 尝试 k=6.554732 | 纯缩放 Scale=336.2885 | 全局 MSE=118.9935 | 耗时=2174.1s
[Worker] 尝试 k=5.094587 | 纯缩放 Scale=624.3870 | 全局 MSE=22040.5096 | 耗时=2175.1s
[Worker] 尝试 k=12.116402 | 纯缩放 Scale=496.9306 | 全局 MSE=5114.3780 | 耗时=2175.3s
[Worker] 尝试 k=9.743231 | 纯缩放 Scale=406.2042 | 全局 MSE=1787.3378 | 耗时=2176.2s
[Worker] 尝试 k=11.408746 | 纯缩放 Scale=309.3145 | 全局 MSE=207.9895 | 耗时=2176.2s
[Worker] 尝试 k=9.972626 | 纯缩放 Scale=317.1246 | 全局 MSE=49.3985 | 耗时=2177.2s
[Worker] 尝试 k=11.759902 | 纯缩放 Scale=399.3594 | 全局 MSE=860.8942 | 耗时=2177.3s
[Worker] 尝试 k=7.532073 | 纯缩放 Scale=941.1959 | 全局 MSE=89217.2167 | 耗时=2182.5s
[Worker] 尝试 k=9.423625 | 纯缩放 Scale=657.7751 | 全局 MSE=26817.3230 | 耗时=2182.7s
[Worker] 尝试 k=13.445820 | 纯缩放 Scale=596.8047 | 全局 MSE=16012.8091 | 耗时=2184.2s
[Worker] 尝试 k=13.989794 | 纯缩放 Scale=309.0193 | 全局 MSE=425.5033 | 耗时=2185.6s
[Worker] 尝试 k=8.206982 | 纯缩放 Scale=380.0502 | 全局 MSE=1073.4438 | 耗时=2185.6s
[Worker] 尝试 k=12.250522 | 纯缩放 Scale=430.0703 | 全局 MSE=2486.7754 | 耗时=2186.0s
[Worker] 尝试 k=14.362087 | 纯缩放 Scale=747.6027 | 全局 MSE=36887.7763 | 耗时=2187.7s
[Worker] 尝试 k=5.533339 | 纯缩放 Scale=238.4419 | 全局 MSE=1293.7186 | 耗时=2188.0s
[Worker] 尝试 k=10.388999 | 纯缩放 Scale=1137.2690 | 全局 MSE=128897.3322 | 耗时=2189.5s
[Worker] 尝试 k=14.090646 | 纯缩放 Scale=931.7089 | 全局 MSE=76597.0818 | 耗时=2192.3s
[Worker] 尝试 k=9.560315 | 纯缩放 Scale=573.1801 | 全局 MSE=14681.5586 | 耗时=2193.2s
[Worker] 尝试 k=9.831197 | 纯缩放 Scale=380.3619 | 全局 MSE=808.7447 | 耗时=2196.7s
[Worker] 尝试 k=7.506113 | 纯缩放 Scale=403.9026 | 全局 MSE=1496.3740 | 耗时=2199.8s
[Worker] 尝试 k=7.405962 | 纯缩放 Scale=882.1491 | 全局 MSE=74342.3257 | 耗时=2201.4s
[Worker] 尝试 k=8.442570 | 纯缩放 Scale=645.0689 | 全局 MSE=24431.5293 | 耗时=2202.9s
[Worker] 尝试 k=13.049400 | 纯缩放 Scale=629.5644 | 全局 MSE=20231.0493 | 耗时=2203.4s
[Worker] 尝试 k=5.920021 | 纯缩放 Scale=796.5155 | 全局 MSE=49329.4699 | 耗时=2205.8s
[Worker] 尝试 k=7.650137 | 纯缩放 Scale=2775.8439 | 全局 MSE=1195408.4874 | 耗时=2206.3s
[Worker] 尝试 k=8.372211 | 纯缩放 Scale=379.0054 | 全局 MSE=978.2363 | 耗时=2206.8s
[Worker] 尝试 k=13.012375 | 纯缩放 Scale=872.9632 | 全局 MSE=74566.3763 | 耗时=2211.7s
[Worker] 尝试 k=11.786672 | 纯缩放 Scale=241.0492 | 全局 MSE=1850.8963 | 耗时=2213.5s
[Worker] 尝试 k=7.696643 | 纯缩放 Scale=443.7686 | 全局 MSE=3105.2822 | 耗时=2215.2s
[Worker] 尝试 k=8.780552 | 纯缩放 Scale=301.0348 | 全局 MSE=212.9427 | 耗时=2215.4s
[Worker] 尝试 k=11.061823 | 纯缩放 Scale=1228.5944 | 全局 MSE=175037.0522 | 耗时=2216.3s
[Worker] 尝试 k=7.760864 | 纯缩放 Scale=260.5755 | 全局 MSE=1145.1557 | 耗时=2216.7s
[Worker] 尝试 k=11.571735 | 纯缩放 Scale=1119.6781 | 全局 MSE=144599.7293 | 耗时=2219.0s
[Worker] 尝试 k=5.634968 | 纯缩放 Scale=212.4150 | 全局 MSE=3131.1489 | 耗时=2219.7s
[Worker] 尝试 k=7.751092 | 纯缩放 Scale=383.2375 | 全局 MSE=1037.7067 | 耗时=2221.9s
[Worker] 尝试 k=10.224789 | 纯缩放 Scale=502.5990 | 全局 MSE=8273.1522 | 耗时=2223.7s
[Worker] 尝试 k=9.042653 | 纯缩放 Scale=240.9194 | 全局 MSE=1599.1464 | 耗时=2225.3s
[Worker] 尝试 k=13.659174 | 纯缩放 Scale=406.4463 | 全局 MSE=1897.2239 | 耗时=2225.5s
[Worker] 尝试 k=7.316275 | 纯缩放 Scale=923.7871 | 全局 MSE=86278.9571 | 耗时=2225.8s
[Worker] 尝试 k=7.227575 | 纯缩放 Scale=509.5105 | 全局 MSE=6697.9521 | 耗时=2225.8s
[Worker] 尝试 k=10.387051 | 纯缩放 Scale=1347.2202 | 全局 MSE=227335.4736 | 耗时=2227.1s
[Worker] 尝试 k=8.369127 | 纯缩放 Scale=259.9827 | 全局 MSE=1258.2126 | 耗时=2227.5s
[Worker] 尝试 k=12.362357 | 纯缩放 Scale=308.5929 | 全局 MSE=117.9572 | 耗时=2227.7s
[Worker] 尝试 k=8.303539 | 纯缩放 Scale=213.7710 | 全局 MSE=2911.7513 | 耗时=2227.8s
[Worker] 尝试 k=7.944334 | 纯缩放 Scale=550.7653 | 全局 MSE=8585.4771 | 耗时=2228.1s
[Worker] 尝试 k=11.503217 | 纯缩放 Scale=339.0729 | 全局 MSE=103.1028 | 耗时=2228.2s
[Worker] 尝试 k=6.128456 | 纯缩放 Scale=841.9040 | 全局 MSE=62937.3948 | 耗时=2229.0s
[Worker] 尝试 k=6.363591 | 纯缩放 Scale=1132.1581 | 全局 MSE=139064.2937 | 耗时=2229.3s
[Worker] 尝试 k=8.024877 | 纯缩放 Scale=1856.6781 | 全局 MSE=435590.8420 | 耗时=2229.5s
[Worker] 尝试 k=6.019135 | 纯缩放 Scale=351.8270 | 全局 MSE=134.8774 | 耗时=2230.7s
[Worker] 尝试 k=12.794434 | 纯缩放 Scale=1247.7736 | 全局 MSE=172869.5719 | 耗时=2232.9s
[Worker] 尝试 k=10.128351 | 纯缩放 Scale=385.9872 | 全局 MSE=742.4969 | 耗时=2233.2s
[Worker] 尝试 k=12.615948 | 纯缩放 Scale=617.9992 | 全局 MSE=13457.3021 | 耗时=2233.7s
[Worker] 尝试 k=7.963758 | 纯缩放 Scale=2228.9610 | 全局 MSE=788480.1415 | 耗时=2234.1s
[Worker] 尝试 k=9.266660 | 纯缩放 Scale=1038.2638 | 全局 MSE=113177.9945 | 耗时=2237.6s
[Worker] 尝试 k=11.931410 | 纯缩放 Scale=551.2424 | 全局 MSE=11071.6949 | 耗时=2237.7s
[Worker] 尝试 k=9.930931 | 纯缩放 Scale=555.1184 | 全局 MSE=11444.7429 | 耗时=2237.9s
[Worker] 尝试 k=11.985100 | 纯缩放 Scale=606.2863 | 全局 MSE=15144.6874 | 耗时=2238.1s
[Worker] 尝试 k=7.628921 | 纯缩放 Scale=232.6433 | 全局 MSE=1960.5791 | 耗时=2238.5s
[Worker] 尝试 k=10.132806 | 纯缩放 Scale=5270.3169 | 全局 MSE=5651309.2414 | 耗时=2238.7s
[Worker] 尝试 k=13.044245 | 纯缩放 Scale=1152.2053 | 全局 MSE=144792.8118 | 耗时=2238.7s
[Worker] 尝试 k=7.847788 | 纯缩放 Scale=740.3243 | 全局 MSE=38820.3743 | 耗时=2239.5s
[Worker] 尝试 k=8.423017 | 纯缩放 Scale=1709.5629 | 全局 MSE=388892.4007 | 耗时=2239.7s
[Worker] 尝试 k=13.629548 | 纯缩放 Scale=279.0079 | 全局 MSE=452.7436 | 耗时=2239.7s
[Worker] 尝试 k=10.183657 | 纯缩放 Scale=746.2717 | 全局 MSE=36648.4048 | 耗时=2241.3s
[Worker] 尝试 k=7.770794 | 纯缩放 Scale=832.5635 | 全局 MSE=56577.4158 | 耗时=2242.0s
[Worker] 尝试 k=9.844161 | 纯缩放 Scale=366.2935 | 全局 MSE=371.6076 | 耗时=2242.6s
[Worker] 尝试 k=9.502336 | 纯缩放 Scale=187.7362 | 全局 MSE=3606.0850 | 耗时=2243.0s
[Worker] 尝试 k=6.237133 | 纯缩放 Scale=514.9829 | 全局 MSE=7653.8691 | 耗时=2244.2s
[Worker] 尝试 k=12.209073 | 纯缩放 Scale=1225.1496 | 全局 MSE=171984.9256 | 耗时=2244.2s
[Worker] 尝试 k=10.534432 | 纯缩放 Scale=413.2468 | 全局 MSE=2138.3224 | 耗时=2245.6s
[Worker] 尝试 k=5.939873 | 纯缩放 Scale=722.1185 | 全局 MSE=40154.5376 | 耗时=2245.8s
[Worker] 尝试 k=8.707596 | 纯缩放 Scale=210.8762 | 全局 MSE=2747.8835 | 耗时=2248.4s
[Worker] 尝试 k=7.197198 | 纯缩放 Scale=1126.2937 | 全局 MSE=158641.9925 | 耗时=2248.7s
[Worker] 尝试 k=10.253078 | 纯缩放 Scale=551.2386 | 全局 MSE=12151.3767 | 耗时=2248.9s
[Worker] 尝试 k=8.909068 | 纯缩放 Scale=969.4244 | 全局 MSE=94465.2742 | 耗时=2250.2s
[Worker] 尝试 k=5.203457 | 纯缩放 Scale=829.8562 | 全局 MSE=52881.1473 | 耗时=2253.5s
[Worker] 尝试 k=8.740525 | 纯缩放 Scale=232.8994 | 全局 MSE=1904.7858 | 耗时=2253.5s
[Worker] 尝试 k=9.063089 | 纯缩放 Scale=425.0236 | 全局 MSE=1565.3152 | 耗时=2253.9s
[Worker] 尝试 k=9.840179 | 纯缩放 Scale=514.7346 | 全局 MSE=8409.5311 | 耗时=2253.9s
[Worker] 尝试 k=14.126088 | 纯缩放 Scale=3043.6624 | 全局 MSE=1629205.4840 | 耗时=2255.9s
[Worker] 尝试 k=5.121433 | 纯缩放 Scale=355.5539 | 全局 MSE=361.1664 | 耗时=2256.1s
[Worker] 尝试 k=5.938965 | 纯缩放 Scale=310.7418 | 全局 MSE=97.7440 | 耗时=2256.3s
[Worker] 尝试 k=12.285577 | 纯缩放 Scale=387.5492 | 全局 MSE=691.8647 | 耗时=2257.3s
[Worker] 尝试 k=8.903698 | 纯缩放 Scale=237.6485 | 全局 MSE=1525.0910 | 耗时=2257.8s
[Worker] 尝试 k=11.767714 | 纯缩放 Scale=573.7848 | 全局 MSE=14897.1185 | 耗时=2257.7s
[Worker] 尝试 k=12.283072 | 纯缩放 Scale=1204.4219 | 全局 MSE=155773.6289 | 耗时=2258.5s
[Worker] 尝试 k=6.856263 | 纯缩放 Scale=552.0670 | 全局 MSE=11236.7290 | 耗时=2259.1s
[Worker] 尝试 k=7.409998 | 纯缩放 Scale=513.4043 | 全局 MSE=10662.1180 | 耗时=2259.3s
[Worker] 尝试 k=7.656651 | 纯缩放 Scale=907.7216 | 全局 MSE=77449.9265 | 耗时=2259.3s
[Worker] 尝试 k=8.250437 | 纯缩放 Scale=281.5184 | 全局 MSE=434.1938 | 耗时=2259.9s
[Worker] 尝试 k=10.940997 | 纯缩放 Scale=706.1963 | 全局 MSE=34640.9198 | 耗时=2260.5s
[Worker] 尝试 k=14.828575 | 纯缩放 Scale=455.0286 | 全局 MSE=2754.8332 | 耗时=2261.1s
[Worker] 尝试 k=6.730978 | 纯缩放 Scale=307.2705 | 全局 MSE=203.5676 | 耗时=2261.2s
[Worker] 尝试 k=7.266858 | 纯缩放 Scale=751.0642 | 全局 MSE=37547.9595 | 耗时=2261.5s
[Worker] 尝试 k=10.883074 | 纯缩放 Scale=453.6655 | 全局 MSE=3966.6687 | 耗时=2262.1s
[Worker] 尝试 k=7.478855 | 纯缩放 Scale=996.2900 | 全局 MSE=106247.1329 | 耗时=2262.1s
[Worker] 尝试 k=9.129567 | 纯缩放 Scale=546.3769 | 全局 MSE=9370.7282 | 耗时=2263.4s
[Worker] 尝试 k=11.485928 | 纯缩放 Scale=392.9318 | 全局 MSE=861.7013 | 耗时=2263.5s
[Worker] 尝试 k=8.972814 | 纯缩放 Scale=342.7213 | 全局 MSE=303.4830 | 耗时=2263.5s
[Worker] 尝试 k=8.445917 | 纯缩放 Scale=373.5611 | 全局 MSE=300.8908 | 耗时=2264.9s
[Worker] 尝试 k=8.629355 | 纯缩放 Scale=232.4259 | 全局 MSE=1930.3617 | 耗时=2265.6s
[Worker] 尝试 k=10.947671 | 纯缩放 Scale=991.9513 | 全局 MSE=96662.3748 | 耗时=2265.8s
[Worker] 尝试 k=6.848564 | 纯缩放 Scale=262.7224 | 全局 MSE=1142.9183 | 耗时=2266.1s
[Worker] 尝试 k=7.014651 | 纯缩放 Scale=311.2826 | 全局 MSE=50.1448 | 耗时=2267.5s
[Worker] 尝试 k=6.699612 | 纯缩放 Scale=194.9174 | 全局 MSE=3623.9697 | 耗时=2267.6s
[Worker] 尝试 k=10.333817 | 纯缩放 Scale=330.6633 | 全局 MSE=85.2477 | 耗时=2268.0s
[Worker] 尝试 k=10.093291 | 纯缩放 Scale=286.9003 | 全局 MSE=516.7527 | 耗时=2268.2s
[Worker] 尝试 k=5.189706 | 纯缩放 Scale=453.3992 | 全局 MSE=4713.1780 | 耗时=2268.3s
[Worker] 尝试 k=9.314425 | 纯缩放 Scale=535.5742 | 全局 MSE=11235.4102 | 耗时=2268.3s
[Worker] 尝试 k=6.713492 | 纯缩放 Scale=536.6348 | 全局 MSE=9324.3834 | 耗时=2268.7s
[Worker] 尝试 k=6.437155 | 纯缩放 Scale=1427.9248 | 全局 MSE=238188.0842 | 耗时=2269.2s
[Worker] 尝试 k=9.580089 | 纯缩放 Scale=797.9315 | 全局 MSE=50471.0160 | 耗时=2269.5s
[Worker] 尝试 k=10.991198 | 纯缩放 Scale=461.1426 | 全局 MSE=4156.5295 | 耗时=2270.1s
[Worker] 尝试 k=11.531129 | 纯缩放 Scale=545.8421 | 全局 MSE=10212.1411 | 耗时=2271.0s
[Worker] 尝试 k=7.165633 | 纯缩放 Scale=187.7500 | 全局 MSE=3992.2962 | 耗时=2272.0s
[Worker] 尝试 k=9.557829 | 纯缩放 Scale=1118.1896 | 全局 MSE=139114.1999 | 耗时=2272.1s
[Worker] 尝试 k=6.682172 | 纯缩放 Scale=241.5372 | 全局 MSE=1376.6788 | 耗时=2273.1s
[Worker] 尝试 k=9.017505 | 纯缩放 Scale=1777.1775 | 全局 MSE=439227.2790 | 耗时=2273.1s
[Worker] 尝试 k=8.095967 | 纯缩放 Scale=352.7181 | 全局 MSE=421.7855 | 耗时=2273.6s
[Worker] 尝试 k=10.169018 | 纯缩放 Scale=266.1621 | 全局 MSE=645.2618 | 耗时=2273.8s
[Worker] 尝试 k=5.940284 | 纯缩放 Scale=566.5844 | 全局 MSE=13583.0796 | 耗时=2275.7s
[Worker] 尝试 k=9.024409 | 纯缩放 Scale=476.0080 | 全局 MSE=4040.7486 | 耗时=2275.9s
[Worker] 尝试 k=11.875358 | 纯缩放 Scale=419.0910 | 全局 MSE=1500.4366 | 耗时=2275.9s
[Worker] 尝试 k=11.141736 | 纯缩放 Scale=318.6597 | 全局 MSE=114.0393 | 耗时=2276.0s
[Worker] 尝试 k=8.893290 | 纯缩放 Scale=1039.2777 | 全局 MSE=104921.3261 | 耗时=2276.0s
[Worker] 尝试 k=7.879775 | 纯缩放 Scale=444.5567 | 全局 MSE=3245.7594 | 耗时=2276.4s
[Worker] 尝试 k=5.616869 | 纯缩放 Scale=567.0253 | 全局 MSE=12138.4731 | 耗时=2276.8s
[Worker] 尝试 k=9.010367 | 纯缩放 Scale=430.6278 | 全局 MSE=2753.5827 | 耗时=2278.4s
[Worker] 尝试 k=14.067170 | 纯缩放 Scale=607.7848 | 全局 MSE=11820.7189 | 耗时=2278.6s
[Worker] 尝试 k=8.430451 | 纯缩放 Scale=942.8123 | 全局 MSE=77015.8899 | 耗时=2278.8s
[Worker] 尝试 k=10.975562 | 纯缩放 Scale=629.3585 | 全局 MSE=16647.9361 | 耗时=2279.1s
[Worker] 尝试 k=7.055017 | 纯缩放 Scale=1018.5388 | 全局 MSE=107265.6320 | 耗时=2279.1s
[Worker] 尝试 k=8.382997 | 纯缩放 Scale=1007.1404 | 全局 MSE=113171.0794 | 耗时=2279.2s
[Worker] 尝试 k=8.010387 | 纯缩放 Scale=586.6739 | 全局 MSE=13623.3681 | 耗时=2279.7s
[Worker] 尝试 k=8.499141 | 纯缩放 Scale=2122.6700 | 全局 MSE=790813.7250 | 耗时=2280.6s
[Worker] 尝试 k=7.643224 | 纯缩放 Scale=495.4585 | 全局 MSE=5885.9320 | 耗时=2280.8s
[Worker] 尝试 k=9.702897 | 纯缩放 Scale=335.4598 | 全局 MSE=118.8455 | 耗时=2281.1s
[Worker] 尝试 k=13.726023 | 纯缩放 Scale=1387.0921 | 全局 MSE=219141.1447 | 耗时=2281.1s
[Worker] 尝试 k=6.620141 | 纯缩放 Scale=364.9651 | 全局 MSE=538.5632 | 耗时=2281.7s
[Worker] 尝试 k=10.852579 | 纯缩放 Scale=1325.3850 | 全局 MSE=204737.0264 | 耗时=2281.8s
[Worker] 尝试 k=8.263714 | 纯缩放 Scale=785.8963 | 全局 MSE=43343.8446 | 耗时=2281.8s
[Worker] 尝试 k=6.845790 | 纯缩放 Scale=727.7206 | 全局 MSE=41539.2638 | 耗时=2281.9s
[Worker] 尝试 k=9.149770 | 纯缩放 Scale=367.0830 | 全局 MSE=503.6591 | 耗时=2282.7s
[Worker] 尝试 k=10.190639 | 纯缩放 Scale=316.1074 | 全局 MSE=57.9515 | 耗时=2283.1s
[Worker] 尝试 k=10.592238 | 纯缩放 Scale=285.9044 | 全局 MSE=258.1392 | 耗时=2283.3s
[Worker] 尝试 k=10.624042 | 纯缩放 Scale=346.9574 | 全局 MSE=175.9034 | 耗时=2283.6s
[Worker] 尝试 k=5.745372 | 纯缩放 Scale=1848.9145 | 全局 MSE=526767.2074 | 耗时=2284.3s
[Worker] 尝试 k=8.824849 | 纯缩放 Scale=260.0475 | 全局 MSE=530.4134 | 耗时=2285.6s
[Worker] 尝试 k=9.500793 | 纯缩放 Scale=730.3969 | 全局 MSE=34381.9908 | 耗时=2286.5s
[Worker] 尝试 k=8.689377 | 纯缩放 Scale=602.2950 | 全局 MSE=15131.8873 | 耗时=2286.6s
[Worker] 尝试 k=12.839731 | 纯缩放 Scale=498.6013 | 全局 MSE=5977.0660 | 耗时=2286.8s
[Worker] 尝试 k=6.103621 | 纯缩放 Scale=977.0273 | 全局 MSE=95846.2218 | 耗时=2287.3s
[Worker] 尝试 k=9.306062 | 纯缩放 Scale=591.0635 | 全局 MSE=13145.9894 | 耗时=2287.3s
[Worker] 尝试 k=11.063199 | 纯缩放 Scale=693.0842 | 全局 MSE=29566.8991 | 耗时=2287.4s
[Worker] 尝试 k=7.822069 | 纯缩放 Scale=834.5385 | 全局 MSE=53723.7430 | 耗时=2288.1s
[Worker] 尝试 k=10.195316 | 纯缩放 Scale=731.2313 | 全局 MSE=36394.0183 | 耗时=2288.3s
[Worker] 尝试 k=13.083240 | 纯缩放 Scale=173.1931 | 全局 MSE=5095.9348 | 耗时=2288.6s
[Worker] 尝试 k=14.756798 | 纯缩放 Scale=246.0557 | 全局 MSE=1563.6278 | 耗时=2289.9s
[Worker] 尝试 k=5.253694 | 纯缩放 Scale=533.5565 | 全局 MSE=8640.4307 | 耗时=2289.9s
[Worker] 尝试 k=9.108096 | 纯缩放 Scale=6439.6815 | 全局 MSE=8091007.2817 | 耗时=2290.3s
[Worker] 尝试 k=5.892483 | 纯缩放 Scale=615.1518 | 全局 MSE=18577.5307 | 耗时=2290.8s
[Worker] 尝试 k=5.370837 | 纯缩放 Scale=394.2446 | 全局 MSE=1208.9045 | 耗时=2291.4s
[Worker] 尝试 k=7.919585 | 纯缩放 Scale=291.2589 | 全局 MSE=209.6495 | 耗时=2291.5s
[Worker] 尝试 k=9.579143 | 纯缩放 Scale=756.0628 | 全局 MSE=40238.3747 | 耗时=2291.7s
[Worker] 尝试 k=9.969068 | 纯缩放 Scale=1043.4950 | 全局 MSE=102321.0816 | 耗时=2291.8s
[Worker] 尝试 k=13.198212 | 纯缩放 Scale=513.3549 | 全局 MSE=6713.4067 | 耗时=2291.9s
[Worker] 尝试 k=7.432145 | 纯缩放 Scale=414.7822 | 全局 MSE=2512.2382 | 耗时=2292.1s
[Worker] 尝试 k=6.825651 | 纯缩放 Scale=324.6894 | 全局 MSE=91.2011 | 耗时=2292.2s
[Worker] 尝试 k=10.614415 | 纯缩放 Scale=476.8965 | 全局 MSE=4765.7843 | 耗时=2292.3s
[Worker] 尝试 k=6.464758 | 纯缩放 Scale=507.9405 | 全局 MSE=9447.8860 | 耗时=2292.4s
[Worker] 尝试 k=10.310744 | 纯缩放 Scale=1098.9284 | 全局 MSE=118177.4267 | 耗时=2292.7s
[Worker] 尝试 k=10.726820 | 纯缩放 Scale=588.2304 | 全局 MSE=15446.2051 | 耗时=2293.4s
[Worker] 尝试 k=10.319642 | 纯缩放 Scale=825.1973 | 全局 MSE=51086.8218 | 耗时=2293.5s
[Worker] 尝试 k=9.290689 | 纯缩放 Scale=320.1758 | 全局 MSE=35.6143 | 耗时=2293.9s
[Worker] 尝试 k=6.813435 | 纯缩放 Scale=2614.4917 | 全局 MSE=1222901.8524 | 耗时=2294.2s
[Worker] 尝试 k=7.413674 | 纯缩放 Scale=516.8829 | 全局 MSE=9315.9553 | 耗时=2294.2s
[Worker] 尝试 k=5.800675 | 纯缩放 Scale=588.2954 | 全局 MSE=18608.2865 | 耗时=2295.3s
[Worker] 尝试 k=12.864750 | 纯缩放 Scale=1443.8562 | 全局 MSE=239812.0031 | 耗时=2295.3s
[Worker] 尝试 k=13.079937 | 纯缩放 Scale=216.0646 | 全局 MSE=2360.9756 | 耗时=2295.3s
[Worker] 尝试 k=9.019606 | 纯缩放 Scale=207.2871 | 全局 MSE=2767.3036 | 耗时=2295.3s
[Worker] 尝试 k=11.079972 | 纯缩放 Scale=292.5898 | 全局 MSE=370.7716 | 耗时=2295.4s
[Worker] 尝试 k=7.422096 | 纯缩放 Scale=731.8991 | 全局 MSE=33787.1774 | 耗时=2295.6s
[Worker] 尝试 k=5.123899 | 纯缩放 Scale=301.2364 | 全局 MSE=197.1630 | 耗时=2295.7s
[Worker] 尝试 k=12.193274 | 纯缩放 Scale=565.7696 | 全局 MSE=12737.8536 | 耗时=2295.7s
[Worker] 尝试 k=11.245911 | 纯缩放 Scale=306.9608 | 全局 MSE=97.7295 | 耗时=2295.8s
[Worker] 尝试 k=10.287182 | 纯缩放 Scale=282.4317 | 全局 MSE=550.9815 | 耗时=2296.3s
[Worker] 尝试 k=7.421956 | 纯缩放 Scale=593.9823 | 全局 MSE=14251.7984 | 耗时=2296.6s
[Worker] 尝试 k=10.081180 | 纯缩放 Scale=474.7337 | 全局 MSE=6607.6115 | 耗时=2296.9s
[Worker] 尝试 k=6.272897 | 纯缩放 Scale=688.1624 | 全局 MSE=24917.5920 | 耗时=2296.9s
[Worker] 尝试 k=12.496178 | 纯缩放 Scale=491.4403 | 全局 MSE=7470.9910 | 耗时=2297.2s
[Worker] 尝试 k=7.186261 | 纯缩放 Scale=412.7997 | 全局 MSE=1581.3987 | 耗时=2297.5s
[Worker] 尝试 k=8.760600 | 纯缩放 Scale=201.1049 | 全局 MSE=3376.8288 | 耗时=2297.6s
[Worker] 尝试 k=7.599957 | 纯缩放 Scale=764.0326 | 全局 MSE=38145.7643 | 耗时=2297.6s
[Worker] 尝试 k=9.992289 | 纯缩放 Scale=477.2582 | 全局 MSE=5189.1532 | 耗时=2297.8s
[Worker] 尝试 k=10.792040 | 纯缩放 Scale=306.2964 | 全局 MSE=183.9928 | 耗时=2297.8s
[Worker] 尝试 k=5.930228 | 纯缩放 Scale=19480.9020 | 全局 MSE=80305081.5669 | 耗时=2298.0s
[Worker] 尝试 k=8.613563 | 纯缩放 Scale=449.7732 | 全局 MSE=3198.5142 | 耗时=2298.4s
[Worker] 尝试 k=5.534790 | 纯缩放 Scale=814.3270 | 全局 MSE=54238.2718 | 耗时=2298.5s
[Worker] 尝试 k=9.984358 | 纯缩放 Scale=509.4657 | 全局 MSE=8024.5972 | 耗时=2298.8s
[Worker] 尝试 k=6.854661 | 纯缩放 Scale=302.6606 | 全局 MSE=262.6308 | 耗时=2299.4s
[Worker] 尝试 k=5.635315 | 纯缩放 Scale=402.1221 | 全局 MSE=1372.6440 | 耗时=2299.7s
[Worker] 尝试 k=7.793737 | 纯缩放 Scale=223.6964 | 全局 MSE=2071.3445 | 耗时=2300.0s
[Worker] 尝试 k=10.774808 | 纯缩放 Scale=323.2238 | 全局 MSE=82.4606 | 耗时=2300.6s
[Worker] 尝试 k=13.308223 | 纯缩放 Scale=262.6075 | 全局 MSE=921.1813 | 耗时=2300.8s
[Worker] 尝试 k=13.362881 | 纯缩放 Scale=527.0645 | 全局 MSE=10800.9378 | 耗时=2300.9s
[Worker] 尝试 k=11.854582 | 纯缩放 Scale=313.6361 | 全局 MSE=161.6571 | 耗时=2301.2s
[Worker] 尝试 k=10.765991 | 纯缩放 Scale=289.0363 | 全局 MSE=469.1459 | 耗时=2301.2s
[Worker] 尝试 k=11.392228 | 纯缩放 Scale=294.5841 | 全局 MSE=124.9982 | 耗时=2301.4s
[Worker] 尝试 k=9.897852 | 纯缩放 Scale=419.0313 | 全局 MSE=1673.4909 | 耗时=2301.4s
[Worker] 尝试 k=7.665226 | 纯缩放 Scale=183.2770 | 全局 MSE=4457.7057 | 耗时=2301.6s
[Worker] 尝试 k=5.128506 | 纯缩放 Scale=2916.2138 | 全局 MSE=1454933.6851 | 耗时=2302.8s
[Worker] 尝试 k=5.601748 | 纯缩放 Scale=427.4084 | 全局 MSE=2489.2348 | 耗时=2303.1s
[Worker] 尝试 k=8.786257 | 纯缩放 Scale=303.3912 | 全局 MSE=128.8504 | 耗时=2303.5s
[Worker] 尝试 k=13.848586 | 纯缩放 Scale=404.7412 | 全局 MSE=880.8469 | 耗时=2303.5s
[Worker] 尝试 k=9.435874 | 纯缩放 Scale=369.3404 | 全局 MSE=742.0885 | 耗时=2303.6s
[Worker] 尝试 k=9.360317 | 纯缩放 Scale=363.3874 | 全局 MSE=232.2047 | 耗时=2304.3s
[Worker] 尝试 k=10.714769 | 纯缩放 Scale=542.7272 | 全局 MSE=10175.3653 | 耗时=2304.5s
[Worker] 尝试 k=7.216872 | 纯缩放 Scale=412.0580 | 全局 MSE=1780.3369 | 耗时=2304.6s
[Worker] 尝试 k=9.606682 | 纯缩放 Scale=719.2094 | 全局 MSE=29803.2946 | 耗时=2304.8s
[Worker] 尝试 k=8.179802 | 纯缩放 Scale=578.3304 | 全局 MSE=14212.9926 | 耗时=2304.9s
[Worker] 尝试 k=9.832631 | 纯缩放 Scale=534.0165 | 全局 MSE=10295.0199 | 耗时=2305.2s
[Worker] 尝试 k=6.201195 | 纯缩放 Scale=317.8633 | 全局 MSE=37.4734 | 耗时=2305.7s
[Worker] 尝试 k=13.903294 | 纯缩放 Scale=275.9724 | 全局 MSE=438.6391 | 耗时=2305.8s
[Worker] 尝试 k=10.664249 | 纯缩放 Scale=345.2616 | 全局 MSE=157.6260 | 耗时=2306.1s
[Worker] 尝试 k=9.027399 | 纯缩放 Scale=742.9724 | 全局 MSE=34907.0945 | 耗时=2306.1s
[Worker] 尝试 k=7.566311 | 纯缩放 Scale=262.6404 | 全局 MSE=1003.0886 | 耗时=2306.8s
[Worker] 尝试 k=8.752808 | 纯缩放 Scale=372.6566 | 全局 MSE=341.0715 | 耗时=2307.0s
[Worker] 尝试 k=10.008950 | 纯缩放 Scale=221.0599 | 全局 MSE=2461.1588 | 耗时=2307.0s
[Worker] 尝试 k=8.264995 | 纯缩放 Scale=885.2443 | 全局 MSE=61293.1533 | 耗时=2307.0s
[Worker] 尝试 k=8.310248 | 纯缩放 Scale=225.2872 | 全局 MSE=2345.5433 | 耗时=2307.5s
[Worker] 尝试 k=7.026728 | 纯缩放 Scale=611.5371 | 全局 MSE=21020.6429 | 耗时=2307.8s
[Worker] 尝试 k=9.388695 | 纯缩放 Scale=739.7829 | 全局 MSE=39084.6233 | 耗时=2308.7s
[Worker] 尝试 k=8.908835 | 纯缩放 Scale=266.6577 | 全局 MSE=615.1637 | 耗时=2308.8s
[Worker] 尝试 k=12.556399 | 纯缩放 Scale=315.7338 | 全局 MSE=186.4383 | 耗时=2308.8s
[Worker] 尝试 k=14.959716 | 纯缩放 Scale=594.4679 | 全局 MSE=16654.3788 | 耗时=2309.0s
[Worker] 尝试 k=14.215355 | 纯缩放 Scale=340.1805 | 全局 MSE=101.0531 | 耗时=2309.2s
differential_evolution step 6: f(x)= 24.02568153438092
[Worker] 尝试 k=5.901975 | 纯缩放 Scale=455.3422 | 全局 MSE=5301.8845 | 耗时=1998.9s
[Worker] 尝试 k=11.983550 | 纯缩放 Scale=209.6527 | 全局 MSE=3483.5642 | 耗时=2029.4s
[Worker] 尝试 k=9.246606 | 纯缩放 Scale=255.1872 | 全局 MSE=1085.2002 | 耗时=2045.5s
[Worker] 尝试 k=9.235225 | 纯缩放 Scale=3404.3539 | 全局 MSE=2147293.6467 | 耗时=2063.0s
[Worker] 尝试 k=14.305297 | 纯缩放 Scale=323.2279 | 全局 MSE=62.7539 | 耗时=2074.1s
[Worker] 尝试 k=8.439846 | 纯缩放 Scale=462.0365 | 全局 MSE=4918.7409 | 耗时=2096.3s
[Worker] 尝试 k=10.531312 | 纯缩放 Scale=700.0698 | 全局 MSE=28087.5308 | 耗时=2116.6s
[Worker] 尝试 k=10.112245 | 纯缩放 Scale=366.5910 | 全局 MSE=628.6331 | 耗时=2119.6s
[Worker] 尝试 k=6.504825 | 纯缩放 Scale=1361.8150 | 全局 MSE=214414.7536 | 耗时=2120.0s
[Worker] 尝试 k=8.292083 | 纯缩放 Scale=549.9512 | 全局 MSE=13866.6757 | 耗时=2123.4s
[Worker] 尝试 k=6.835510 | 纯缩放 Scale=840.9232 | 全局 MSE=56357.7779 | 耗时=2132.1s
[Worker] 尝试 k=6.249476 | 纯缩放 Scale=865.0239 | 全局 MSE=70976.3901 | 耗时=2139.3s
[Worker] 尝试 k=9.935521 | 纯缩放 Scale=246.5774 | 全局 MSE=1296.4034 | 耗时=2146.0s
[Worker] 尝试 k=6.770023 | 纯缩放 Scale=1256.2505 | 全局 MSE=182546.8983 | 耗时=2147.2s
[Worker] 尝试 k=10.811484 | 纯缩放 Scale=890.8739 | 全局 MSE=63496.9513 | 耗时=2148.6s
[Worker] 尝试 k=8.354279 | 纯缩放 Scale=436.3064 | 全局 MSE=2388.8095 | 耗时=2150.5s
[Worker] 尝试 k=9.506546 | 纯缩放 Scale=454.9835 | 全局 MSE=3090.5023 | 耗时=2160.6s
[Worker] 尝试 k=9.060467 | 纯缩放 Scale=350.4787 | 全局 MSE=190.7949 | 耗时=2164.7s
[Worker] 尝试 k=14.348114 | 纯缩放 Scale=672.4902 | 全局 MSE=23749.6515 | 耗时=2170.2s
[Worker] 尝试 k=5.680042 | 纯缩放 Scale=251.4606 | 全局 MSE=1299.4836 | 耗时=2175.6s
[Worker] 尝试 k=12.204018 | 纯缩放 Scale=231.1532 | 全局 MSE=2282.6027 | 耗时=2182.2s
[Worker] 尝试 k=11.466453 | 纯缩放 Scale=515.0637 | 全局 MSE=8203.8142 | 耗时=2183.2s
[Worker] 尝试 k=9.754483 | 纯缩放 Scale=830.5305 | 全局 MSE=57750.3230 | 耗时=2183.8s
[Worker] 尝试 k=6.191789 | 纯缩放 Scale=1009.6284 | 全局 MSE=109496.7011 | 耗时=2186.6s
[Worker] 尝试 k=9.412281 | 纯缩放 Scale=408.6609 | 全局 MSE=1357.5873 | 耗时=2186.8s
[Worker] 尝试 k=5.187923 | 纯缩放 Scale=502.0744 | 全局 MSE=8581.2869 | 耗时=2187.3s
[Worker] 尝试 k=10.385035 | 纯缩放 Scale=886.4318 | 全局 MSE=64477.4499 | 耗时=2187.7s
[Worker] 尝试 k=11.411428 | 纯缩放 Scale=450.4330 | 全局 MSE=4238.5570 | 耗时=2189.3s
[Worker] 尝试 k=6.332229 | 纯缩放 Scale=267.4072 | 全局 MSE=712.0020 | 耗时=2189.5s
[Worker] 尝试 k=9.034907 | 纯缩放 Scale=207.3872 | 全局 MSE=2541.8559 | 耗时=2195.9s
[Worker] 尝试 k=11.054376 | 纯缩放 Scale=583.2981 | 全局 MSE=16009.0019 | 耗时=2196.6s
[Worker] 尝试 k=7.349233 | 纯缩放 Scale=883.1313 | 全局 MSE=69095.3310 | 耗时=2197.4s
[Worker] 尝试 k=5.891686 | 纯缩放 Scale=425.2702 | 全局 MSE=2434.7358 | 耗时=2198.2s
[Worker] 尝试 k=5.577247 | 纯缩放 Scale=281.2030 | 全局 MSE=556.4845 | 耗时=2199.5s
[Worker] 尝试 k=9.151872 | 纯缩放 Scale=173.4824 | 全局 MSE=4795.8008 | 耗时=2201.2s
[Worker] 尝试 k=9.063502 | 纯缩放 Scale=362.4007 | 全局 MSE=333.6292 | 耗时=2201.6s
[Worker] 尝试 k=5.829196 | 纯缩放 Scale=425.6531 | 全局 MSE=3103.4987 | 耗时=2202.1s
[Worker] 尝试 k=11.161283 | 纯缩放 Scale=219.5498 | 全局 MSE=2089.2766 | 耗时=2202.5s
[Worker] 尝试 k=12.448197 | 纯缩放 Scale=1331.7449 | 全局 MSE=201216.7880 | 耗时=2204.3s
[Worker] 尝试 k=6.202295 | 纯缩放 Scale=447.9644 | 全局 MSE=3081.7453 | 耗时=2204.8s
[Worker] 尝试 k=9.780306 | 纯缩放 Scale=187.2502 | 全局 MSE=3715.7921 | 耗时=2205.1s
[Worker] 尝试 k=7.011972 | 纯缩放 Scale=448.7633 | 全局 MSE=3326.3300 | 耗时=2205.2s
[Worker] 尝试 k=14.811405 | 纯缩放 Scale=4257.8931 | 全局 MSE=3203997.7892 | 耗时=2208.1s
[Worker] 尝试 k=6.227593 | 纯缩放 Scale=794.8102 | 全局 MSE=46816.7059 | 耗时=2212.1s
[Worker] 尝试 k=5.787927 | 纯缩放 Scale=335.3777 | 全局 MSE=151.0788 | 耗时=2214.1s
[Worker] 尝试 k=9.495021 | 纯缩放 Scale=659.6233 | 全局 MSE=27279.9505 | 耗时=2215.8s
[Worker] 尝试 k=5.665996 | 纯缩放 Scale=282.7336 | 全局 MSE=427.4525 | 耗时=2217.4s
[Worker] 尝试 k=11.093577 | 纯缩放 Scale=2089.3712 | 全局 MSE=666423.6397 | 耗时=2217.9s
[Worker] 尝试 k=7.454859 | 纯缩放 Scale=1745.8487 | 全局 MSE=476425.0223 | 耗时=2218.3s
[Worker] 尝试 k=9.350858 | 纯缩放 Scale=298.2882 | 全局 MSE=183.9722 | 耗时=2220.0s
[Worker] 尝试 k=7.679534 | 纯缩放 Scale=435.9080 | 全局 MSE=2948.9550 | 耗时=2221.7s
[Worker] 尝试 k=8.214455 | 纯缩放 Scale=1051.5979 | 全局 MSE=104457.3373 | 耗时=2222.8s
[Worker] 尝试 k=10.476397 | 纯缩放 Scale=314.7777 | 全局 MSE=125.9350 | 耗时=2224.4s
[Worker] 尝试 k=11.328105 | 纯缩放 Scale=222.4909 | 全局 MSE=1895.5257 | 耗时=2224.7s
[Worker] 尝试 k=5.982233 | 纯缩放 Scale=652.0645 | 全局 MSE=24594.8553 | 耗时=2226.0s
[Worker] 尝试 k=14.527468 | 纯缩放 Scale=305.3190 | 全局 MSE=392.0281 | 耗时=2227.9s
[Worker] 尝试 k=12.174206 | 纯缩放 Scale=593.1718 | 全局 MSE=13807.2538 | 耗时=2228.9s
[Worker] 尝试 k=9.342680 | 纯缩放 Scale=1287.6682 | 全局 MSE=184278.4044 | 耗时=2229.3s
[Worker] 尝试 k=7.227440 | 纯缩放 Scale=479.4906 | 全局 MSE=5401.8776 | 耗时=2230.7s
[Worker] 尝试 k=7.874553 | 纯缩放 Scale=242.1647 | 全局 MSE=1257.6149 | 耗时=2231.7s
[Worker] 尝试 k=7.060406 | 纯缩放 Scale=495.5111 | 全局 MSE=5496.2330 | 耗时=2235.3s
[Worker] 尝试 k=5.628937 | 纯缩放 Scale=270.9941 | 全局 MSE=540.6343 | 耗时=2236.6s
[Worker] 尝试 k=9.724553 | 纯缩放 Scale=273.7544 | 全局 MSE=434.9634 | 耗时=2236.6s
[Worker] 尝试 k=7.877572 | 纯缩放 Scale=573.9803 | 全局 MSE=13979.5179 | 耗时=2238.3s
[Worker] 尝试 k=6.214976 | 纯缩放 Scale=720.1257 | 全局 MSE=35073.1378 | 耗时=2238.6s
[Worker] 尝试 k=6.569727 | 纯缩放 Scale=463.0137 | 全局 MSE=5363.4493 | 耗时=2239.8s
[Worker] 尝试 k=7.430892 | 纯缩放 Scale=497.3750 | 全局 MSE=5372.2775 | 耗时=2242.3s
[Worker] 尝试 k=8.233283 | 纯缩放 Scale=149.6623 | 全局 MSE=6572.6290 | 耗时=2242.7s
[Worker] 尝试 k=11.259145 | 纯缩放 Scale=553.5060 | 全局 MSE=12590.3752 | 耗时=2243.2s
[Worker] 尝试 k=12.044940 | 纯缩放 Scale=448.4721 | 全局 MSE=3854.4470 | 耗时=2243.3s
[Worker] 尝试 k=12.938201 | 纯缩放 Scale=858.8650 | 全局 MSE=55196.9637 | 耗时=2243.5s
[Worker] 尝试 k=10.788565 | 纯缩放 Scale=416.0564 | 全局 MSE=2194.2648 | 耗时=2243.8s
[Worker] 尝试 k=13.648503 | 纯缩放 Scale=8532.7810 | 全局 MSE=15237441.0572 | 耗时=2244.3s
[Worker] 尝试 k=12.184350 | 纯缩放 Scale=783.4471 | 全局 MSE=44413.0920 | 耗时=2245.4s
[Worker] 尝试 k=9.635130 | 纯缩放 Scale=874.9202 | 全局 MSE=68754.4869 | 耗时=2245.7s
[Worker] 尝试 k=14.050525 | 纯缩放 Scale=216.7815 | 全局 MSE=2917.6540 | 耗时=2246.3s
[Worker] 尝试 k=5.926528 | 纯缩放 Scale=756.2294 | 全局 MSE=40812.0804 | 耗时=2246.9s
[Worker] 尝试 k=14.893418 | 纯缩放 Scale=602.9297 | 全局 MSE=16867.5287 | 耗时=2247.9s
[Worker] 尝试 k=6.252522 | 纯缩放 Scale=291.9163 | 全局 MSE=522.4073 | 耗时=2248.7s
[Worker] 尝试 k=14.660580 | 纯缩放 Scale=229.4324 | 全局 MSE=2052.4604 | 耗时=2248.8s
[Worker] 尝试 k=7.796779 | 纯缩放 Scale=11331.1707 | 全局 MSE=25942505.8314 | 耗时=2248.9s
[Worker] 尝试 k=9.879320 | 纯缩放 Scale=280.1014 | 全局 MSE=838.6863 | 耗时=2249.4s
[Worker] 尝试 k=14.925146 | 纯缩放 Scale=1130.9181 | 全局 MSE=139326.7661 | 耗时=2250.1s
[Worker] 尝试 k=14.511360 | 纯缩放 Scale=651.9994 | 全局 MSE=21208.7204 | 耗时=2250.4s
[Worker] 尝试 k=12.886953 | 纯缩放 Scale=269.1341 | 全局 MSE=673.4515 | 耗时=2252.6s
[Worker] 尝试 k=11.387915 | 纯缩放 Scale=545.5824 | 全局 MSE=10087.1903 | 耗时=2253.4s
[Worker] 尝试 k=5.880015 | 纯缩放 Scale=918.5393 | 全局 MSE=74244.7381 | 耗时=2254.0s
[Worker] 尝试 k=14.089045 | 纯缩放 Scale=407.1520 | 全局 MSE=1070.4760 | 耗时=2254.0s
[Worker] 尝试 k=11.860574 | 纯缩放 Scale=1187.6216 | 全局 MSE=151527.5555 | 耗时=2254.3s
[Worker] 尝试 k=6.560145 | 纯缩放 Scale=477.2025 | 全局 MSE=5282.3215 | 耗时=2255.0s
[Worker] 尝试 k=13.844277 | 纯缩放 Scale=514.5540 | 全局 MSE=6465.8337 | 耗时=2255.3s
[Worker] 尝试 k=5.301382 | 纯缩放 Scale=458.9151 | 全局 MSE=3782.7015 | 耗时=2255.4s
[Worker] 尝试 k=7.838346 | 纯缩放 Scale=1255.0735 | 全局 MSE=193398.7620 | 耗时=2255.3s
[Worker] 尝试 k=7.767201 | 纯缩放 Scale=547.7764 | 全局 MSE=10363.6929 | 耗时=2255.4s
[Worker] 尝试 k=13.211198 | 纯缩放 Scale=319.3668 | 全局 MSE=86.5511 | 耗时=2255.6s
[Worker] 尝试 k=11.013191 | 纯缩放 Scale=388.7830 | 全局 MSE=801.0771 | 耗时=2255.8s
[Worker] 尝试 k=10.201105 | 纯缩放 Scale=295.3877 | 全局 MSE=310.6559 | 耗时=2256.0s
[Worker] 尝试 k=11.980203 | 纯缩放 Scale=552.4100 | 全局 MSE=11263.0025 | 耗时=2256.4s
[Worker] 尝试 k=6.404311 | 纯缩放 Scale=392.4702 | 全局 MSE=1306.5993 | 耗时=2256.4s
[Worker] 尝试 k=12.608977 | 纯缩放 Scale=303.7993 | 全局 MSE=320.3748 | 耗时=2256.9s
[Worker] 尝试 k=7.756650 | 纯缩放 Scale=177.7791 | 全局 MSE=4258.5614 | 耗时=2257.3s
[Worker] 尝试 k=7.612260 | 纯缩放 Scale=339.2922 | 全局 MSE=333.0820 | 耗时=2257.9s
[Worker] 尝试 k=13.166311 | 纯缩放 Scale=397.7925 | 全局 MSE=828.3436 | 耗时=2259.4s
[Worker] 尝试 k=10.976528 | 纯缩放 Scale=289.2112 | 全局 MSE=306.3553 | 耗时=2263.7s
[Worker] 尝试 k=11.006158 | 纯缩放 Scale=501.3423 | 全局 MSE=6955.1963 | 耗时=2263.8s
[Worker] 尝试 k=5.375691 | 纯缩放 Scale=242.6521 | 全局 MSE=1548.8701 | 耗时=2264.2s
[Worker] 尝试 k=6.137345 | 纯缩放 Scale=534.0725 | 全局 MSE=9595.5125 | 耗时=2264.5s
[Worker] 尝试 k=5.642085 | 纯缩放 Scale=604.8106 | 全局 MSE=17905.2794 | 耗时=2264.6s
[Worker] 尝试 k=6.724547 | 纯缩放 Scale=468.2164 | 全局 MSE=5216.3189 | 耗时=2265.4s
[Worker] 尝试 k=5.797596 | 纯缩放 Scale=704.8222 | 全局 MSE=28107.7957 | 耗时=2267.1s
[Worker] 尝试 k=10.421674 | 纯缩放 Scale=1198.9430 | 全局 MSE=175792.6408 | 耗时=2268.2s
[Worker] 尝试 k=9.996507 | 纯缩放 Scale=412.1049 | 全局 MSE=1462.4627 | 耗时=2268.3s
[Worker] 尝试 k=11.404352 | 纯缩放 Scale=516.4966 | 全局 MSE=6644.7301 | 耗时=2268.4s
[Worker] 尝试 k=6.126229 | 纯缩放 Scale=579.0534 | 全局 MSE=12204.0817 | 耗时=2269.7s
[Worker] 尝试 k=9.715716 | 纯缩放 Scale=376.3443 | 全局 MSE=554.1237 | 耗时=2270.2s
[Worker] 尝试 k=13.145874 | 纯缩放 Scale=933.7670 | 全局 MSE=74919.0930 | 耗时=2270.4s
[Worker] 尝试 k=10.163732 | 纯缩放 Scale=716.0030 | 全局 MSE=32981.0906 | 耗时=2270.7s
[Worker] 尝试 k=7.231519 | 纯缩放 Scale=750.7285 | 全局 MSE=41332.6461 | 耗时=2271.4s
[Worker] 尝试 k=8.936317 | 纯缩放 Scale=860.0514 | 全局 MSE=68976.2202 | 耗时=2271.6s
[Worker] 尝试 k=9.423730 | 纯缩放 Scale=882.2645 | 全局 MSE=65183.4144 | 耗时=2272.3s
[Worker] 尝试 k=7.975825 | 纯缩放 Scale=218.3106 | 全局 MSE=2345.8960 | 耗时=2273.5s
[Worker] 尝试 k=8.939879 | 纯缩放 Scale=1156.6490 | 全局 MSE=151577.2716 | 耗时=2273.9s
[Worker] 尝试 k=8.450086 | 纯缩放 Scale=896.4043 | 全局 MSE=73510.3411 | 耗时=2274.4s
[Worker] 尝试 k=5.633768 | 纯缩放 Scale=1500.2048 | 全局 MSE=293541.0821 | 耗时=2275.1s
[Worker] 尝试 k=9.173610 | 纯缩放 Scale=215.0594 | 全局 MSE=3144.5659 | 耗时=2275.2s
[Worker] 尝试 k=10.551781 | 纯缩放 Scale=370.8648 | 全局 MSE=636.7238 | 耗时=2275.9s
[Worker] 尝试 k=11.148346 | 纯缩放 Scale=443.5701 | 全局 MSE=2968.9093 | 耗时=2276.1s
[Worker] 尝试 k=14.252869 | 纯缩放 Scale=410.7888 | 全局 MSE=1905.1702 | 耗时=2276.2s
[Worker] 尝试 k=6.939501 | 纯缩放 Scale=469.4749 | 全局 MSE=6400.8304 | 耗时=2276.3s
[Worker] 尝试 k=7.576889 | 纯缩放 Scale=612.9709 | 全局 MSE=18632.7039 | 耗时=2276.4s
[Worker] 尝试 k=9.955564 | 纯缩放 Scale=300.1040 | 全局 MSE=194.0243 | 耗时=2277.1s
[Worker] 尝试 k=11.878417 | 纯缩放 Scale=1728.2295 | 全局 MSE=404982.0757 | 耗时=2277.6s
[Worker] 尝试 k=9.842690 | 纯缩放 Scale=561.1152 | 全局 MSE=12546.1939 | 耗时=2277.8s
[Worker] 尝试 k=7.483404 | 纯缩放 Scale=349.5311 | 全局 MSE=207.1367 | 耗时=2277.9s
[Worker] 尝试 k=9.253136 | 纯缩放 Scale=1440.0250 | 全局 MSE=239613.4011 | 耗时=2278.4s
[Worker] 尝试 k=7.587655 | 纯缩放 Scale=388.6546 | 全局 MSE=704.6194 | 耗时=2278.5s
[Worker] 尝试 k=7.779875 | 纯缩放 Scale=410.0261 | 全局 MSE=886.4362 | 耗时=2278.5s
[Worker] 尝试 k=11.469388 | 纯缩放 Scale=479.9910 | 全局 MSE=5203.2662 | 耗时=2278.6s
[Worker] 尝试 k=8.916958 | 纯缩放 Scale=453.3765 | 全局 MSE=3495.8958 | 耗时=2278.8s
[Worker] 尝试 k=8.596992 | 纯缩放 Scale=363.7060 | 全局 MSE=791.6573 | 耗时=2279.0s
[Worker] 尝试 k=11.351204 | 纯缩放 Scale=308.5905 | 全局 MSE=369.5478 | 耗时=2279.1s
[Worker] 尝试 k=8.942577 | 纯缩放 Scale=245.8927 | 全局 MSE=1225.9091 | 耗时=2280.7s
[Worker] 尝试 k=6.604401 | 纯缩放 Scale=932.0433 | 全局 MSE=89217.3069 | 耗时=2281.2s
[Worker] 尝试 k=12.443198 | 纯缩放 Scale=409.2124 | 全局 MSE=1020.2358 | 耗时=2282.0s
[Worker] 尝试 k=12.679961 | 纯缩放 Scale=1135.8177 | 全局 MSE=136582.6447 | 耗时=2282.0s
[Worker] 尝试 k=9.090224 | 纯缩放 Scale=854.2180 | 全局 MSE=63855.8266 | 耗时=2282.5s
[Worker] 尝试 k=13.575400 | 纯缩放 Scale=1438.9228 | 全局 MSE=292296.2695 | 耗时=2282.7s
[Worker] 尝试 k=11.838588 | 纯缩放 Scale=579.5304 | 全局 MSE=15156.8186 | 耗时=2283.2s
[Worker] 尝试 k=11.318136 | 纯缩放 Scale=267.3968 | 全局 MSE=455.4949 | 耗时=2283.4s
[Worker] 尝试 k=14.342305 | 纯缩放 Scale=291.3481 | 全局 MSE=475.4371 | 耗时=2283.7s
[Worker] 尝试 k=14.518482 | 纯缩放 Scale=593.9719 | 全局 MSE=14747.1634 | 耗时=2283.9s
[Worker] 尝试 k=5.872115 | 纯缩放 Scale=665.3798 | 全局 MSE=25154.3417 | 耗时=2284.2s
[Worker] 尝试 k=9.718099 | 纯缩放 Scale=573.4932 | 全局 MSE=15571.5078 | 耗时=2284.9s
[Worker] 尝试 k=12.957396 | 纯缩放 Scale=1155.9242 | 全局 MSE=140043.1380 | 耗时=2285.7s
[Worker] 尝试 k=11.617422 | 纯缩放 Scale=194.3664 | 全局 MSE=3793.7553 | 耗时=2286.1s
[Worker] 尝试 k=6.383681 | 纯缩放 Scale=576.1496 | 全局 MSE=12959.6127 | 耗时=2286.1s
[Worker] 尝试 k=8.265164 | 纯缩放 Scale=877.1225 | 全局 MSE=69901.4547 | 耗时=2286.1s
[Worker] 尝试 k=12.368332 | 纯缩放 Scale=271.9536 | 全局 MSE=598.3538 | 耗时=2286.4s
[Worker] 尝试 k=10.155459 | 纯缩放 Scale=204.5502 | 全局 MSE=3507.6178 | 耗时=2286.5s
[Worker] 尝试 k=8.946415 | 纯缩放 Scale=210.0172 | 全局 MSE=3163.8205 | 耗时=2286.7s
[Worker] 尝试 k=11.565419 | 纯缩放 Scale=575.7792 | 全局 MSE=10801.6024 | 耗时=2287.1s
[Worker] 尝试 k=9.105294 | 纯缩放 Scale=526.5713 | 全局 MSE=7738.0697 | 耗时=2287.2s
[Worker] 尝试 k=8.184934 | 纯缩放 Scale=915.5771 | 全局 MSE=81066.0388 | 耗时=2287.3s
[Worker] 尝试 k=12.515010 | 纯缩放 Scale=274.0650 | 全局 MSE=536.8355 | 耗时=2288.6s
[Worker] 尝试 k=7.523430 | 纯缩放 Scale=501.3452 | 全局 MSE=8756.9482 | 耗时=2288.9s
[Worker] 尝试 k=14.354756 | 纯缩放 Scale=322.7651 | 全局 MSE=59.8970 | 耗时=2289.0s
[Worker] 尝试 k=7.702773 | 纯缩放 Scale=404.4321 | 全局 MSE=828.6479 | 耗时=2289.5s
[Worker] 尝试 k=6.122173 | 纯缩放 Scale=746.4812 | 全局 MSE=39512.7927 | 耗时=2289.6s[Worker] 尝试 k=9.904819 | 纯缩放 Scale=417.5831 | 全局 MSE=2369.7518 | 耗时=2289.6s

[Worker] 尝试 k=14.604474 | 纯缩放 Scale=982.1279 | 全局 MSE=89345.6362 | 耗时=2289.7s
[Worker] 尝试 k=11.155596 | 纯缩放 Scale=392.3658 | 全局 MSE=1045.5722 | 耗时=2289.8s
[Worker] 尝试 k=5.679934 | 纯缩放 Scale=315.6466 | 全局 MSE=80.3575 | 耗时=2290.3s
[Worker] 尝试 k=10.101124 | 纯缩放 Scale=371.7604 | 全局 MSE=264.9513 | 耗时=2290.4s
[Worker] 尝试 k=9.792488 | 纯缩放 Scale=351.3396 | 全局 MSE=227.2976 | 耗时=2291.0s
[Worker] 尝试 k=8.582224 | 纯缩放 Scale=244.8614 | 全局 MSE=1797.5000 | 耗时=2291.4s
[Worker] 尝试 k=7.903553 | 纯缩放 Scale=700.8106 | 全局 MSE=33808.6815 | 耗时=2292.1s
[Worker] 尝试 k=11.917821 | 纯缩放 Scale=212.6133 | 全局 MSE=2819.3637 | 耗时=2292.2s
[Worker] 尝试 k=9.120959 | 纯缩放 Scale=231.2829 | 全局 MSE=1494.9462 | 耗时=2292.2s
[Worker] 尝试 k=5.854540 | 纯缩放 Scale=291.0360 | 全局 MSE=362.7509 | 耗时=2292.3s
[Worker] 尝试 k=12.065191 | 纯缩放 Scale=621.1702 | 全局 MSE=15832.8567 | 耗时=2292.5s
[Worker] 尝试 k=5.103096 | 纯缩放 Scale=559.5152 | 全局 MSE=11353.2249 | 耗时=2292.8s
[Worker] 尝试 k=13.038353 | 纯缩放 Scale=705.6997 | 全局 MSE=29629.9589 | 耗时=2293.2s
[Worker] 尝试 k=14.104379 | 纯缩放 Scale=317.9594 | 全局 MSE=74.5827 | 耗时=2293.3s
[Worker] 尝试 k=7.747841 | 纯缩放 Scale=724.4970 | 全局 MSE=36952.1781 | 耗时=2293.6s[Worker] 尝试 k=10.945175 | 纯缩放 Scale=652.1386 | 全局 MSE=24135.6891 | 耗时=2293.6s

[Worker] 尝试 k=10.736396 | 纯缩放 Scale=268.8190 | 全局 MSE=789.9410 | 耗时=2293.9s
[Worker] 尝试 k=7.956519 | 纯缩放 Scale=928.2051 | 全局 MSE=76194.7677 | 耗时=2294.0s
[Worker] 尝试 k=8.349000 | 纯缩放 Scale=355.1688 | 全局 MSE=344.2245 | 耗时=2294.2s
[Worker] 尝试 k=12.348911 | 纯缩放 Scale=455.9591 | 全局 MSE=3559.1712 | 耗时=2294.2s
[Worker] 尝试 k=11.060670 | 纯缩放 Scale=338.5775 | 全局 MSE=173.3152 | 耗时=2294.3s
[Worker] 尝试 k=7.769249 | 纯缩放 Scale=575.8801 | 全局 MSE=13988.0484 | 耗时=2294.5s
[Worker] 尝试 k=5.239708 | 纯缩放 Scale=233.7426 | 全局 MSE=1784.9846 | 耗时=2295.9s
[Worker] 尝试 k=11.950229 | 纯缩放 Scale=1919.8712 | 全局 MSE=566235.8124 | 耗时=2296.5s
[Worker] 尝试 k=10.200429 | 纯缩放 Scale=534.2272 | 全局 MSE=9786.1704 | 耗时=2296.6s
[Worker] 尝试 k=12.182177 | 纯缩放 Scale=363.1044 | 全局 MSE=743.0741 | 耗时=2296.7s
[Worker] 尝试 k=14.664307 | 纯缩放 Scale=446.5022 | 全局 MSE=2782.9071 | 耗时=2296.8s
[Worker] 尝试 k=13.126550 | 纯缩放 Scale=417.6012 | 全局 MSE=1301.1009 | 耗时=2296.9s
[Worker] 尝试 k=7.550444 | 纯缩放 Scale=522.9047 | 全局 MSE=7951.4125 | 耗时=2298.6s
[Worker] 尝试 k=10.340787 | 纯缩放 Scale=348.0219 | 全局 MSE=138.1512 | 耗时=2298.7s
[Worker] 尝试 k=13.275832 | 纯缩放 Scale=319.6245 | 全局 MSE=132.9037 | 耗时=2298.9s
[Worker] 尝试 k=5.808763 | 纯缩放 Scale=493.1494 | 全局 MSE=5979.2567 | 耗时=2299.5s
[Worker] 尝试 k=8.094797 | 纯缩放 Scale=371.8102 | 全局 MSE=429.7154 | 耗时=2299.6s
[Worker] 尝试 k=10.010730 | 纯缩放 Scale=307.2653 | 全局 MSE=272.8896 | 耗时=2299.8s
[Worker] 尝试 k=11.247624 | 纯缩放 Scale=265.4299 | 全局 MSE=630.4230 | 耗时=2300.4s
[Worker] 尝试 k=8.788787 | 纯缩放 Scale=2302.5039 | 全局 MSE=879013.3665 | 耗时=2300.5s
[Worker] 尝试 k=11.453177 | 纯缩放 Scale=690.2037 | 全局 MSE=30078.5149 | 耗时=2301.1s
[Worker] 尝试 k=11.040916 | 纯缩放 Scale=1089.4871 | 全局 MSE=130305.4919 | 耗时=2301.7s
[Worker] 尝试 k=5.725665 | 纯缩放 Scale=266.3587 | 全局 MSE=416.1540 | 耗时=2301.7s
[Worker] 尝试 k=11.703364 | 纯缩放 Scale=538.6130 | 全局 MSE=7717.1536 | 耗时=2302.0s
[Worker] 尝试 k=6.575032 | 纯缩放 Scale=446.2765 | 全局 MSE=2712.6472 | 耗时=2302.1s
[Worker] 尝试 k=5.319293 | 纯缩放 Scale=397.0575 | 全局 MSE=2524.5649 | 耗时=2302.7s
[Worker] 尝试 k=8.439121 | 纯缩放 Scale=487.3868 | 全局 MSE=6135.2767 | 耗时=2303.1s
[Worker] 尝试 k=14.943375 | 纯缩放 Scale=975.1893 | 全局 MSE=80154.5223 | 耗时=2303.3s
[Worker] 尝试 k=14.288410 | 纯缩放 Scale=383.4826 | 全局 MSE=968.0446 | 耗时=2303.4s
[Worker] 尝试 k=12.112489 | 纯缩放 Scale=1023.0239 | 全局 MSE=109699.7121 | 耗时=2303.5s
[Worker] 尝试 k=13.620633 | 纯缩放 Scale=919.5477 | 全局 MSE=75857.9825 | 耗时=2303.6s
[Worker] 尝试 k=13.799483 | 纯缩放 Scale=267.4328 | 全局 MSE=617.2543 | 耗时=2304.0s
[Worker] 尝试 k=14.196638 | 纯缩放 Scale=1622.6180 | 全局 MSE=337008.0093 | 耗时=2304.4s
[Worker] 尝试 k=11.600334 | 纯缩放 Scale=253.7109 | 全局 MSE=832.6722 | 耗时=2304.7s
[Worker] 尝试 k=12.068359 | 纯缩放 Scale=251.3859 | 全局 MSE=871.7285 | 耗时=2304.8s
[Worker] 尝试 k=8.126613 | 纯缩放 Scale=435.7789 | 全局 MSE=2767.1748 | 耗时=2304.9s
[Worker] 尝试 k=9.588802 | 纯缩放 Scale=404.1732 | 全局 MSE=2257.9065 | 耗时=2305.3s
[Worker] 尝试 k=12.284306 | 纯缩放 Scale=414.1967 | 全局 MSE=1390.5708 | 耗时=2305.6s
[Worker] 尝试 k=12.839455 | 纯缩放 Scale=522.1164 | 全局 MSE=8435.6403 | 耗时=2305.8s
[Worker] 尝试 k=14.418391 | 纯缩放 Scale=896.6888 | 全局 MSE=58320.1195 | 耗时=2306.0s
[Worker] 尝试 k=10.783688 | 纯缩放 Scale=898.4124 | 全局 MSE=80119.4745 | 耗时=2306.0s
[Worker] 尝试 k=6.160605 | 纯缩放 Scale=373.6751 | 全局 MSE=986.2082 | 耗时=2306.7s
[Worker] 尝试 k=8.054929 | 纯缩放 Scale=3607.0519 | 全局 MSE=2215035.9001 | 耗时=2307.0s
[Worker] 尝试 k=13.084954 | 纯缩放 Scale=1220.2086 | 全局 MSE=165787.4192 | 耗时=2307.2s
[Worker] 尝试 k=5.902013 | 纯缩放 Scale=1406.1398 | 全局 MSE=251555.1631 | 耗时=2307.5s
[Worker] 尝试 k=9.410227 | 纯缩放 Scale=414.1158 | 全局 MSE=2174.6242 | 耗时=2307.5s
[Worker] 尝试 k=7.585320 | 纯缩放 Scale=359.2436 | 全局 MSE=355.3600 | 耗时=2307.5s
[Worker] 尝试 k=9.656388 | 纯缩放 Scale=1058.1755 | 全局 MSE=112379.3018 | 耗时=2307.9s
[Worker] 尝试 k=8.618938 | 纯缩放 Scale=591.0461 | 全局 MSE=15171.0579 | 耗时=2308.1s
[Worker] 尝试 k=11.640812 | 纯缩放 Scale=265.5207 | 全局 MSE=938.0842 | 耗时=2308.1s
[Worker] 尝试 k=8.339092 | 纯缩放 Scale=288.6648 | 全局 MSE=378.7915 | 耗时=2308.2s
[Worker] 尝试 k=12.179369 | 纯缩放 Scale=410.8176 | 全局 MSE=1681.6971 | 耗时=2308.2s
[Worker] 尝试 k=9.345410 | 纯缩放 Scale=409.0372 | 全局 MSE=1372.6240 | 耗时=2308.2s
[Worker] 尝试 k=5.870189 | 纯缩放 Scale=670.2621 | 全局 MSE=27853.3661 | 耗时=2308.5s
[Worker] 尝试 k=7.122264 | 纯缩放 Scale=280.7618 | 全局 MSE=364.1144 | 耗时=2308.7s
[Worker] 尝试 k=8.596150 | 纯缩放 Scale=192.6841 | 全局 MSE=3940.6781 | 耗时=2308.9s
[Worker] 尝试 k=5.163486 | 纯缩放 Scale=386.1496 | 全局 MSE=1490.4392 | 耗时=2309.2s
[Worker] 尝试 k=11.853862 | 纯缩放 Scale=365.8839 | 全局 MSE=232.8479 | 耗时=2309.3s
[Worker] 尝试 k=6.673733 | 纯缩放 Scale=319.7819 | 全局 MSE=80.3847 | 耗时=2309.6s
[Worker] 尝试 k=7.728357 | 纯缩放 Scale=446.0716 | 全局 MSE=3508.0794 | 耗时=2310.5s
[Worker] 尝试 k=11.282081 | 纯缩放 Scale=668.4093 | 全局 MSE=26699.9167 | 耗时=2310.7s
[Worker] 尝试 k=7.809803 | 纯缩放 Scale=1051.6813 | 全局 MSE=106614.4781 | 耗时=2310.9s
[Worker] 尝试 k=14.265619 | 纯缩放 Scale=942.5283 | 全局 MSE=87376.2597 | 耗时=2311.0s
[Worker] 尝试 k=8.214020 | 纯缩放 Scale=356.3653 | 全局 MSE=361.0137 | 耗时=2311.0s
[Worker] 尝试 k=12.834337 | 纯缩放 Scale=589.8823 | 全局 MSE=15911.4460 | 耗时=2311.1s
differential_evolution step 7: f(x)= 24.02568153438092
[Worker] 尝试 k=5.585032 | 纯缩放 Scale=212.6016 | 全局 MSE=2760.1854 | 耗时=2045.7s
[Worker] 尝试 k=14.301348 | 纯缩放 Scale=580.2705 | 全局 MSE=12206.0538 | 耗时=2100.8s
[Worker] 尝试 k=8.999105 | 纯缩放 Scale=846.1243 | 全局 MSE=56140.7371 | 耗时=2104.9s
[Worker] 尝试 k=9.005472 | 纯缩放 Scale=283.1161 | 全局 MSE=390.4193 | 耗时=2110.2s
[Worker] 尝试 k=11.297934 | 纯缩放 Scale=404.7104 | 全局 MSE=1595.7971 | 耗时=2147.8s
[Worker] 尝试 k=10.091264 | 纯缩放 Scale=927.2692 | 全局 MSE=88178.5622 | 耗时=2149.8s
[Worker] 尝试 k=11.471518 | 纯缩放 Scale=616.7197 | 全局 MSE=15271.2497 | 耗时=2155.6s
[Worker] 尝试 k=12.378910 | 纯缩放 Scale=245.3667 | 全局 MSE=1268.3323 | 耗时=2156.2s
[Worker] 尝试 k=10.151493 | 纯缩放 Scale=341.8304 | 全局 MSE=125.9521 | 耗时=2167.9s
[Worker] 尝试 k=6.278967 | 纯缩放 Scale=494.8173 | 全局 MSE=7359.5295 | 耗时=2169.2s
[Worker] 尝试 k=6.740755 | 纯缩放 Scale=713.4785 | 全局 MSE=37142.5018 | 耗时=2173.3s
[Worker] 尝试 k=6.620448 | 纯缩放 Scale=526.1293 | 全局 MSE=8501.5774 | 耗时=2173.5s
[Worker] 尝试 k=8.571603 | 纯缩放 Scale=342.0402 | 全局 MSE=201.5379 | 耗时=2174.6s
[Worker] 尝试 k=5.224974 | 纯缩放 Scale=532.6288 | 全局 MSE=12137.5506 | 耗时=2175.1s
[Worker] 尝试 k=9.258192 | 纯缩放 Scale=299.6532 | 全局 MSE=211.4239 | 耗时=2177.0s
[Worker] 尝试 k=13.075560 | 纯缩放 Scale=625.8086 | 全局 MSE=22024.6295 | 耗时=2178.0s
[Worker] 尝试 k=11.385961 | 纯缩放 Scale=462.5161 | 全局 MSE=3909.8937 | 耗时=2179.2s
[Worker] 尝试 k=9.463091 | 纯缩放 Scale=944.6433 | 全局 MSE=88464.7818 | 耗时=2180.0s
[Worker] 尝试 k=10.936337 | 纯缩放 Scale=499.4360 | 全局 MSE=6352.0050 | 耗时=2184.0s
[Worker] 尝试 k=10.972985 | 纯缩放 Scale=350.4535 | 全局 MSE=217.1427 | 耗时=2187.3s
[Worker] 尝试 k=6.492970 | 纯缩放 Scale=353.0643 | 全局 MSE=415.3689 | 耗时=2189.7s
[Worker] 尝试 k=14.354476 | 纯缩放 Scale=745.8973 | 全局 MSE=36004.5868 | 耗时=2190.8s
[Worker] 尝试 k=5.292182 | 纯缩放 Scale=845.3012 | 全局 MSE=62586.6890 | 耗时=2191.8s
[Worker] 尝试 k=11.281452 | 纯缩放 Scale=432.0823 | 全局 MSE=2605.0454 | 耗时=2191.9s
[Worker] 尝试 k=13.980427 | 纯缩放 Scale=1102.2808 | 全局 MSE=136359.1550 | 耗时=2197.1s
[Worker] 尝试 k=12.802014 | 纯缩放 Scale=269.8637 | 全局 MSE=847.7426 | 耗时=2198.0s
[Worker] 尝试 k=12.901287 | 纯缩放 Scale=306.4457 | 全局 MSE=216.6903 | 耗时=2198.0s
[Worker] 尝试 k=10.863767 | 纯缩放 Scale=711.1791 | 全局 MSE=26914.3648 | 耗时=2198.3s
[Worker] 尝试 k=12.155746 | 纯缩放 Scale=621.4124 | 全局 MSE=18265.4745 | 耗时=2198.8s
[Worker] 尝试 k=13.659729 | 纯缩放 Scale=481.1983 | 全局 MSE=5781.2414 | 耗时=2200.7s
[Worker] 尝试 k=5.729671 | 纯缩放 Scale=893.1169 | 全局 MSE=72599.6812 | 耗时=2200.8s
[Worker] 尝试 k=10.773746 | 纯缩放 Scale=466.6850 | 全局 MSE=4080.8470 | 耗时=2201.6s
[Worker] 尝试 k=12.964120 | 纯缩放 Scale=272.2138 | 全局 MSE=738.7240 | 耗时=2203.4s
[Worker] 尝试 k=7.342938 | 纯缩放 Scale=784.4327 | 全局 MSE=47549.4126 | 耗时=2205.0s
[Worker] 尝试 k=6.574625 | 纯缩放 Scale=663.4186 | 全局 MSE=29660.6647 | 耗时=2206.9s
[Worker] 尝试 k=9.141667 | 纯缩放 Scale=492.3117 | 全局 MSE=6843.1578 | 耗时=2207.6s
[Worker] 尝试 k=5.706726 | 纯缩放 Scale=390.6807 | 全局 MSE=1416.8797 | 耗时=2208.2s
[Worker] 尝试 k=10.087167 | 纯缩放 Scale=1642.8603 | 全局 MSE=406573.4507 | 耗时=2208.2s
[Worker] 尝试 k=7.726586 | 纯缩放 Scale=609.4369 | 全局 MSE=20626.4470 | 耗时=2208.7s
[Worker] 尝试 k=10.137854 | 纯缩放 Scale=646.0520 | 全局 MSE=19427.1253 | 耗时=2209.0s[Worker] 尝试 k=5.389103 | 纯缩放 Scale=331.7036 | 全局 MSE=53.5631 | 耗时=2209.1s

[Worker] 尝试 k=13.052029 | 纯缩放 Scale=1790.5605 | 全局 MSE=426928.8375 | 耗时=2209.7s
[Worker] 尝试 k=8.920943 | 纯缩放 Scale=555.8932 | 全局 MSE=14106.5761 | 耗时=2210.0s
[Worker] 尝试 k=9.902789 | 纯缩放 Scale=1107.5544 | 全局 MSE=134849.1302 | 耗时=2211.0s
[Worker] 尝试 k=5.975152 | 纯缩放 Scale=233.6267 | 全局 MSE=2092.1338 | 耗时=2212.1s
[Worker] 尝试 k=6.740435 | 纯缩放 Scale=985.2002 | 全局 MSE=103218.4634 | 耗时=2214.8s
[Worker] 尝试 k=10.385712 | 纯缩放 Scale=901.5608 | 全局 MSE=80055.2681 | 耗时=2215.4s
[Worker] 尝试 k=12.258504 | 纯缩放 Scale=345.6544 | 全局 MSE=129.8039 | 耗时=2216.6s
[Worker] 尝试 k=12.623637 | 纯缩放 Scale=462.5125 | 全局 MSE=4336.8808 | 耗时=2216.6s
[Worker] 尝试 k=14.974769 | 纯缩放 Scale=227.8029 | 全局 MSE=2598.0079 | 耗时=2216.7s
[Worker] 尝试 k=11.672573 | 纯缩放 Scale=365.4219 | 全局 MSE=241.0520 | 耗时=2217.4s
[Worker] 尝试 k=9.188293 | 纯缩放 Scale=543.6681 | 全局 MSE=12105.9527 | 耗时=2218.4s
[Worker] 尝试 k=6.951365 | 纯缩放 Scale=490.8711 | 全局 MSE=4956.1524 | 耗时=2219.7s
[Worker] 尝试 k=11.538182 | 纯缩放 Scale=306.7132 | 全局 MSE=40.4393 | 耗时=2222.7s
[Worker] 尝试 k=9.571188 | 纯缩放 Scale=342.9687 | 全局 MSE=144.3091 | 耗时=2223.5s
[Worker] 尝试 k=11.571104 | 纯缩放 Scale=707.7733 | 全局 MSE=28864.4299 | 耗时=2224.0s
[Worker] 尝试 k=7.596350 | 纯缩放 Scale=386.1512 | 全局 MSE=956.2585 | 耗时=2224.4s
[Worker] 尝试 k=8.841941 | 纯缩放 Scale=237.2620 | 全局 MSE=1407.4937 | 耗时=2224.7s
[Worker] 尝试 k=12.213979 | 纯缩放 Scale=483.8852 | 全局 MSE=6389.4899 | 耗时=2225.5s
[Worker] 尝试 k=8.957803 | 纯缩放 Scale=509.2404 | 全局 MSE=7305.7572 | 耗时=2226.7s
[Worker] 尝试 k=11.170634 | 纯缩放 Scale=517.5674 | 全局 MSE=7847.6608 | 耗时=2227.5s
[Worker] 尝试 k=7.354383 | 纯缩放 Scale=986.0273 | 全局 MSE=92935.7153 | 耗时=2228.0s
[Worker] 尝试 k=9.078587 | 纯缩放 Scale=206.3874 | 全局 MSE=3305.2631 | 耗时=2231.3s
[Worker] 尝试 k=12.008673 | 纯缩放 Scale=198.0145 | 全局 MSE=3972.5770 | 耗时=2232.1s
[Worker] 尝试 k=8.837033 | 纯缩放 Scale=205.0544 | 全局 MSE=2919.2424 | 耗时=2233.0s
[Worker] 尝试 k=6.255857 | 纯缩放 Scale=758.3036 | 全局 MSE=42071.7900 | 耗时=2233.4s
[Worker] 尝试 k=12.638822 | 纯缩放 Scale=309.9339 | 全局 MSE=115.2948 | 耗时=2233.5s
[Worker] 尝试 k=6.614556 | 纯缩放 Scale=742.8637 | 全局 MSE=40372.2939 | 耗时=2234.5s
[Worker] 尝试 k=14.963223 | 纯缩放 Scale=851.8299 | 全局 MSE=61059.7302 | 耗时=2234.9s
[Worker] 尝试 k=8.550260 | 纯缩放 Scale=269.8081 | 全局 MSE=638.1953 | 耗时=2237.8s
[Worker] 尝试 k=8.936792 | 纯缩放 Scale=226.9137 | 全局 MSE=1823.0856 | 耗时=2238.5s
[Worker] 尝试 k=11.304067 | 纯缩放 Scale=367.1273 | 全局 MSE=579.3731 | 耗时=2238.8s
[Worker] 尝试 k=8.980733 | 纯缩放 Scale=580.4019 | 全局 MSE=12083.3498 | 耗时=2239.2s
[Worker] 尝试 k=6.643827 | 纯缩放 Scale=549.5844 | 全局 MSE=12094.2552 | 耗时=2241.5s
[Worker] 尝试 k=9.266377 | 纯缩放 Scale=297.0692 | 全局 MSE=290.1482 | 耗时=2242.2s
[Worker] 尝试 k=12.982665 | 纯缩放 Scale=1028.8181 | 全局 MSE=99413.3993 | 耗时=2242.7s
[Worker] 尝试 k=9.570447 | 纯缩放 Scale=657.9708 | 全局 MSE=25835.0705 | 耗时=2243.1s
[Worker] 尝试 k=7.859680 | 纯缩放 Scale=221.1082 | 全局 MSE=2356.5749 | 耗时=2244.7s
[Worker] 尝试 k=7.376051 | 纯缩放 Scale=552.2353 | 全局 MSE=9821.9734 | 耗时=2247.4s
[Worker] 尝试 k=7.357707 | 纯缩放 Scale=9415.7722 | 全局 MSE=19595951.2643 | 耗时=2247.8s
[Worker] 尝试 k=14.765816 | 纯缩放 Scale=373.8245 | 全局 MSE=427.2910 | 耗时=2247.8s
[Worker] 尝试 k=8.926062 | 纯缩放 Scale=367.4071 | 全局 MSE=548.2148 | 耗时=2249.1s
[Worker] 尝试 k=11.156266 | 纯缩放 Scale=2891.3651 | 全局 MSE=1450433.4469 | 耗时=2249.3s
[Worker] 尝试 k=11.231440 | 纯缩放 Scale=232.8905 | 全局 MSE=1757.1998 | 耗时=2249.9s
[Worker] 尝试 k=12.861950 | 纯缩放 Scale=302.4955 | 全局 MSE=61.9245 | 耗时=2250.2s
[Worker] 尝试 k=12.136892 | 纯缩放 Scale=712.8054 | 全局 MSE=36006.4656 | 耗时=2250.2s
[Worker] 尝试 k=5.801465 | 纯缩放 Scale=493.0400 | 全局 MSE=7020.0817 | 耗时=2251.0s
[Worker] 尝试 k=9.058375 | 纯缩放 Scale=1130.3745 | 全局 MSE=136342.0166 | 耗时=2251.0s
[Worker] 尝试 k=6.049031 | 纯缩放 Scale=509.0469 | 全局 MSE=6812.1690 | 耗时=2251.4s
[Worker] 尝试 k=13.343907 | 纯缩放 Scale=380.6951 | 全局 MSE=688.7179 | 耗时=2251.6s
[Worker] 尝试 k=10.278264 | 纯缩放 Scale=498.6747 | 全局 MSE=7361.9321 | 耗时=2251.7s
[Worker] 尝试 k=6.115958 | 纯缩放 Scale=1393.6515 | 全局 MSE=249263.6076 | 耗时=2252.1s
[Worker] 尝试 k=9.453107 | 纯缩放 Scale=502.7874 | 全局 MSE=5339.2522 | 耗时=2252.5s
[Worker] 尝试 k=6.945178 | 纯缩放 Scale=586.7757 | 全局 MSE=16342.8629 | 耗时=2253.1s
[Worker] 尝试 k=9.326260 | 纯缩放 Scale=921.5658 | 全局 MSE=77330.3582 | 耗时=2254.3s
[Worker] 尝试 k=10.332767 | 纯缩放 Scale=431.2569 | 全局 MSE=2504.4250 | 耗时=2256.7s
[Worker] 尝试 k=10.185166 | 纯缩放 Scale=396.0404 | 全局 MSE=992.4918 | 耗时=2257.0s
[Worker] 尝试 k=10.866223 | 纯缩放 Scale=388.4735 | 全局 MSE=924.2986 | 耗时=2258.9s
[Worker] 尝试 k=5.349253 | 纯缩放 Scale=286.5576 | 全局 MSE=442.2866 | 耗时=2259.7s
[Worker] 尝试 k=9.464770 | 纯缩放 Scale=739.0655 | 全局 MSE=44863.2473 | 耗时=2260.6s
[Worker] 尝试 k=8.361686 | 纯缩放 Scale=660.1781 | 全局 MSE=25378.5250 | 耗时=2262.1s
[Worker] 尝试 k=10.241330 | 纯缩放 Scale=378.1298 | 全局 MSE=992.9276 | 耗时=2264.2s
[Worker] 尝试 k=11.971823 | 纯缩放 Scale=582.9377 | 全局 MSE=15339.0581 | 耗时=2264.6s
[Worker] 尝试 k=10.805678 | 纯缩放 Scale=214.9061 | 全局 MSE=2539.5048 | 耗时=2264.9s
[Worker] 尝试 k=10.089006 | 纯缩放 Scale=522.0511 | 全局 MSE=7164.1191 | 耗时=2265.2s[Worker] 尝试 k=12.066398 | 纯缩放 Scale=399.2944 | 全局 MSE=1329.4874 | 耗时=2265.3s
[Worker] 尝试 k=10.999427 | 纯缩放 Scale=3497.6154 | 全局 MSE=2068551.4308 | 耗时=2265.4s
[Worker] 尝试 k=5.244697 | 纯缩放 Scale=259.6879 | 全局 MSE=916.8392 | 耗时=2265.7s

[Worker] 尝试 k=7.210260 | 纯缩放 Scale=293.0829 | 全局 MSE=201.3734 | 耗时=2266.1s
[Worker] 尝试 k=10.226722 | 纯缩放 Scale=283.6411 | 全局 MSE=324.7126 | 耗时=2266.3s
[Worker] 尝试 k=11.259464 | 纯缩放 Scale=494.5432 | 全局 MSE=6710.3775 | 耗时=2267.2s
[Worker] 尝试 k=13.134562 | 纯缩放 Scale=1021.4978 | 全局 MSE=108995.0970 | 耗时=2267.5s
[Worker] 尝试 k=7.801579 | 纯缩放 Scale=240.6468 | 全局 MSE=1489.8359 | 耗时=2267.9s
[Worker] 尝试 k=9.032465 | 纯缩放 Scale=220.2089 | 全局 MSE=2353.5648 | 耗时=2268.2s
[Worker] 尝试 k=8.159144 | 纯缩放 Scale=365.7996 | 全局 MSE=637.8101 | 耗时=2268.7s
[Worker] 尝试 k=10.649890 | 纯缩放 Scale=269.7733 | 全局 MSE=785.5066 | 耗时=2268.7s
[Worker] 尝试 k=6.783755 | 纯缩放 Scale=2713.7370 | 全局 MSE=1315926.1775 | 耗时=2268.8s
[Worker] 尝试 k=5.391092 | 纯缩放 Scale=660.8522 | 全局 MSE=30385.8201 | 耗时=2269.4s
[Worker] 尝试 k=13.213010 | 纯缩放 Scale=481.8533 | 全局 MSE=5149.7560 | 耗时=2269.6s
[Worker] 尝试 k=10.788183 | 纯缩放 Scale=414.9924 | 全局 MSE=1542.1902 | 耗时=2269.7s
[Worker] 尝试 k=6.954499 | 纯缩放 Scale=663.3789 | 全局 MSE=26329.4678 | 耗时=2270.5s
[Worker] 尝试 k=13.504187 | 纯缩放 Scale=244.6174 | 全局 MSE=1388.4663 | 耗时=2272.1s
[Worker] 尝试 k=5.622061 | 纯缩放 Scale=231.5678 | 全局 MSE=1934.7868 | 耗时=2272.2s[Worker] 尝试 k=6.177081 | 纯缩放 Scale=411.3857 | 全局 MSE=1293.4088 | 耗时=2272.2s

[Worker] 尝试 k=5.449999 | 纯缩放 Scale=417.2930 | 全局 MSE=2500.4524 | 耗时=2272.7s
[Worker] 尝试 k=6.287436 | 纯缩放 Scale=890.0224 | 全局 MSE=69253.3734 | 耗时=2273.2s
[Worker] 尝试 k=11.165289 | 纯缩放 Scale=253.2887 | 全局 MSE=1041.1591 | 耗时=2273.3s
[Worker] 尝试 k=5.335930 | 纯缩放 Scale=271.7473 | 全局 MSE=804.1094 | 耗时=2274.2s
[Worker] 尝试 k=10.509168 | 纯缩放 Scale=738.8492 | 全局 MSE=30917.4473 | 耗时=2275.0s
[Worker] 尝试 k=10.965466 | 纯缩放 Scale=204.2883 | 全局 MSE=2957.1351 | 耗时=2275.2s
[Worker] 尝试 k=9.614073 | 纯缩放 Scale=387.9687 | 全局 MSE=1020.2719 | 耗时=2275.3s
[Worker] 尝试 k=13.825398 | 纯缩放 Scale=474.5493 | 全局 MSE=4260.4906 | 耗时=2275.7s
[Worker] 尝试 k=6.403547 | 纯缩放 Scale=888.4023 | 全局 MSE=70506.2298 | 耗时=2275.8s
[Worker] 尝试 k=7.434591 | 纯缩放 Scale=807.8137 | 全局 MSE=48976.6872 | 耗时=2275.8s
[Worker] 尝试 k=8.004625 | 纯缩放 Scale=221.9791 | 全局 MSE=1951.7272 | 耗时=2276.9s
[Worker] 尝试 k=11.607264 | 纯缩放 Scale=390.1663 | 全局 MSE=1124.5324 | 耗时=2276.9s
[Worker] 尝试 k=13.511360 | 纯缩放 Scale=409.5569 | 全局 MSE=1577.6985 | 耗时=2277.0s
[Worker] 尝试 k=5.429720 | 纯缩放 Scale=286.0525 | 全局 MSE=355.2070 | 耗时=2277.6s
[Worker] 尝试 k=6.505146 | 纯缩放 Scale=482.4986 | 全局 MSE=7187.2379 | 耗时=2277.9s
[Worker] 尝试 k=5.907919 | 纯缩放 Scale=785.7920 | 全局 MSE=48913.3155 | 耗时=2278.5s
[Worker] 尝试 k=7.327935 | 纯缩放 Scale=578.2469 | 全局 MSE=16184.1826 | 耗时=2278.5s
[Worker] 尝试 k=5.610936 | 纯缩放 Scale=716.2846 | 全局 MSE=37172.5441 | 耗时=2278.7s
[Worker] 尝试 k=6.834819 | 纯缩放 Scale=815.0459 | 全局 MSE=57119.6419 | 耗时=2279.0s
[Worker] 尝试 k=6.273243 | 纯缩放 Scale=448.5940 | 全局 MSE=3588.5410 | 耗时=2279.0s
[Worker] 尝试 k=13.903723 | 纯缩放 Scale=595.2847 | 全局 MSE=12072.8379 | 耗时=2279.1s
[Worker] 尝试 k=11.243265 | 纯缩放 Scale=1606.9030 | 全局 MSE=323879.3545 | 耗时=2279.6s
[Worker] 尝试 k=13.171764 | 纯缩放 Scale=621.2257 | 全局 MSE=21719.9143 | 耗时=2279.7s
[Worker] 尝试 k=5.420539 | 纯缩放 Scale=1396.7746 | 全局 MSE=260245.7964 | 耗时=2280.2s
[Worker] 尝试 k=5.583161 | 纯缩放 Scale=515.4234 | 全局 MSE=7398.4560 | 耗时=2280.4s
[Worker] 尝试 k=8.009616 | 纯缩放 Scale=419.9886 | 全局 MSE=1824.4966 | 耗时=2280.6s
[Worker] 尝试 k=9.144956 | 纯缩放 Scale=345.4674 | 全局 MSE=177.9417 | 耗时=2281.4s
[Worker] 尝试 k=5.049639 | 纯缩放 Scale=1832.0691 | 全局 MSE=515369.1351 | 耗时=2282.5s
[Worker] 尝试 k=6.408236 | 纯缩放 Scale=1330.2604 | 全局 MSE=227374.6693 | 耗时=2283.0s
[Worker] 尝试 k=14.639938 | 纯缩放 Scale=452.1914 | 全局 MSE=3014.0376 | 耗时=2283.0s
[Worker] 尝试 k=8.944684 | 纯缩放 Scale=325.4304 | 全局 MSE=44.8230 | 耗时=2283.3s
[Worker] 尝试 k=6.300518 | 纯缩放 Scale=300.8419 | 全局 MSE=94.0947 | 耗时=2283.6s
[Worker] 尝试 k=5.029002 | 纯缩放 Scale=368.8063 | 全局 MSE=363.6395 | 耗时=2283.9s
[Worker] 尝试 k=8.997720 | 纯缩放 Scale=2605.5977 | 全局 MSE=1116566.9534 | 耗时=2285.5s
[Worker] 尝试 k=12.459847 | 纯缩放 Scale=1177.9303 | 全局 MSE=139717.2581 | 耗时=2285.8s
[Worker] 尝试 k=8.490547 | 纯缩放 Scale=417.9006 | 全局 MSE=1743.9734 | 耗时=2286.1s
[Worker] 尝试 k=9.782246 | 纯缩放 Scale=298.7258 | 全局 MSE=136.4786 | 耗时=2286.6s
[Worker] 尝试 k=9.029346 | 纯缩放 Scale=595.2954 | 全局 MSE=17537.9768 | 耗时=2287.5s
[Worker] 尝试 k=10.077691 | 纯缩放 Scale=344.9923 | 全局 MSE=186.0244 | 耗时=2288.2s
[Worker] 尝试 k=14.059217 | 纯缩放 Scale=452.8650 | 全局 MSE=3025.8770 | 耗时=2288.2s
[Worker] 尝试 k=8.298929 | 纯缩放 Scale=457.8008 | 全局 MSE=4010.2057 | 耗时=2289.3s
[Worker] 尝试 k=8.483199 | 纯缩放 Scale=523.9224 | 全局 MSE=10085.1546 | 耗时=2289.7s
[Worker] 尝试 k=12.820096 | 纯缩放 Scale=607.9191 | 全局 MSE=18715.8705 | 耗时=2290.1s
[Worker] 尝试 k=11.359736 | 纯缩放 Scale=762.8954 | 全局 MSE=47147.6715 | 耗时=2290.3s
[Worker] 尝试 k=7.088238 | 纯缩放 Scale=439.9216 | 全局 MSE=1802.5778 | 耗时=2290.3s
[Worker] 尝试 k=5.416704 | 纯缩放 Scale=586.2214 | 全局 MSE=16498.6319 | 耗时=2291.3s
[Worker] 尝试 k=10.627535 | 纯缩放 Scale=1770.4587 | 全局 MSE=437342.7393 | 耗时=2291.5s
[Worker] 尝试 k=12.066547 | 纯缩放 Scale=885.9496 | 全局 MSE=70601.2305 | 耗时=2292.0s
[Worker] 尝试 k=11.647707 | 纯缩放 Scale=649.9618 | 全局 MSE=19932.0832 | 耗时=2292.5s
[Worker] 尝试 k=6.383048 | 纯缩放 Scale=614.3851 | 全局 MSE=18731.8372 | 耗时=2293.9s
[Worker] 尝试 k=10.906603 | 纯缩放 Scale=1557.3592 | 全局 MSE=316063.9623 | 耗时=2293.9s
[Worker] 尝试 k=13.106460 | 纯缩放 Scale=327.1207 | 全局 MSE=152.2937 | 耗时=2294.3s
[Worker] 尝试 k=9.657307 | 纯缩放 Scale=1706.7445 | 全局 MSE=418796.7306 | 耗时=2294.3s
[Worker] 尝试 k=8.882183 | 纯缩放 Scale=369.2959 | 全局 MSE=607.6493 | 耗时=2294.3s
[Worker] 尝试 k=12.090091 | 纯缩放 Scale=5528.0041 | 全局 MSE=6224109.8974 | 耗时=2294.7s
[Worker] 尝试 k=12.866959 | 纯缩放 Scale=217.3665 | 全局 MSE=2911.2309 | 耗时=2294.7s
[Worker] 尝试 k=8.820664 | 纯缩放 Scale=392.1308 | 全局 MSE=1446.1291 | 耗时=2294.9s
[Worker] 尝试 k=9.855929 | 纯缩放 Scale=314.8236 | 全局 MSE=106.3636 | 耗时=2295.3s
[Worker] 尝试 k=7.155969 | 纯缩放 Scale=648.0641 | 全局 MSE=23617.6084 | 耗时=2295.3s
[Worker] 尝试 k=13.017488 | 纯缩放 Scale=256.9698 | 全局 MSE=1347.2488 | 耗时=2295.5s
[Worker] 尝试 k=13.802639 | 纯缩放 Scale=184.7036 | 全局 MSE=4482.2627 | 耗时=2295.5s
[Worker] 尝试 k=8.961523 | 纯缩放 Scale=631.1374 | 全局 MSE=18108.3855 | 耗时=2295.9s
[Worker] 尝试 k=8.903534 | 纯缩放 Scale=634.9502 | 全局 MSE=20398.0967 | 耗时=2296.9s
[Worker] 尝试 k=12.853849 | 纯缩放 Scale=218.4920 | 全局 MSE=2193.5175 | 耗时=2298.1s
[Worker] 尝试 k=14.647225 | 纯缩放 Scale=1645.5389 | 全局 MSE=342955.7371 | 耗时=2298.4s
[Worker] 尝试 k=12.014566 | 纯缩放 Scale=2254.6932 | 全局 MSE=803458.5716 | 耗时=2298.8s
[Worker] 尝试 k=11.551237 | 纯缩放 Scale=787.2907 | 全局 MSE=44666.6073 | 耗时=2299.3s
[Worker] 尝试 k=13.077660 | 纯缩放 Scale=275.1413 | 全局 MSE=630.0596 | 耗时=2299.6s
[Worker] 尝试 k=11.757398 | 纯缩放 Scale=602.7921 | 全局 MSE=15092.5397 | 耗时=2299.6s
[Worker] 尝试 k=5.881515 | 纯缩放 Scale=863.3815 | 全局 MSE=55945.3535 | 耗时=2299.8s
[Worker] 尝试 k=7.018235 | 纯缩放 Scale=396.2295 | 全局 MSE=1308.3143 | 耗时=2300.5s
[Worker] 尝试 k=11.983188 | 纯缩放 Scale=204.4101 | 全局 MSE=3538.9788 | 耗时=2300.6s
[Worker] 尝试 k=6.740876 | 纯缩放 Scale=199.4298 | 全局 MSE=3239.4010 | 耗时=2300.6s
[Worker] 尝试 k=6.124974 | 纯缩放 Scale=590.9254 | 全局 MSE=18914.7201 | 耗时=2300.6s
[Worker] 尝试 k=8.373347 | 纯缩放 Scale=817.1631 | 全局 MSE=53691.5797 | 耗时=2301.0s
[Worker] 尝试 k=11.637853 | 纯缩放 Scale=609.7322 | 全局 MSE=14052.0450 | 耗时=2301.1s
[Worker] 尝试 k=11.929068 | 纯缩放 Scale=386.4256 | 全局 MSE=1065.9405 | 耗时=2301.1s
[Worker] 尝试 k=5.880229 | 纯缩放 Scale=964.7176 | 全局 MSE=98014.3538 | 耗时=2301.8s
[Worker] 尝试 k=9.344001 | 纯缩放 Scale=493.6678 | 全局 MSE=5365.5429 | 耗时=2302.2s
[Worker] 尝试 k=11.557794 | 纯缩放 Scale=267.3078 | 全局 MSE=867.7560 | 耗时=2302.3s
[Worker] 尝试 k=8.391050 | 纯缩放 Scale=377.0682 | 全局 MSE=759.2030 | 耗时=2302.4s
[Worker] 尝试 k=5.034778 | 纯缩放 Scale=506.0734 | 全局 MSE=9365.8570 | 耗时=2302.7s
[Worker] 尝试 k=7.387120 | 纯缩放 Scale=316.8929 | 全局 MSE=117.7760 | 耗时=2303.1s
[Worker] 尝试 k=8.851074 | 纯缩放 Scale=263.2751 | 全局 MSE=832.6852 | 耗时=2303.2s
[Worker] 尝试 k=7.375520 | 纯缩放 Scale=205.9369 | 全局 MSE=3357.5006 | 耗时=2303.7s
[Worker] 尝试 k=12.825937 | 纯缩放 Scale=277.7977 | 全局 MSE=450.7852 | 耗时=2304.1s
[Worker] 尝试 k=8.753380 | 纯缩放 Scale=240.6612 | 全局 MSE=1441.3317 | 耗时=2304.9s
[Worker] 尝试 k=10.943494 | 纯缩放 Scale=521.1548 | 全局 MSE=8940.3879 | 耗时=2304.9s
[Worker] 尝试 k=5.726426 | 纯缩放 Scale=811.8772 | 全局 MSE=53090.1177 | 耗时=2305.0s
[Worker] 尝试 k=6.724920 | 纯缩放 Scale=338.9088 | 全局 MSE=144.8461 | 耗时=2305.6s
[Worker] 尝试 k=8.813812 | 纯缩放 Scale=470.2632 | 全局 MSE=5247.1313 | 耗时=2305.8s
[Worker] 尝试 k=10.951397 | 纯缩放 Scale=823.1801 | 全局 MSE=50300.7774 | 耗时=2306.3s
[Worker] 尝试 k=14.772610 | 纯缩放 Scale=332.7462 | 全局 MSE=76.0224 | 耗时=2306.4s
[Worker] 尝试 k=11.246580 | 纯缩放 Scale=754.2286 | 全局 MSE=32972.9294 | 耗时=2306.5s
[Worker] 尝试 k=8.355167 | 纯缩放 Scale=402.7142 | 全局 MSE=1766.5792 | 耗时=2306.8s
[Worker] 尝试 k=11.094866 | 纯缩放 Scale=1131.1458 | 全局 MSE=132426.6325 | 耗时=2307.1s
[Worker] 尝试 k=8.958344 | 纯缩放 Scale=892.7645 | 全局 MSE=78116.5202 | 耗时=2307.2s
[Worker] 尝试 k=8.772829 | 纯缩放 Scale=213.2500 | 全局 MSE=2381.0803 | 耗时=2307.2s
[Worker] 尝试 k=8.927193 | 纯缩放 Scale=228.3930 | 全局 MSE=1726.6819 | 耗时=2307.5s
[Worker] 尝试 k=8.645094 | 纯缩放 Scale=1805.0637 | 全局 MSE=475280.9589 | 耗时=2307.6s
[Worker] 尝试 k=10.013129 | 纯缩放 Scale=216.8728 | 全局 MSE=2615.7616 | 耗时=2308.3s
[Worker] 尝试 k=12.713586 | 纯缩放 Scale=516.6559 | 全局 MSE=6074.2476 | 耗时=2308.4s
[Worker] 尝试 k=6.830108 | 纯缩放 Scale=2410.9018 | 全局 MSE=883620.1164 | 耗时=2308.5s
[Worker] 尝试 k=5.073481 | 纯缩放 Scale=267.2561 | 全局 MSE=589.2339 | 耗时=2308.6s
[Worker] 尝试 k=6.317273 | 纯缩放 Scale=393.8385 | 全局 MSE=1773.6630 | 耗时=2308.6s
[Worker] 尝试 k=12.884580 | 纯缩放 Scale=323.6160 | 全局 MSE=146.8639 | 耗时=2309.2s
[Worker] 尝试 k=13.654085 | 纯缩放 Scale=509.7440 | 全局 MSE=5014.4291 | 耗时=2309.4s
[Worker] 尝试 k=7.799321 | 纯缩放 Scale=1152.1843 | 全局 MSE=150916.8002 | 耗时=2310.3s
[Worker] 尝试 k=11.311804 | 纯缩放 Scale=989.0573 | 全局 MSE=95132.0431 | 耗时=2310.3s
[Worker] 尝试 k=8.611143 | 纯缩放 Scale=273.1730 | 全局 MSE=646.0218 | 耗时=2310.5s
[Worker] 尝试 k=11.373618 | 纯缩放 Scale=364.1927 | 全局 MSE=229.5868 | 耗时=2311.0s
[Worker] 尝试 k=8.167972 | 纯缩放 Scale=319.0528 | 全局 MSE=174.8135 | 耗时=2311.3s
[Worker] 尝试 k=14.941139 | 纯缩放 Scale=708.1280 | 全局 MSE=25326.4732 | 耗时=2312.0s
[Worker] 尝试 k=12.891471 | 纯缩放 Scale=407.8951 | 全局 MSE=2032.5820 | 耗时=2312.5s
[Worker] 尝试 k=5.926752 | 纯缩放 Scale=1195.6179 | 全局 MSE=169671.7986 | 耗时=2312.8s
[Worker] 尝试 k=9.254804 | 纯缩放 Scale=416.3395 | 全局 MSE=2107.7041 | 耗时=2314.2s
[Worker] 尝试 k=8.067728 | 纯缩放 Scale=827.4674 | 全局 MSE=54247.6914 | 耗时=2314.2s
[Worker] 尝试 k=5.036648 | 纯缩放 Scale=235.4569 | 全局 MSE=1737.2888 | 耗时=2314.5s
[Worker] 尝试 k=8.710383 | 纯缩放 Scale=509.5240 | 全局 MSE=9453.8345 | 耗时=2314.9s
[Worker] 尝试 k=12.028796 | 纯缩放 Scale=354.4116 | 全局 MSE=149.8395 | 耗时=2315.1s
[Worker] 尝试 k=12.104768 | 纯缩放 Scale=1493.0885 | 全局 MSE=275260.7842 | 耗时=2315.4s
[Worker] 尝试 k=7.605957 | 纯缩放 Scale=230.1634 | 全局 MSE=1981.5848 | 耗时=2315.8s
[Worker] 尝试 k=10.230379 | 纯缩放 Scale=270.2484 | 全局 MSE=413.9293 | 耗时=2315.9s
[Worker] 尝试 k=12.473473 | 纯缩放 Scale=516.0182 | 全局 MSE=6475.0856 | 耗时=2316.1s
[Worker] 尝试 k=6.650210 | 纯缩放 Scale=503.3926 | 全局 MSE=7739.0880 | 耗时=2316.2s
[Worker] 尝试 k=5.054175 | 纯缩放 Scale=376.8103 | 全局 MSE=768.8179 | 耗时=2316.3s
differential_evolution step 8: f(x)= 24.02568153438092
[Worker] 尝试 k=7.403584 | 纯缩放 Scale=1292.7540 | 全局 MSE=207176.0718 | 耗时=2048.0s
[Worker] 尝试 k=10.180339 | 纯缩放 Scale=292.0917 | 全局 MSE=123.9438 | 耗时=2067.9s
[Worker] 尝试 k=9.694943 | 纯缩放 Scale=342.6353 | 全局 MSE=179.0130 | 耗时=2105.8s
[Worker] 尝试 k=9.140353 | 纯缩放 Scale=517.1391 | 全局 MSE=9308.4064 | 耗时=2112.8s
[Worker] 尝试 k=8.113596 | 纯缩放 Scale=286.8809 | 全局 MSE=314.8661 | 耗时=2115.4s
[Worker] 尝试 k=11.964314 | 纯缩放 Scale=1974.5177 | 全局 MSE=585620.6288 | 耗时=2120.1s
[Worker] 尝试 k=6.228326 | 纯缩放 Scale=487.9480 | 全局 MSE=5905.9648 | 耗时=2125.2s
[Worker] 尝试 k=8.304647 | 纯缩放 Scale=252.0902 | 全局 MSE=1631.2897 | 耗时=2126.7s
[Worker] 尝试 k=5.985139 | 纯缩放 Scale=529.0677 | 全局 MSE=9320.6783 | 耗时=2132.2s
[Worker] 尝试 k=10.044652 | 纯缩放 Scale=816.1421 | 全局 MSE=50704.4354 | 耗时=2133.9s
[Worker] 尝试 k=8.255011 | 纯缩放 Scale=488.8049 | 全局 MSE=6640.2084 | 耗时=2138.9s
[Worker] 尝试 k=9.956961 | 纯缩放 Scale=645.8489 | 全局 MSE=19045.0012 | 耗时=2139.6s
[Worker] 尝试 k=11.261536 | 纯缩放 Scale=414.5365 | 全局 MSE=2078.2650 | 耗时=2142.1s
[Worker] 尝试 k=9.674122 | 纯缩放 Scale=236.5857 | 全局 MSE=1723.1831 | 耗时=2158.5s
[Worker] 尝试 k=8.377520 | 纯缩放 Scale=572.8224 | 全局 MSE=11143.2695 | 耗时=2161.7s
[Worker] 尝试 k=9.755160 | 纯缩放 Scale=563.9009 | 全局 MSE=12519.5236 | 耗时=2167.2s
[Worker] 尝试 k=8.569987 | 纯缩放 Scale=521.0760 | 全局 MSE=8674.5104 | 耗时=2170.6s
[Worker] 尝试 k=9.486637 | 纯缩放 Scale=270.7216 | 全局 MSE=589.6348 | 耗时=2176.6s
[Worker] 尝试 k=7.951998 | 纯缩放 Scale=408.3098 | 全局 MSE=1267.4308 | 耗时=2177.8s
[Worker] 尝试 k=12.241784 | 纯缩放 Scale=276.1002 | 全局 MSE=307.5188 | 耗时=2177.8s
[Worker] 尝试 k=8.496029 | 纯缩放 Scale=398.2416 | 全局 MSE=1259.3643 | 耗时=2178.2s
[Worker] 尝试 k=10.956942 | 纯缩放 Scale=317.3673 | 全局 MSE=110.9938 | 耗时=2183.9s
[Worker] 尝试 k=5.629910 | 纯缩放 Scale=399.9102 | 全局 MSE=2184.2534 | 耗时=2188.2s
[Worker] 尝试 k=8.115072 | 纯缩放 Scale=376.4017 | 全局 MSE=1160.3951 | 耗时=2188.7s
[Worker] 尝试 k=5.524868 | 纯缩放 Scale=1042.2216 | 全局 MSE=109411.5333 | 耗时=2189.4s
[Worker] 尝试 k=9.155075 | 纯缩放 Scale=385.7922 | 全局 MSE=670.2504 | 耗时=2190.1s
[Worker] 尝试 k=11.959581 | 纯缩放 Scale=453.4974 | 全局 MSE=3118.8304 | 耗时=2190.6s
[Worker] 尝试 k=8.335433 | 纯缩放 Scale=1215.3329 | 全局 MSE=172110.4887 | 耗时=2191.3s
[Worker] 尝试 k=7.828683 | 纯缩放 Scale=287.5352 | 全局 MSE=308.4967 | 耗时=2192.5s
[Worker] 尝试 k=9.587117 | 纯缩放 Scale=245.7998 | 全局 MSE=1424.6214 | 耗时=2193.7s
[Worker] 尝试 k=11.131855 | 纯缩放 Scale=589.2960 | 全局 MSE=13357.0380 | 耗时=2195.2s
[Worker] 尝试 k=7.334360 | 纯缩放 Scale=396.5617 | 全局 MSE=1214.5544 | 耗时=2196.4s
[Worker] 尝试 k=10.898203 | 纯缩放 Scale=837.8679 | 全局 MSE=56457.6636 | 耗时=2198.6s
[Worker] 尝试 k=6.986676 | 纯缩放 Scale=651.6210 | 全局 MSE=25518.2694 | 耗时=2199.0s
[Worker] 尝试 k=7.605782 | 纯缩放 Scale=263.0972 | 全局 MSE=1023.8694 | 耗时=2204.3s
[Worker] 尝试 k=9.007817 | 纯缩放 Scale=480.9381 | 全局 MSE=5161.4493 | 耗时=2204.4s
[Worker] 尝试 k=9.394829 | 纯缩放 Scale=665.5496 | 全局 MSE=29772.1740 | 耗时=2206.3s
[Worker] 尝试 k=6.210791 | 纯缩放 Scale=471.0170 | 全局 MSE=4591.9757 | 耗时=2206.9s
[Worker] 尝试 k=7.474018 | 纯缩放 Scale=576.5089 | 全局 MSE=13778.8873 | 耗时=2207.1s
[Worker] 尝试 k=9.729409 | 纯缩放 Scale=1370.7595 | 全局 MSE=247751.3917 | 耗时=2207.3s
[Worker] 尝试 k=5.980826 | 纯缩放 Scale=509.9973 | 全局 MSE=10386.4671 | 耗时=2210.2s
[Worker] 尝试 k=12.111198 | 纯缩放 Scale=331.7340 | 全局 MSE=53.9737 | 耗时=2215.4s
[Worker] 尝试 k=9.925164 | 纯缩放 Scale=573.5061 | 全局 MSE=13030.9115 | 耗时=2216.7s
[Worker] 尝试 k=5.831181 | 纯缩放 Scale=200.6301 | 全局 MSE=2840.1289 | 耗时=2217.7s
[Worker] 尝试 k=9.669259 | 纯缩放 Scale=744.2739 | 全局 MSE=38520.4914 | 耗时=2220.5s
[Worker] 尝试 k=9.369659 | 纯缩放 Scale=1649.9761 | 全局 MSE=403314.5534 | 耗时=2222.5s
[Worker] 尝试 k=8.525761 | 纯缩放 Scale=426.3907 | 全局 MSE=2570.6734 | 耗时=2224.8s
[Worker] 尝试 k=7.695290 | 纯缩放 Scale=760.9420 | 全局 MSE=46466.8892 | 耗时=2225.0s
[Worker] 尝试 k=6.596650 | 纯缩放 Scale=1515.0035 | 全局 MSE=316886.3447 | 耗时=2225.5s
[Worker] 尝试 k=9.104384 | 纯缩放 Scale=820.7118 | 全局 MSE=53348.6425 | 耗时=2225.6s
[Worker] 尝试 k=11.422268 | 纯缩放 Scale=3657.7721 | 全局 MSE=2255893.2997 | 耗时=2226.4s
[Worker] 尝试 k=5.957620 | 纯缩放 Scale=915.1502 | 全局 MSE=76931.0901 | 耗时=2229.3s[Worker] 尝试 k=6.212011 | 纯缩放 Scale=437.5042 | 全局 MSE=2519.0514 | 耗时=2229.3s

[Worker] 尝试 k=9.039883 | 纯缩放 Scale=764.9203 | 全局 MSE=48954.5948 | 耗时=2231.6s
[Worker] 尝试 k=8.768445 | 纯缩放 Scale=251.1917 | 全局 MSE=1179.8436 | 耗时=2232.1s
[Worker] 尝试 k=10.428999 | 纯缩放 Scale=446.7011 | 全局 MSE=3313.0324 | 耗时=2232.5s
[Worker] 尝试 k=5.206746 | 纯缩放 Scale=1190.0960 | 全局 MSE=188322.6572 | 耗时=2233.0s
[Worker] 尝试 k=6.691376 | 纯缩放 Scale=401.5718 | 全局 MSE=1982.3503 | 耗时=2233.4s
[Worker] 尝试 k=6.522591 | 纯缩放 Scale=279.4121 | 全局 MSE=305.0502 | 耗时=2233.4s
[Worker] 尝试 k=7.071933 | 纯缩放 Scale=236.7667 | 全局 MSE=1810.3023 | 耗时=2233.8s
[Worker] 尝试 k=6.918833 | 纯缩放 Scale=215.9206 | 全局 MSE=2475.1466 | 耗时=2234.6s
[Worker] 尝试 k=8.205723 | 纯缩放 Scale=155.2392 | 全局 MSE=6084.4417 | 耗时=2234.7s
[Worker] 尝试 k=8.609996 | 纯缩放 Scale=1711.5227 | 全局 MSE=405489.2825 | 耗时=2235.2s
[Worker] 尝试 k=9.471907 | 纯缩放 Scale=221.7345 | 全局 MSE=2197.5168 | 耗时=2235.5s
[Worker] 尝试 k=8.240465 | 纯缩放 Scale=473.2769 | 全局 MSE=3843.3857 | 耗时=2236.6s
[Worker] 尝试 k=7.880087 | 纯缩放 Scale=1199.5331 | 全局 MSE=180685.9881 | 耗时=2237.4s
[Worker] 尝试 k=6.083679 | 纯缩放 Scale=662.4068 | 全局 MSE=23890.6948 | 耗时=2237.9s
[Worker] 尝试 k=9.354618 | 纯缩放 Scale=1131.8477 | 全局 MSE=143749.7158 | 耗时=2238.3s
[Worker] 尝试 k=9.745608 | 纯缩放 Scale=306.2771 | 全局 MSE=62.7765 | 耗时=2238.7s
[Worker] 尝试 k=5.280136 | 纯缩放 Scale=657.7648 | 全局 MSE=25516.9477 | 耗时=2238.8s
[Worker] 尝试 k=8.675410 | 纯缩放 Scale=751.7015 | 全局 MSE=39575.5689 | 耗时=2239.2s
[Worker] 尝试 k=6.386168 | 纯缩放 Scale=468.9411 | 全局 MSE=5388.4442 | 耗时=2239.9s
[Worker] 尝试 k=8.824348 | 纯缩放 Scale=880.8262 | 全局 MSE=83773.0528 | 耗时=2239.9s
[Worker] 尝试 k=6.527881 | 纯缩放 Scale=653.9302 | 全局 MSE=25028.3148 | 耗时=2240.6s
[Worker] 尝试 k=10.318726 | 纯缩放 Scale=879.3268 | 全局 MSE=66264.2732 | 耗时=2240.7s
[Worker] 尝试 k=8.921799 | 纯缩放 Scale=1093.4229 | 全局 MSE=134388.1556 | 耗时=2241.0s
[Worker] 尝试 k=9.536756 | 纯缩放 Scale=211.4121 | 全局 MSE=2818.5246 | 耗时=2241.9s
[Worker] 尝试 k=7.429419 | 纯缩放 Scale=305.1110 | 全局 MSE=20.2244 | 耗时=2242.1s
[Worker] 尝试 k=9.779772 | 纯缩放 Scale=278.3371 | 全局 MSE=496.6904 | 耗时=2242.4s
[Worker] 尝试 k=9.561643 | 纯缩放 Scale=411.7137 | 全局 MSE=1539.1854 | 耗时=2242.4s
[Worker] 尝试 k=5.652267 | 纯缩放 Scale=401.9131 | 全局 MSE=1605.6530 | 耗时=2242.8s
[Worker] 尝试 k=9.993784 | 纯缩放 Scale=543.5851 | 全局 MSE=9474.5027 | 耗时=2245.1s
[Worker] 尝试 k=6.320029 | 纯缩放 Scale=607.7398 | 全局 MSE=14932.6462 | 耗时=2246.6s
[Worker] 尝试 k=9.234623 | 纯缩放 Scale=422.8588 | 全局 MSE=2534.6048 | 耗时=2246.8s
[Worker] 尝试 k=8.988301 | 纯缩放 Scale=402.1827 | 全局 MSE=1510.7378 | 耗时=2247.5s
[Worker] 尝试 k=6.370520 | 纯缩放 Scale=990.0686 | 全局 MSE=93930.7115 | 耗时=2248.4s
[Worker] 尝试 k=9.562552 | 纯缩放 Scale=962.0673 | 全局 MSE=78185.1052 | 耗时=2248.6s
[Worker] 尝试 k=5.508780 | 纯缩放 Scale=370.6594 | 全局 MSE=638.8689 | 耗时=2249.8s
[Worker] 尝试 k=7.572585 | 纯缩放 Scale=671.7676 | 全局 MSE=27387.2473 | 耗时=2249.8s
[Worker] 尝试 k=8.370199 | 纯缩放 Scale=1496.1594 | 全局 MSE=295609.4238 | 耗时=2250.0s
[Worker] 尝试 k=11.175019 | 纯缩放 Scale=580.7956 | 全局 MSE=15889.7703 | 耗时=2250.4s
[Worker] 尝试 k=7.090357 | 纯缩放 Scale=727.7450 | 全局 MSE=40520.5423 | 耗时=2250.8s
[Worker] 尝试 k=6.622494 | 纯缩放 Scale=437.9158 | 全局 MSE=2811.0285 | 耗时=2251.3s
[Worker] 尝试 k=10.883951 | 纯缩放 Scale=902.9225 | 全局 MSE=70568.6159 | 耗时=2252.8s
[Worker] 尝试 k=11.260622 | 纯缩放 Scale=1219.2563 | 全局 MSE=175354.1129 | 耗时=2253.6s
[Worker] 尝试 k=6.385582 | 纯缩放 Scale=625.1220 | 全局 MSE=19651.2199 | 耗时=2254.3s
[Worker] 尝试 k=8.180250 | 纯缩放 Scale=671.4352 | 全局 MSE=24074.2836 | 耗时=2254.6s
[Worker] 尝试 k=8.333704 | 纯缩放 Scale=201.8705 | 全局 MSE=2521.0529 | 耗时=2254.8s
[Worker] 尝试 k=9.433450 | 纯缩放 Scale=307.1177 | 全局 MSE=39.1665 | 耗时=2255.5s
[Worker] 尝试 k=7.306833 | 纯缩放 Scale=1110.4440 | 全局 MSE=139526.8905 | 耗时=2255.6s
[Worker] 尝试 k=8.248119 | 纯缩放 Scale=761.7661 | 全局 MSE=43219.7555 | 耗时=2255.6s
[Worker] 尝试 k=8.426242 | 纯缩放 Scale=381.6341 | 全局 MSE=635.7234 | 耗时=2256.1s
[Worker] 尝试 k=6.214431 | 纯缩放 Scale=423.1794 | 全局 MSE=2641.3276 | 耗时=2256.7s
[Worker] 尝试 k=8.925068 | 纯缩放 Scale=742.3522 | 全局 MSE=33438.5941 | 耗时=2256.7s
[Worker] 尝试 k=9.835654 | 纯缩放 Scale=466.0258 | 全局 MSE=7082.5672 | 耗时=2258.1s
[Worker] 尝试 k=9.699844 | 纯缩放 Scale=570.9819 | 全局 MSE=11749.2873 | 耗时=2258.1s
[Worker] 尝试 k=6.674342 | 纯缩放 Scale=404.3314 | 全局 MSE=1891.6372 | 耗时=2258.3s
[Worker] 尝试 k=11.188934 | 纯缩放 Scale=392.3598 | 全局 MSE=1045.9284 | 耗时=2258.3s
[Worker] 尝试 k=9.912360 | 纯缩放 Scale=590.1564 | 全局 MSE=14170.0715 | 耗时=2258.5s
[Worker] 尝试 k=7.294599 | 纯缩放 Scale=679.3437 | 全局 MSE=28500.3493 | 耗时=2260.0s
[Worker] 尝试 k=10.253723 | 纯缩放 Scale=625.9872 | 全局 MSE=22353.9445 | 耗时=2260.5s
[Worker] 尝试 k=10.638037 | 纯缩放 Scale=303.6960 | 全局 MSE=401.3482 | 耗时=2261.9s
[Worker] 尝试 k=9.276906 | 纯缩放 Scale=608.4653 | 全局 MSE=17140.1603 | 耗时=2262.1s
[Worker] 尝试 k=8.883748 | 纯缩放 Scale=294.1312 | 全局 MSE=235.4313 | 耗时=2263.5s
[Worker] 尝试 k=11.728695 | 纯缩放 Scale=475.9535 | 全局 MSE=5446.3376 | 耗时=2264.7s
[Worker] 尝试 k=8.985019 | 纯缩放 Scale=246.4037 | 全局 MSE=1268.5520 | 耗时=2264.9s
[Worker] 尝试 k=6.322868 | 纯缩放 Scale=525.6810 | 全局 MSE=9592.4905 | 耗时=2265.0s
[Worker] 尝试 k=11.644005 | 纯缩放 Scale=2918.6309 | 全局 MSE=1379531.2605 | 耗时=2265.1s
[Worker] 尝试 k=6.291300 | 纯缩放 Scale=289.2602 | 全局 MSE=134.5680 | 耗时=2266.0s
[Worker] 尝试 k=8.783119 | 纯缩放 Scale=330.3244 | 全局 MSE=69.5040 | 耗时=2266.4s
[Worker] 尝试 k=9.518098 | 纯缩放 Scale=313.2109 | 全局 MSE=146.3737 | 耗时=2267.1s
[Worker] 尝试 k=8.808650 | 纯缩放 Scale=1159.7982 | 全局 MSE=150273.9772 | 耗时=2267.6s
[Worker] 尝试 k=8.968366 | 纯缩放 Scale=232.0469 | 全局 MSE=1711.9470 | 耗时=2269.0s
[Worker] 尝试 k=6.795429 | 纯缩放 Scale=800.4756 | 全局 MSE=47410.1532 | 耗时=2270.7s
[Worker] 尝试 k=8.148150 | 纯缩放 Scale=503.2423 | 全局 MSE=8053.8610 | 耗时=2270.7s
[Worker] 尝试 k=6.809815 | 纯缩放 Scale=450.0155 | 全局 MSE=3778.4019 | 耗时=2272.0s
[Worker] 尝试 k=5.812030 | 纯缩放 Scale=1478.5275 | 全局 MSE=322548.5259 | 耗时=2272.8s
[Worker] 尝试 k=13.726894 | 纯缩放 Scale=751.8284 | 全局 MSE=42019.5406 | 耗时=2274.0s
[Worker] 尝试 k=10.822464 | 纯缩放 Scale=397.3752 | 全局 MSE=1147.6021 | 耗时=2274.5s
[Worker] 尝试 k=8.742708 | 纯缩放 Scale=1091.6521 | 全局 MSE=115217.0996 | 耗时=2275.0s
[Worker] 尝试 k=10.125562 | 纯缩放 Scale=345.0107 | 全局 MSE=235.9964 | 耗时=2275.1s
[Worker] 尝试 k=8.516880 | 纯缩放 Scale=276.9743 | 全局 MSE=370.1994 | 耗时=2275.9s
[Worker] 尝试 k=10.324117 | 纯缩放 Scale=235.8108 | 全局 MSE=2031.5624 | 耗时=2275.9s
[Worker] 尝试 k=12.498515 | 纯缩放 Scale=248.1334 | 全局 MSE=1043.5210 | 耗时=2276.2s
[Worker] 尝试 k=6.989267 | 纯缩放 Scale=1643.3030 | 全局 MSE=362920.9517 | 耗时=2276.9s
[Worker] 尝试 k=10.767321 | 纯缩放 Scale=1525.5173 | 全局 MSE=287239.6470 | 耗时=2277.0s
[Worker] 尝试 k=7.511726 | 纯缩放 Scale=488.4056 | 全局 MSE=4350.4836 | 耗时=2277.2s
[Worker] 尝试 k=10.072305 | 纯缩放 Scale=253.5478 | 全局 MSE=967.9908 | 耗时=2277.2s
[Worker] 尝试 k=6.657746 | 纯缩放 Scale=301.6942 | 全局 MSE=167.2090 | 耗时=2277.4s
[Worker] 尝试 k=10.803053 | 纯缩放 Scale=453.0842 | 全局 MSE=3668.1677 | 耗时=2277.4s
[Worker] 尝试 k=7.763178 | 纯缩放 Scale=421.3621 | 全局 MSE=1709.6457 | 耗时=2277.5s
[Worker] 尝试 k=7.203095 | 纯缩放 Scale=180.2941 | 全局 MSE=4658.6404 | 耗时=2278.1s
[Worker] 尝试 k=6.255546 | 纯缩放 Scale=883.5725 | 全局 MSE=67199.7895 | 耗时=2278.2s
[Worker] 尝试 k=8.183994 | 纯缩放 Scale=233.3934 | 全局 MSE=1861.9509 | 耗时=2278.3s
[Worker] 尝试 k=8.284001 | 纯缩放 Scale=184.8878 | 全局 MSE=4292.0746 | 耗时=2278.8s
[Worker] 尝试 k=9.896551 | 纯缩放 Scale=738.0533 | 全局 MSE=37048.6620 | 耗时=2280.1s
[Worker] 尝试 k=10.237411 | 纯缩放 Scale=785.5582 | 全局 MSE=44547.9691 | 耗时=2280.1s
[Worker] 尝试 k=6.570970 | 纯缩放 Scale=259.1198 | 全局 MSE=725.2646 | 耗时=2280.3s
[Worker] 尝试 k=8.261717 | 纯缩放 Scale=491.0609 | 全局 MSE=5732.6872 | 耗时=2280.5s
[Worker] 尝试 k=7.893525 | 纯缩放 Scale=464.4053 | 全局 MSE=5249.6616 | 耗时=2280.6s
[Worker] 尝试 k=9.431682 | 纯缩放 Scale=236.9138 | 全局 MSE=1682.1021 | 耗时=2280.8s
[Worker] 尝试 k=6.632571 | 纯缩放 Scale=210.2503 | 全局 MSE=3220.5976 | 耗时=2281.0s
[Worker] 尝试 k=5.912044 | 纯缩放 Scale=353.2241 | 全局 MSE=346.5160 | 耗时=2281.1s
[Worker] 尝试 k=9.041410 | 纯缩放 Scale=353.0919 | 全局 MSE=344.6582 | 耗时=2282.1s
[Worker] 尝试 k=7.203700 | 纯缩放 Scale=595.0877 | 全局 MSE=18780.8075 | 耗时=2282.4s
[Worker] 尝试 k=9.823791 | 纯缩放 Scale=440.8232 | 全局 MSE=3837.8710 | 耗时=2282.9s
[Worker] 尝试 k=8.105944 | 纯缩放 Scale=1084.6732 | 全局 MSE=126331.8370 | 耗时=2284.0s
[Worker] 尝试 k=6.351483 | 纯缩放 Scale=256.2421 | 全局 MSE=722.5825 | 耗时=2284.2s
[Worker] 尝试 k=9.928839 | 纯缩放 Scale=610.8473 | 全局 MSE=18044.1143 | 耗时=2284.3s
[Worker] 尝试 k=7.534865 | 纯缩放 Scale=444.5066 | 全局 MSE=4128.5683 | 耗时=2284.8s
[Worker] 尝试 k=8.215989 | 纯缩放 Scale=961.2164 | 全局 MSE=80120.9739 | 耗时=2285.0s
[Worker] 尝试 k=7.791250 | 纯缩放 Scale=717.3582 | 全局 MSE=37811.6419 | 耗时=2285.4s
[Worker] 尝试 k=8.288489 | 纯缩放 Scale=199.9405 | 全局 MSE=3147.3189 | 耗时=2285.5s
[Worker] 尝试 k=10.832220 | 纯缩放 Scale=1518.8980 | 全局 MSE=288039.1053 | 耗时=2285.7s
[Worker] 尝试 k=5.659958 | 纯缩放 Scale=484.5870 | 全局 MSE=6467.3749 | 耗时=2286.0s
[Worker] 尝试 k=8.813463 | 纯缩放 Scale=412.8685 | 全局 MSE=1670.1602 | 耗时=2286.2s
[Worker] 尝试 k=8.649740 | 纯缩放 Scale=269.6845 | 全局 MSE=777.6093 | 耗时=2286.4s
[Worker] 尝试 k=7.657915 | 纯缩放 Scale=284.2702 | 全局 MSE=202.4420 | 耗时=2286.7s
[Worker] 尝试 k=9.264730 | 纯缩放 Scale=1296.1287 | 全局 MSE=204499.9262 | 耗时=2286.9s
[Worker] 尝试 k=10.206876 | 纯缩放 Scale=608.1966 | 全局 MSE=17073.2644 | 耗时=2287.9s
[Worker] 尝试 k=8.854134 | 纯缩放 Scale=947.0841 | 全局 MSE=76691.9810 | 耗时=2288.2s
[Worker] 尝试 k=9.289362 | 纯缩放 Scale=6562.7941 | 全局 MSE=8869501.9949 | 耗时=2288.8s
[Worker] 尝试 k=11.112075 | 纯缩放 Scale=337.8724 | 全局 MSE=122.4252 | 耗时=2288.9s
[Worker] 尝试 k=5.108637 | 纯缩放 Scale=268.1223 | 全局 MSE=569.6352 | 耗时=2289.0s
[Worker] 尝试 k=12.411697 | 纯缩放 Scale=232.4717 | 全局 MSE=1708.2290 | 耗时=2289.1s
[Worker] 尝试 k=6.003636 | 纯缩放 Scale=1848.5984 | 全局 MSE=535261.6833 | 耗时=2289.3s
[Worker] 尝试 k=8.787507 | 纯缩放 Scale=1611.3726 | 全局 MSE=358621.7103 | 耗时=2289.8s
[Worker] 尝试 k=7.787715 | 纯缩放 Scale=565.4898 | 全局 MSE=13863.1088 | 耗时=2289.9s
[Worker] 尝试 k=8.228727 | 纯缩放 Scale=345.0367 | 全局 MSE=148.3927 | 耗时=2290.0s
[Worker] 尝试 k=11.239349 | 纯缩放 Scale=739.9651 | 全局 MSE=34576.6891 | 耗时=2290.1s
[Worker] 尝试 k=7.526809 | 纯缩放 Scale=447.0115 | 全局 MSE=3808.0694 | 耗时=2290.8s
[Worker] 尝试 k=8.207101 | 纯缩放 Scale=391.2236 | 全局 MSE=824.8361 | 耗时=2291.0s
[Worker] 尝试 k=9.132357 | 纯缩放 Scale=1778.7918 | 全局 MSE=476334.2809 | 耗时=2291.3s
[Worker] 尝试 k=11.549321 | 纯缩放 Scale=733.2557 | 全局 MSE=38709.8138 | 耗时=2291.4s
[Worker] 尝试 k=9.917423 | 纯缩放 Scale=344.6888 | 全局 MSE=187.4003 | 耗时=2291.5s
[Worker] 尝试 k=7.612499 | 纯缩放 Scale=1286.8954 | 全局 MSE=207652.5788 | 耗时=2291.7s
[Worker] 尝试 k=12.729062 | 纯缩放 Scale=197.4660 | 全局 MSE=3765.9386 | 耗时=2291.9s
[Worker] 尝试 k=9.859648 | 纯缩放 Scale=883.5532 | 全局 MSE=75267.0327 | 耗时=2292.2s
[Worker] 尝试 k=6.706515 | 纯缩放 Scale=903.2272 | 全局 MSE=68989.2262 | 耗时=2293.4s
[Worker] 尝试 k=8.687390 | 纯缩放 Scale=404.9463 | 全局 MSE=1122.5062 | 耗时=2293.6s
[Worker] 尝试 k=12.624805 | 纯缩放 Scale=545.8077 | 全局 MSE=11315.4655 | 耗时=2293.7s
[Worker] 尝试 k=9.894964 | 纯缩放 Scale=320.8192 | 全局 MSE=140.9727 | 耗时=2294.3s
[Worker] 尝试 k=7.301896 | 纯缩放 Scale=1036.1369 | 全局 MSE=113815.6360 | 耗时=2295.1s
[Worker] 尝试 k=9.410329 | 纯缩放 Scale=560.7075 | 全局 MSE=12021.8839 | 耗时=2295.6s
[Worker] 尝试 k=10.600226 | 纯缩放 Scale=583.4963 | 全局 MSE=13988.5283 | 耗时=2296.4s
[Worker] 尝试 k=5.712089 | 纯缩放 Scale=453.0160 | 全局 MSE=3646.7351 | 耗时=2296.8s
[Worker] 尝试 k=8.304640 | 纯缩放 Scale=272.8776 | 全局 MSE=879.8867 | 耗时=2298.7s
[Worker] 尝试 k=5.650967 | 纯缩放 Scale=899.9835 | 全局 MSE=73506.1844 | 耗时=2299.0s
[Worker] 尝试 k=8.325564 | 纯缩放 Scale=243.6533 | 全局 MSE=1487.2209 | 耗时=2299.2s
[Worker] 尝试 k=8.670958 | 纯缩放 Scale=434.3794 | 全局 MSE=3329.5847 | 耗时=2299.9s
[Worker] 尝试 k=10.274276 | 纯缩放 Scale=1162.3438 | 全局 MSE=139240.0300 | 耗时=2300.0s
[Worker] 尝试 k=5.675365 | 纯缩放 Scale=555.2898 | 全局 MSE=11573.8596 | 耗时=2300.6s
[Worker] 尝试 k=10.394202 | 纯缩放 Scale=859.0952 | 全局 MSE=60070.5875 | 耗时=2300.6s
[Worker] 尝试 k=8.606992 | 纯缩放 Scale=166.8579 | 全局 MSE=5185.8008 | 耗时=2300.6s
[Worker] 尝试 k=10.418414 | 纯缩放 Scale=520.9961 | 全局 MSE=8524.8035 | 耗时=2301.2s
[Worker] 尝试 k=7.838424 | 纯缩放 Scale=410.6080 | 全局 MSE=2215.9327 | 耗时=2302.2s
[Worker] 尝试 k=5.751596 | 纯缩放 Scale=297.1575 | 全局 MSE=195.1141 | 耗时=2303.3s
[Worker] 尝试 k=6.087955 | 纯缩放 Scale=1380.9640 | 全局 MSE=270949.3781 | 耗时=2303.5s
[Worker] 尝试 k=5.166239 | 纯缩放 Scale=478.2160 | 全局 MSE=5121.9044 | 耗时=2303.6s
[Worker] 尝试 k=7.107508 | 纯缩放 Scale=2689.6194 | 全局 MSE=1213229.0169 | 耗时=2305.2s
[Worker] 尝试 k=11.743572 | 纯缩放 Scale=351.9276 | 全局 MSE=211.0143 | 耗时=2305.3s
[Worker] 尝试 k=7.445332 | 纯缩放 Scale=897.2821 | 全局 MSE=75216.1703 | 耗时=2305.5s
[Worker] 尝试 k=10.597856 | 纯缩放 Scale=608.0894 | 全局 MSE=14901.0564 | 耗时=2305.6s
[Worker] 尝试 k=6.721324 | 纯缩放 Scale=1109.6117 | 全局 MSE=133616.0318 | 耗时=2305.8s
[Worker] 尝试 k=8.833855 | 纯缩放 Scale=585.4622 | 全局 MSE=16377.2834 | 耗时=2306.0s
[Worker] 尝试 k=6.505679 | 纯缩放 Scale=382.3445 | 全局 MSE=935.9956 | 耗时=2306.1s
[Worker] 尝试 k=6.347130 | 纯缩放 Scale=246.6405 | 全局 MSE=1153.9810 | 耗时=2306.6s
[Worker] 尝试 k=11.029236 | 纯缩放 Scale=586.8990 | 全局 MSE=15663.2803 | 耗时=2306.7s
[Worker] 尝试 k=11.413452 | 纯缩放 Scale=535.9089 | 全局 MSE=9399.1809 | 耗时=2307.5s
[Worker] 尝试 k=6.378475 | 纯缩放 Scale=335.4627 | 全局 MSE=135.4386 | 耗时=2307.6s
[Worker] 尝试 k=6.642479 | 纯缩放 Scale=1113.8841 | 全局 MSE=142256.3956 | 耗时=2307.7s
[Worker] 尝试 k=7.850484 | 纯缩放 Scale=408.5959 | 全局 MSE=2315.2216 | 耗时=2307.8s
[Worker] 尝试 k=12.159468 | 纯缩放 Scale=442.8558 | 全局 MSE=3662.8476 | 耗时=2308.0s
[Worker] 尝试 k=10.828509 | 纯缩放 Scale=630.0281 | 全局 MSE=20398.8254 | 耗时=2308.2s
[Worker] 尝试 k=8.629994 | 纯缩放 Scale=346.8016 | 全局 MSE=140.0617 | 耗时=2308.9s
[Worker] 尝试 k=6.850638 | 纯缩放 Scale=466.1739 | 全局 MSE=4343.7001 | 耗时=2309.1s
[Worker] 尝试 k=7.092489 | 纯缩放 Scale=662.5985 | 全局 MSE=24985.1384 | 耗时=2309.3s
[Worker] 尝试 k=10.645493 | 纯缩放 Scale=554.8605 | 全局 MSE=9901.8035 | 耗时=2309.5s
[Worker] 尝试 k=6.448254 | 纯缩放 Scale=366.0667 | 全局 MSE=633.7835 | 耗时=2309.9s
[Worker] 尝试 k=13.183883 | 纯缩放 Scale=264.7185 | 全局 MSE=943.2807 | 耗时=2310.8s
[Worker] 尝试 k=10.645122 | 纯缩放 Scale=694.1998 | 全局 MSE=26947.7145 | 耗时=2311.1s
[Worker] 尝试 k=8.499992 | 纯缩放 Scale=665.4368 | 全局 MSE=26497.2533 | 耗时=2312.4s
[Worker] 尝试 k=5.143400 | 纯缩放 Scale=287.8077 | 全局 MSE=378.5316 | 耗时=2312.7s
[Worker] 尝试 k=10.270031 | 纯缩放 Scale=1421.3219 | 全局 MSE=231027.6685 | 耗时=2313.1s
[Worker] 尝试 k=11.737219 | 纯缩放 Scale=1830.2818 | 全局 MSE=473258.1027 | 耗时=2314.0s
[Worker] 尝试 k=7.699460 | 纯缩放 Scale=428.6291 | 全局 MSE=2827.2666 | 耗时=2314.1s
[Worker] 尝试 k=12.830187 | 纯缩放 Scale=624.8528 | 全局 MSE=17406.5979 | 耗时=2314.6s
[Worker] 尝试 k=6.892678 | 纯缩放 Scale=179.8272 | 全局 MSE=4589.5032 | 耗时=2314.7s
[Worker] 尝试 k=8.348272 | 纯缩放 Scale=438.5190 | 全局 MSE=2631.7340 | 耗时=2314.8s
[Worker] 尝试 k=7.905409 | 纯缩放 Scale=1330.8589 | 全局 MSE=206884.9266 | 耗时=2315.3s
[Worker] 尝试 k=10.844240 | 纯缩放 Scale=238.9499 | 全局 MSE=1404.4840 | 耗时=2315.6s
[Worker] 尝试 k=8.800245 | 纯缩放 Scale=372.9602 | 全局 MSE=397.1651 | 耗时=2316.8s
[Worker] 尝试 k=6.425712 | 纯缩放 Scale=294.2970 | 全局 MSE=232.8722 | 耗时=2317.5s
[Worker] 尝试 k=7.960206 | 纯缩放 Scale=305.8877 | 全局 MSE=169.2491 | 耗时=2317.8s
[Worker] 尝试 k=7.016555 | 纯缩放 Scale=405.8277 | 全局 MSE=1763.1130 | 耗时=2318.2s
[Worker] 尝试 k=9.879210 | 纯缩放 Scale=285.2792 | 全局 MSE=509.0226 | 耗时=2318.4s
[Worker] 尝试 k=10.516288 | 纯缩放 Scale=287.3921 | 全局 MSE=527.9805 | 耗时=2318.5s
[Worker] 尝试 k=7.375791 | 纯缩放 Scale=331.8038 | 全局 MSE=73.2156 | 耗时=2318.6s
[Worker] 尝试 k=11.534853 | 纯缩放 Scale=560.9256 | 全局 MSE=10835.6842 | 耗时=2318.8s
[Worker] 尝试 k=8.073138 | 纯缩放 Scale=1359.1032 | 全局 MSE=201782.8244 | 耗时=2318.9s
differential_evolution step 9: f(x)= 20.22443153277452
[Worker] 尝试 k=9.881347 | 纯缩放 Scale=734.7860 | 全局 MSE=32543.6702 | 耗时=2021.9s
[Worker] 尝试 k=5.871330 | 纯缩放 Scale=361.8927 | 全局 MSE=660.9554 | 耗时=2078.0s
[Worker] 尝试 k=11.158027 | 纯缩放 Scale=265.5940 | 全局 MSE=522.4306 | 耗时=2080.5s
[Worker] 尝试 k=10.276553 | 纯缩放 Scale=931.9470 | 全局 MSE=66982.5570 | 耗时=2093.8s
[Worker] 尝试 k=10.548495 | 纯缩放 Scale=255.0559 | 全局 MSE=1214.8814 | 耗时=2097.8s
[Worker] 尝试 k=13.020915 | 纯缩放 Scale=726.4182 | 全局 MSE=33917.2340 | 耗时=2103.1s
[Worker] 尝试 k=6.617748 | 纯缩放 Scale=501.9042 | 全局 MSE=6467.9232 | 耗时=2104.1s
[Worker] 尝试 k=7.544881 | 纯缩放 Scale=444.5665 | 全局 MSE=4157.8660 | 耗时=2111.0s
[Worker] 尝试 k=8.075748 | 纯缩放 Scale=682.5314 | 全局 MSE=25039.0030 | 耗时=2113.9s
[Worker] 尝试 k=7.062768 | 纯缩放 Scale=1685.1662 | 全局 MSE=453043.1281 | 耗时=2117.8s
[Worker] 尝试 k=10.698695 | 纯缩放 Scale=186.9361 | 全局 MSE=3778.7438 | 耗时=2123.1s
[Worker] 尝试 k=5.341045 | 纯缩放 Scale=612.9700 | 全局 MSE=19044.7646 | 耗时=2134.5s
[Worker] 尝试 k=8.365830 | 纯缩放 Scale=874.0450 | 全局 MSE=59943.2078 | 耗时=2134.6s
[Worker] 尝试 k=9.909471 | 纯缩放 Scale=311.0072 | 全局 MSE=158.5457 | 耗时=2135.0s
[Worker] 尝试 k=10.452862 | 纯缩放 Scale=324.5558 | 全局 MSE=136.2995 | 耗时=2135.1s
[Worker] 尝试 k=5.634408 | 纯缩放 Scale=226.7750 | 全局 MSE=1562.8404 | 耗时=2152.0s
[Worker] 尝试 k=6.389807 | 纯缩放 Scale=823.8098 | 全局 MSE=52261.4264 | 耗时=2153.1s
[Worker] 尝试 k=10.995956 | 纯缩放 Scale=488.7998 | 全局 MSE=6482.2745 | 耗时=2154.7s
[Worker] 尝试 k=9.927512 | 纯缩放 Scale=613.7874 | 全局 MSE=19044.6575 | 耗时=2156.9s
[Worker] 尝试 k=6.047780 | 纯缩放 Scale=696.4966 | 全局 MSE=29145.8001 | 耗时=2160.3s
[Worker] 尝试 k=7.258385 | 纯缩放 Scale=191.7200 | 全局 MSE=3256.2089 | 耗时=2163.8s
[Worker] 尝试 k=5.883229 | 纯缩放 Scale=309.4598 | 全局 MSE=29.6921 | 耗时=2166.8s
[Worker] 尝试 k=11.352770 | 纯缩放 Scale=386.8561 | 全局 MSE=701.7131 | 耗时=2168.3s
[Worker] 尝试 k=5.652615 | 纯缩放 Scale=332.6162 | 全局 MSE=162.5711 | 耗时=2173.7s
[Worker] 尝试 k=10.804035 | 纯缩放 Scale=357.5450 | 全局 MSE=342.0778 | 耗时=2179.0s
[Worker] 尝试 k=9.467492 | 纯缩放 Scale=492.9760 | 全局 MSE=5842.1994 | 耗时=2179.3s
[Worker] 尝试 k=9.947683 | 纯缩放 Scale=5664.4458 | 全局 MSE=5981723.0922 | 耗时=2180.4s
[Worker] 尝试 k=10.080464 | 纯缩放 Scale=709.3302 | 全局 MSE=33152.6381 | 耗时=2181.2s
[Worker] 尝试 k=6.073129 | 纯缩放 Scale=1287.5429 | 全局 MSE=190988.2049 | 耗时=2184.3s
[Worker] 尝试 k=10.944897 | 纯缩放 Scale=303.1762 | 全局 MSE=332.9691 | 耗时=2192.8s
[Worker] 尝试 k=10.159052 | 纯缩放 Scale=348.1043 | 全局 MSE=326.1201 | 耗时=2193.3s
[Worker] 尝试 k=5.346908 | 纯缩放 Scale=314.8390 | 全局 MSE=82.3287 | 耗时=2195.7s
[Worker] 尝试 k=10.241543 | 纯缩放 Scale=354.4949 | 全局 MSE=240.4233 | 耗时=2196.0s
[Worker] 尝试 k=11.636035 | 纯缩放 Scale=494.2312 | 全局 MSE=5062.1897 | 耗时=2198.6s
[Worker] 尝试 k=11.268955 | 纯缩放 Scale=459.9818 | 全局 MSE=3134.4500 | 耗时=2198.9s
[Worker] 尝试 k=13.168913 | 纯缩放 Scale=466.3567 | 全局 MSE=3726.0890 | 耗时=2199.1s
[Worker] 尝试 k=6.868495 | 纯缩放 Scale=822.0570 | 全局 MSE=49322.3352 | 耗时=2199.2s
[Worker] 尝试 k=5.516907 | 纯缩放 Scale=800.9466 | 全局 MSE=51379.8792 | 耗时=2201.1s
[Worker] 尝试 k=8.348206 | 纯缩放 Scale=340.1540 | 全局 MSE=157.3012 | 耗时=2201.6s
[Worker] 尝试 k=5.097610 | 纯缩放 Scale=4022.0045 | 全局 MSE=3072757.4272 | 耗时=2203.8s
[Worker] 尝试 k=5.891160 | 纯缩放 Scale=844.3742 | 全局 MSE=58789.5408 | 耗时=2203.9s
[Worker] 尝试 k=6.787908 | 纯缩放 Scale=385.0379 | 全局 MSE=642.9767 | 耗时=2204.5s
[Worker] 尝试 k=9.769784 | 纯缩放 Scale=2370.0641 | 全局 MSE=857111.2258 | 耗时=2205.9s
[Worker] 尝试 k=9.543029 | 纯缩放 Scale=1532.3447 | 全局 MSE=286027.3905 | 耗时=2206.7s
[Worker] 尝试 k=5.618113 | 纯缩放 Scale=217.4099 | 全局 MSE=2056.2654 | 耗时=2207.4s
[Worker] 尝试 k=5.344441 | 纯缩放 Scale=346.1045 | 全局 MSE=233.0635 | 耗时=2208.2s
[Worker] 尝试 k=7.543950 | 纯缩放 Scale=195.3414 | 全局 MSE=3640.1733 | 耗时=2208.3s
[Worker] 尝试 k=11.472634 | 纯缩放 Scale=415.5072 | 全局 MSE=1365.0873 | 耗时=2210.0s
[Worker] 尝试 k=9.946185 | 纯缩放 Scale=355.1426 | 全局 MSE=335.2242 | 耗时=2211.5s
[Worker] 尝试 k=6.134821 | 纯缩放 Scale=699.7525 | 全局 MSE=33080.2940 | 耗时=2212.7s
[Worker] 尝试 k=14.734307 | 纯缩放 Scale=599.4696 | 全局 MSE=14531.2863 | 耗时=2215.6s
[Worker] 尝试 k=5.658700 | 纯缩放 Scale=421.9329 | 全局 MSE=2264.7545 | 耗时=2216.6s
[Worker] 尝试 k=6.338794 | 纯缩放 Scale=348.8500 | 全局 MSE=235.3099 | 耗时=2218.5s
[Worker] 尝试 k=11.989473 | 纯缩放 Scale=2120.9982 | 全局 MSE=658526.7383 | 耗时=2219.3s
[Worker] 尝试 k=12.114038 | 纯缩放 Scale=1213.9983 | 全局 MSE=174816.1019 | 耗时=2219.7s
[Worker] 尝试 k=8.256265 | 纯缩放 Scale=486.0239 | 全局 MSE=5769.7500 | 耗时=2221.2s
[Worker] 尝试 k=8.963694 | 纯缩放 Scale=366.2267 | 全局 MSE=371.2904 | 耗时=2222.4s
[Worker] 尝试 k=12.125422 | 纯缩放 Scale=373.4804 | 全局 MSE=719.5538 | 耗时=2222.8s
[Worker] 尝试 k=8.469819 | 纯缩放 Scale=499.8431 | 全局 MSE=6449.8965 | 耗时=2224.0s
[Worker] 尝试 k=8.913443 | 纯缩放 Scale=471.4067 | 全局 MSE=4762.6698 | 耗时=2225.1s
[Worker] 尝试 k=9.522053 | 纯缩放 Scale=630.4280 | 全局 MSE=19558.8356 | 耗时=2225.3s
[Worker] 尝试 k=8.399479 | 纯缩放 Scale=1144.3641 | 全局 MSE=129427.2850 | 耗时=2226.8s
[Worker] 尝试 k=7.798962 | 纯缩放 Scale=1497.0972 | 全局 MSE=310687.1151 | 耗时=2227.6s
[Worker] 尝试 k=7.551767 | 纯缩放 Scale=2028.6548 | 全局 MSE=609397.1227 | 耗时=2227.7s
[Worker] 尝试 k=9.769990 | 纯缩放 Scale=2094.0433 | 全局 MSE=745785.4408 | 耗时=2228.4s
[Worker] 尝试 k=8.546022 | 纯缩放 Scale=436.9356 | 全局 MSE=3424.2108 | 耗时=2229.2s
[Worker] 尝试 k=8.720865 | 纯缩放 Scale=229.5499 | 全局 MSE=1908.0303 | 耗时=2233.3s
[Worker] 尝试 k=5.406802 | 纯缩放 Scale=213.1954 | 全局 MSE=2522.7959 | 耗时=2234.6s
[Worker] 尝试 k=6.075275 | 纯缩放 Scale=896.8903 | 全局 MSE=74243.1493 | 耗时=2235.3s
[Worker] 尝试 k=11.174504 | 纯缩放 Scale=2233.2996 | 全局 MSE=699303.2448 | 耗时=2236.4s
[Worker] 尝试 k=6.934754 | 纯缩放 Scale=403.7513 | 全局 MSE=1663.3291 | 耗时=2236.5s
[Worker] 尝试 k=11.283942 | 纯缩放 Scale=401.2461 | 全局 MSE=1339.4968 | 耗时=2236.5s
[Worker] 尝试 k=7.698385 | 纯缩放 Scale=371.9468 | 全局 MSE=703.9409 | 耗时=2236.8s
[Worker] 尝试 k=8.382155 | 纯缩放 Scale=277.8598 | 全局 MSE=379.9035 | 耗时=2236.8s
[Worker] 尝试 k=5.957686 | 纯缩放 Scale=367.7236 | 全局 MSE=588.6417 | 耗时=2237.0s
[Worker] 尝试 k=13.754777 | 纯缩放 Scale=878.0960 | 全局 MSE=59857.2768 | 耗时=2237.0s
[Worker] 尝试 k=10.146790 | 纯缩放 Scale=380.2606 | 全局 MSE=785.4201 | 耗时=2237.6s
[Worker] 尝试 k=7.950348 | 纯缩放 Scale=305.2988 | 全局 MSE=293.5130 | 耗时=2241.4s
[Worker] 尝试 k=9.011445 | 纯缩放 Scale=1661.5231 | 全局 MSE=381715.5403 | 耗时=2242.1s
[Worker] 尝试 k=6.668061 | 纯缩放 Scale=255.0401 | 全局 MSE=1281.5647 | 耗时=2242.1s
[Worker] 尝试 k=5.910506 | 纯缩放 Scale=587.3342 | 全局 MSE=14248.6310 | 耗时=2242.3s
[Worker] 尝试 k=9.684999 | 纯缩放 Scale=235.0518 | 全局 MSE=2003.5642 | 耗时=2242.6s
[Worker] 尝试 k=12.658990 | 纯缩放 Scale=637.4025 | 全局 MSE=22656.7473 | 耗时=2243.3s
[Worker] 尝试 k=6.156482 | 纯缩放 Scale=12242.6883 | 全局 MSE=34454387.6098 | 耗时=2245.3s
[Worker] 尝试 k=13.534115 | 纯缩放 Scale=1095.6353 | 全局 MSE=114353.6906 | 耗时=2245.5s
[Worker] 尝试 k=6.037990 | 纯缩放 Scale=368.3046 | 全局 MSE=531.6501 | 耗时=2246.3s
[Worker] 尝试 k=5.579985 | 纯缩放 Scale=836.9687 | 全局 MSE=55281.3216 | 耗时=2247.0s
[Worker] 尝试 k=12.924784 | 纯缩放 Scale=382.9039 | 全局 MSE=524.9577 | 耗时=2247.7s
[Worker] 尝试 k=11.963375 | 纯缩放 Scale=1063.6664 | 全局 MSE=115494.0361 | 耗时=2249.1s
[Worker] 尝试 k=12.520155 | 纯缩放 Scale=587.5194 | 全局 MSE=13966.6167 | 耗时=2249.3s
[Worker] 尝试 k=10.914662 | 纯缩放 Scale=4139.5595 | 全局 MSE=3057565.4042 | 耗时=2249.9s
[Worker] 尝试 k=5.173812 | 纯缩放 Scale=1122.8615 | 全局 MSE=134358.3788 | 耗时=2250.0s
[Worker] 尝试 k=6.485341 | 纯缩放 Scale=328.2590 | 全局 MSE=90.9855 | 耗时=2250.0s
[Worker] 尝试 k=7.260442 | 纯缩放 Scale=1433.7385 | 全局 MSE=266947.8015 | 耗时=2251.0s
[Worker] 尝试 k=6.730161 | 纯缩放 Scale=382.1993 | 全局 MSE=841.7972 | 耗时=2253.2s
[Worker] 尝试 k=12.744482 | 纯缩放 Scale=599.5053 | 全局 MSE=14994.9275 | 耗时=2253.5s
[Worker] 尝试 k=10.852375 | 纯缩放 Scale=3692.4143 | 全局 MSE=2424588.4200 | 耗时=2255.0s
[Worker] 尝试 k=10.452424 | 纯缩放 Scale=257.8110 | 全局 MSE=788.3756 | 耗时=2255.1s
[Worker] 尝试 k=6.777976 | 纯缩放 Scale=578.8200 | 全局 MSE=15663.6016 | 耗时=2255.3s
[Worker] 尝试 k=6.276422 | 纯缩放 Scale=743.1111 | 全局 MSE=39983.4167 | 耗时=2256.1s
[Worker] 尝试 k=14.061892 | 纯缩放 Scale=411.1841 | 全局 MSE=1316.1955 | 耗时=2256.1s
[Worker] 尝试 k=5.222269 | 纯缩放 Scale=428.1193 | 全局 MSE=2657.5123 | 耗时=2257.3s
[Worker] 尝试 k=8.756625 | 纯缩放 Scale=500.9281 | 全局 MSE=7108.7397 | 耗时=2259.1s
[Worker] 尝试 k=7.704357 | 纯缩放 Scale=606.5926 | 全局 MSE=13840.9646 | 耗时=2260.5s
[Worker] 尝试 k=9.955252 | 纯缩放 Scale=205.8183 | 全局 MSE=3025.1168 | 耗时=2260.9s
[Worker] 尝试 k=9.680362 | 纯缩放 Scale=359.6577 | 全局 MSE=236.7833 | 耗时=2261.1s
[Worker] 尝试 k=9.946620 | 纯缩放 Scale=235.3661 | 全局 MSE=1650.9299 | 耗时=2261.2s
[Worker] 尝试 k=5.409855 | 纯缩放 Scale=722.3884 | 全局 MSE=37956.9584 | 耗时=2262.1s
[Worker] 尝试 k=11.980936 | 纯缩放 Scale=1678.1444 | 全局 MSE=389091.0637 | 耗时=2262.5s
[Worker] 尝试 k=9.099504 | 纯缩放 Scale=675.0527 | 全局 MSE=27307.3381 | 耗时=2263.6s
[Worker] 尝试 k=7.909288 | 纯缩放 Scale=169.3959 | 全局 MSE=4902.6535 | 耗时=2264.2s
[Worker] 尝试 k=10.903049 | 纯缩放 Scale=287.1941 | 全局 MSE=328.8200 | 耗时=2264.3s
[Worker] 尝试 k=5.435553 | 纯缩放 Scale=218.5294 | 全局 MSE=2291.2065 | 耗时=2264.4s
[Worker] 尝试 k=6.673978 | 纯缩放 Scale=1978.7666 | 全局 MSE=575148.7441 | 耗时=2266.4s
[Worker] 尝试 k=12.340543 | 纯缩放 Scale=363.3667 | 全局 MSE=167.5094 | 耗时=2266.4s
[Worker] 尝试 k=10.024274 | 纯缩放 Scale=244.5825 | 全局 MSE=1350.1007 | 耗时=2266.6s
[Worker] 尝试 k=7.295624 | 纯缩放 Scale=567.1181 | 全局 MSE=14217.6147 | 耗时=2267.1s
[Worker] 尝试 k=9.339510 | 纯缩放 Scale=325.7154 | 全局 MSE=86.9332 | 耗时=2267.5s
[Worker] 尝试 k=7.307917 | 纯缩放 Scale=2003.5780 | 全局 MSE=619329.6862 | 耗时=2267.6s
[Worker] 尝试 k=7.070932 | 纯缩放 Scale=268.1411 | 全局 MSE=959.5749 | 耗时=2268.0s
[Worker] 尝试 k=10.970809 | 纯缩放 Scale=769.6587 | 全局 MSE=46238.4610 | 耗时=2268.6s
[Worker] 尝试 k=7.008430 | 纯缩放 Scale=395.9332 | 全局 MSE=978.6934 | 耗时=2269.1s
[Worker] 尝试 k=5.393285 | 纯缩放 Scale=708.6246 | 全局 MSE=29624.8782 | 耗时=2269.6s
[Worker] 尝试 k=6.326185 | 纯缩放 Scale=255.9477 | 全局 MSE=916.9571 | 耗时=2269.7s
[Worker] 尝试 k=9.971803 | 纯缩放 Scale=590.6723 | 全局 MSE=15603.0457 | 耗时=2269.7s
[Worker] 尝试 k=5.919854 | 纯缩放 Scale=1352.0084 | 全局 MSE=225497.3032 | 耗时=2270.2s
[Worker] 尝试 k=6.548782 | 纯缩放 Scale=464.8795 | 全局 MSE=4174.6994 | 耗时=2270.4s
[Worker] 尝试 k=8.597975 | 纯缩放 Scale=433.6764 | 全局 MSE=2491.8241 | 耗时=2272.0s
[Worker] 尝试 k=10.071510 | 纯缩放 Scale=223.5324 | 全局 MSE=2305.5391 | 耗时=2272.8s
[Worker] 尝试 k=14.428590 | 纯缩放 Scale=595.9450 | 全局 MSE=14739.1488 | 耗时=2273.6s
[Worker] 尝试 k=7.843386 | 纯缩放 Scale=275.5437 | 全局 MSE=404.6868 | 耗时=2273.9s
[Worker] 尝试 k=10.463410 | 纯缩放 Scale=2571.8712 | 全局 MSE=1098118.2778 | 耗时=2274.5s
[Worker] 尝试 k=11.577769 | 纯缩放 Scale=479.0586 | 全局 MSE=4406.7536 | 耗时=2275.8s
[Worker] 尝试 k=10.633794 | 纯缩放 Scale=275.6781 | 全局 MSE=520.0434 | 耗时=2275.9s
[Worker] 尝试 k=11.515830 | 纯缩放 Scale=317.8364 | 全局 MSE=90.3706 | 耗时=2276.5s
[Worker] 尝试 k=5.743526 | 纯缩放 Scale=443.3463 | 全局 MSE=3595.0106 | 耗时=2276.6s
[Worker] 尝试 k=12.634954 | 纯缩放 Scale=1435.9813 | 全局 MSE=282225.5179 | 耗时=2276.9s
[Worker] 尝试 k=7.276913 | 纯缩放 Scale=211.9837 | 全局 MSE=3005.7635 | 耗时=2277.1s
[Worker] 尝试 k=7.197477 | 纯缩放 Scale=425.2958 | 全局 MSE=2124.2940 | 耗时=2279.6s
[Worker] 尝试 k=5.820612 | 纯缩放 Scale=382.8861 | 全局 MSE=703.2404 | 耗时=2280.3s
[Worker] 尝试 k=14.929448 | 纯缩放 Scale=528.0424 | 全局 MSE=9397.8804 | 耗时=2280.6s
[Worker] 尝试 k=7.788919 | 纯缩放 Scale=466.4153 | 全局 MSE=3457.6720 | 耗时=2280.7s
[Worker] 尝试 k=9.644157 | 纯缩放 Scale=319.2860 | 全局 MSE=82.3227 | 耗时=2280.9s
[Worker] 尝试 k=9.862440 | 纯缩放 Scale=926.8104 | 全局 MSE=83837.2567 | 耗时=2281.2s
[Worker] 尝试 k=10.643437 | 纯缩放 Scale=485.3832 | 全局 MSE=6033.4225 | 耗时=2281.2s
[Worker] 尝试 k=10.474593 | 纯缩放 Scale=480.4897 | 全局 MSE=6464.3109 | 耗时=2281.4s
[Worker] 尝试 k=6.967533 | 纯缩放 Scale=482.6461 | 全局 MSE=5778.8248 | 耗时=2281.5s
[Worker] 尝试 k=10.889565 | 纯缩放 Scale=249.1229 | 全局 MSE=1183.6821 | 耗时=2281.9s
[Worker] 尝试 k=10.354668 | 纯缩放 Scale=400.2945 | 全局 MSE=1039.8780 | 耗时=2281.9s
[Worker] 尝试 k=6.609170 | 纯缩放 Scale=644.0792 | 全局 MSE=22024.3297 | 耗时=2282.5s
[Worker] 尝试 k=8.844657 | 纯缩放 Scale=402.1819 | 全局 MSE=1841.6035 | 耗时=2282.9s
[Worker] 尝试 k=12.264243 | 纯缩放 Scale=390.6075 | 全局 MSE=560.0363 | 耗时=2283.0s
[Worker] 尝试 k=7.101145 | 纯缩放 Scale=422.0898 | 全局 MSE=2088.9407 | 耗时=2283.8s
[Worker] 尝试 k=5.822981 | 纯缩放 Scale=230.4846 | 全局 MSE=1882.7381 | 耗时=2283.9s
[Worker] 尝试 k=13.281556 | 纯缩放 Scale=362.0433 | 全局 MSE=256.7565 | 耗时=2284.9s
[Worker] 尝试 k=12.311902 | 纯缩放 Scale=230.1178 | 全局 MSE=2225.3458 | 耗时=2285.3s
[Worker] 尝试 k=9.048808 | 纯缩放 Scale=684.2672 | 全局 MSE=26626.8284 | 耗时=2285.4s
[Worker] 尝试 k=10.517231 | 纯缩放 Scale=325.4461 | 全局 MSE=53.5342 | 耗时=2286.3s
[Worker] 尝试 k=11.689001 | 纯缩放 Scale=644.5142 | 全局 MSE=19629.3723 | 耗时=2286.4s
[Worker] 尝试 k=13.937714 | 纯缩放 Scale=574.1548 | 全局 MSE=12394.8070 | 耗时=2286.5s
[Worker] 尝试 k=13.005273 | 纯缩放 Scale=1059.9556 | 全局 MSE=109737.5601 | 耗时=2286.9s
[Worker] 尝试 k=5.509623 | 纯缩放 Scale=333.9359 | 全局 MSE=171.1713 | 耗时=2286.9s
[Worker] 尝试 k=5.872660 | 纯缩放 Scale=467.2092 | 全局 MSE=5494.3686 | 耗时=2286.9s[Worker] 尝试 k=8.334597 | 纯缩放 Scale=217.3356 | 全局 MSE=2554.9336 | 耗时=2286.9s

[Worker] 尝试 k=11.513284 | 纯缩放 Scale=359.6243 | 全局 MSE=389.3487 | 耗时=2287.1s
[Worker] 尝试 k=6.859847 | 纯缩放 Scale=350.5941 | 全局 MSE=199.6961 | 耗时=2287.2s
[Worker] 尝试 k=5.114144 | 纯缩放 Scale=344.7615 | 全局 MSE=280.4880 | 耗时=2287.8s
[Worker] 尝试 k=8.792192 | 纯缩放 Scale=230.9723 | 全局 MSE=1608.6214 | 耗时=2287.9s
[Worker] 尝试 k=11.831569 | 纯缩放 Scale=333.1378 | 全局 MSE=90.4618 | 耗时=2288.2s
[Worker] 尝试 k=7.102281 | 纯缩放 Scale=270.6988 | 全局 MSE=781.7688 | 耗时=2288.2s
[Worker] 尝试 k=7.931069 | 纯缩放 Scale=534.5915 | 全局 MSE=10429.1557 | 耗时=2288.6s
[Worker] 尝试 k=5.736766 | 纯缩放 Scale=332.7823 | 全局 MSE=84.2814 | 耗时=2288.9s
[Worker] 尝试 k=7.075267 | 纯缩放 Scale=957.9833 | 全局 MSE=86090.4869 | 耗时=2289.5s
[Worker] 尝试 k=7.475850 | 纯缩放 Scale=210.8124 | 全局 MSE=2410.9148 | 耗时=2289.8s
[Worker] 尝试 k=7.315494 | 纯缩放 Scale=186.9911 | 全局 MSE=3905.2440 | 耗时=2290.1s
[Worker] 尝试 k=7.302766 | 纯缩放 Scale=321.4352 | 全局 MSE=45.0241 | 耗时=2291.2s
[Worker] 尝试 k=7.749372 | 纯缩放 Scale=349.2312 | 全局 MSE=282.5108 | 耗时=2291.2s
[Worker] 尝试 k=9.187557 | 纯缩放 Scale=1463.3347 | 全局 MSE=287672.8009 | 耗时=2291.5s
[Worker] 尝试 k=7.324525 | 纯缩放 Scale=326.1258 | 全局 MSE=80.0184 | 耗时=2291.8s
[Worker] 尝试 k=9.938662 | 纯缩放 Scale=6643.7470 | 全局 MSE=8178291.4168 | 耗时=2292.1s
[Worker] 尝试 k=9.327316 | 纯缩放 Scale=300.8375 | 全局 MSE=159.9228 | 耗时=2292.5s
[Worker] 尝试 k=7.110440 | 纯缩放 Scale=545.0103 | 全局 MSE=11175.8648 | 耗时=2293.5s
[Worker] 尝试 k=14.707536 | 纯缩放 Scale=370.7354 | 全局 MSE=409.3872 | 耗时=2293.7s
[Worker] 尝试 k=12.809948 | 纯缩放 Scale=304.4044 | 全局 MSE=122.7962 | 耗时=2293.8s
[Worker] 尝试 k=12.501932 | 纯缩放 Scale=713.2120 | 全局 MSE=33785.1459 | 耗时=2294.2s
[Worker] 尝试 k=5.953580 | 纯缩放 Scale=250.6393 | 全局 MSE=968.5881 | 耗时=2294.5s
[Worker] 尝试 k=8.346437 | 纯缩放 Scale=518.8776 | 全局 MSE=8117.6135 | 耗时=2295.0s
[Worker] 尝试 k=10.969239 | 纯缩放 Scale=1460.0045 | 全局 MSE=257054.8663 | 耗时=2295.3s
[Worker] 尝试 k=9.417770 | 纯缩放 Scale=374.2672 | 全局 MSE=565.9540 | 耗时=2295.4s
[Worker] 尝试 k=6.021266 | 纯缩放 Scale=279.3528 | 全局 MSE=419.5665 | 耗时=2295.6s
[Worker] 尝试 k=8.240740 | 纯缩放 Scale=962.1758 | 全局 MSE=84657.8715 | 耗时=2296.0s
[Worker] 尝试 k=5.626941 | 纯缩放 Scale=422.0109 | 全局 MSE=2170.7566 | 耗时=2296.5s
[Worker] 尝试 k=10.586346 | 纯缩放 Scale=477.3542 | 全局 MSE=4311.8211 | 耗时=2296.5s
[Worker] 尝试 k=8.871042 | 纯缩放 Scale=1911.5861 | 全局 MSE=552729.9506 | 耗时=2298.0s
[Worker] 尝试 k=6.271306 | 纯缩放 Scale=298.9064 | 全局 MSE=349.1584 | 耗时=2298.2s
[Worker] 尝试 k=8.617410 | 纯缩放 Scale=416.4306 | 全局 MSE=2735.0576 | 耗时=2298.5s
[Worker] 尝试 k=9.737287 | 纯缩放 Scale=234.3848 | 全局 MSE=1625.2119 | 耗时=2298.5s
[Worker] 尝试 k=9.266857 | 纯缩放 Scale=541.7337 | 全局 MSE=11798.0788 | 耗时=2299.0s
[Worker] 尝试 k=7.831453 | 纯缩放 Scale=431.3611 | 全局 MSE=2437.6612 | 耗时=2299.0s
[Worker] 尝试 k=8.764898 | 纯缩放 Scale=534.3567 | 全局 MSE=10301.5684 | 耗时=2299.2s
[Worker] 尝试 k=6.271930 | 纯缩放 Scale=285.8975 | 全局 MSE=303.0732 | 耗时=2299.3s
[Worker] 尝试 k=14.732722 | 纯缩放 Scale=423.3134 | 全局 MSE=2053.5147 | 耗时=2299.3s
[Worker] 尝试 k=9.778626 | 纯缩放 Scale=457.2614 | 全局 MSE=4093.4991 | 耗时=2299.6s
[Worker] 尝试 k=7.293882 | 纯缩放 Scale=475.2971 | 全局 MSE=4954.3057 | 耗时=2299.6s
[Worker] 尝试 k=9.647283 | 纯缩放 Scale=348.8998 | 全局 MSE=128.1761 | 耗时=2300.2s
[Worker] 尝试 k=11.783304 | 纯缩放 Scale=460.3997 | 全局 MSE=4296.5796 | 耗时=2300.3s
[Worker] 尝试 k=8.238987 | 纯缩放 Scale=742.9235 | 全局 MSE=36819.3480 | 耗时=2300.5s
[Worker] 尝试 k=7.946031 | 纯缩放 Scale=654.3833 | 全局 MSE=28330.5043 | 耗时=2300.8s
[Worker] 尝试 k=10.021629 | 纯缩放 Scale=1004.9162 | 全局 MSE=103943.6681 | 耗时=2301.2s
[Worker] 尝试 k=11.670768 | 纯缩放 Scale=373.9438 | 全局 MSE=584.8505 | 耗时=2301.3s
[Worker] 尝试 k=12.036303 | 纯缩放 Scale=568.0497 | 全局 MSE=12636.2691 | 耗时=2301.3s
[Worker] 尝试 k=12.669106 | 纯缩放 Scale=1050.2714 | 全局 MSE=111617.6765 | 耗时=2302.3s
[Worker] 尝试 k=8.138326 | 纯缩放 Scale=218.2973 | 全局 MSE=2589.4058 | 耗时=2302.4s
[Worker] 尝试 k=13.108878 | 纯缩放 Scale=360.7973 | 全局 MSE=336.6251 | 耗时=2302.7s
[Worker] 尝试 k=13.792369 | 纯缩放 Scale=241.2251 | 全局 MSE=1422.6535 | 耗时=2302.8s
[Worker] 尝试 k=10.532734 | 纯缩放 Scale=554.4751 | 全局 MSE=10729.7267 | 耗时=2303.3s
[Worker] 尝试 k=6.606368 | 纯缩放 Scale=375.8925 | 全局 MSE=762.9164 | 耗时=2303.3s
[Worker] 尝试 k=10.844942 | 纯缩放 Scale=858.7965 | 全局 MSE=63275.7979 | 耗时=2303.9s
[Worker] 尝试 k=12.791018 | 纯缩放 Scale=358.9960 | 全局 MSE=373.7855 | 耗时=2303.9s
[Worker] 尝试 k=5.910297 | 纯缩放 Scale=1868.0334 | 全局 MSE=492161.7806 | 耗时=2303.9s
[Worker] 尝试 k=5.601149 | 纯缩放 Scale=326.9812 | 全局 MSE=126.1956 | 耗时=2304.1s
[Worker] 尝试 k=7.779448 | 纯缩放 Scale=429.1652 | 全局 MSE=3043.9332 | 耗时=2304.3s
[Worker] 尝试 k=8.865920 | 纯缩放 Scale=1223.1937 | 全局 MSE=184216.4519 | 耗时=2304.4s
[Worker] 尝试 k=9.022106 | 纯缩放 Scale=748.6311 | 全局 MSE=39218.2774 | 耗时=2304.4s
[Worker] 尝试 k=6.076692 | 纯缩放 Scale=915.8854 | 全局 MSE=83577.7651 | 耗时=2304.6s
[Worker] 尝试 k=11.378220 | 纯缩放 Scale=354.3224 | 全局 MSE=269.8008 | 耗时=2304.6s
[Worker] 尝试 k=6.316930 | 纯缩放 Scale=298.6800 | 全局 MSE=125.1725 | 耗时=2304.7s
[Worker] 尝试 k=5.161083 | 纯缩放 Scale=255.3572 | 全局 MSE=821.2096 | 耗时=2304.7s
[Worker] 尝试 k=9.070450 | 纯缩放 Scale=472.8293 | 全局 MSE=5141.9677 | 耗时=2305.5s
[Worker] 尝试 k=11.053203 | 纯缩放 Scale=260.4748 | 全局 MSE=793.8778 | 耗时=2305.8s
[Worker] 尝试 k=8.643140 | 纯缩放 Scale=204.7290 | 全局 MSE=2651.7178 | 耗时=2306.0s
[Worker] 尝试 k=9.076031 | 纯缩放 Scale=807.5532 | 全局 MSE=49883.9054 | 耗时=2306.1s
[Worker] 尝试 k=12.706292 | 纯缩放 Scale=545.4432 | 全局 MSE=12612.1980 | 耗时=2306.3s
[Worker] 尝试 k=10.322390 | 纯缩放 Scale=586.7705 | 全局 MSE=15059.4766 | 耗时=2306.5s
[Worker] 尝试 k=9.456641 | 纯缩放 Scale=530.6771 | 全局 MSE=9633.2823 | 耗时=2306.6s
[Worker] 尝试 k=7.129855 | 纯缩放 Scale=1721.1440 | 全局 MSE=478957.0229 | 耗时=2306.9s
[Worker] 尝试 k=9.074926 | 纯缩放 Scale=1019.4312 | 全局 MSE=100796.9164 | 耗时=2307.2s
[Worker] 尝试 k=9.881119 | 纯缩放 Scale=620.2020 | 全局 MSE=18585.2291 | 耗时=2307.2s
[Worker] 尝试 k=8.709995 | 纯缩放 Scale=452.4222 | 全局 MSE=3612.8034 | 耗时=2307.3s
[Worker] 尝试 k=5.931876 | 纯缩放 Scale=467.4413 | 全局 MSE=4768.6891 | 耗时=2307.3s
[Worker] 尝试 k=7.395550 | 纯缩放 Scale=552.1626 | 全局 MSE=9760.0996 | 耗时=2307.5s
[Worker] 尝试 k=9.368077 | 纯缩放 Scale=1223.2639 | 全局 MSE=180616.6089 | 耗时=2307.5s
[Worker] 尝试 k=8.963516 | 纯缩放 Scale=731.7628 | 全局 MSE=39110.7017 | 耗时=2307.7s
[Worker] 尝试 k=7.676807 | 纯缩放 Scale=301.5246 | 全局 MSE=135.8053 | 耗时=2307.7s
[Worker] 尝试 k=5.156896 | 纯缩放 Scale=473.6252 | 全局 MSE=4317.2599 | 耗时=2308.0s
[Worker] 尝试 k=9.059280 | 纯缩放 Scale=549.0280 | 全局 MSE=10067.1433 | 耗时=2308.2s
[Worker] 尝试 k=8.586053 | 纯缩放 Scale=365.4643 | 全局 MSE=497.5398 | 耗时=2308.3s
[Worker] 尝试 k=10.971011 | 纯缩放 Scale=263.3659 | 全局 MSE=745.9865 | 耗时=2308.4s
[Worker] 尝试 k=10.689273 | 纯缩放 Scale=517.3850 | 全局 MSE=7905.8398 | 耗时=2308.6s
[Worker] 尝试 k=8.729835 | 纯缩放 Scale=312.0417 | 全局 MSE=61.8436 | 耗时=2308.7s
differential_evolution step 10: f(x)= 20.22443153277452

[+] 256核暴风寻优结束！总耗时: 424.56 分钟

======================================================================
🎯 算力镇压大获全胜！拿到无死角纯缩放圣杯：
[*] 最优 1D 宏观退火常数 (k1) = np.float64(7.4294192030573)
[*] 全局纯缩放极限残差 (MSE) = np.float64(20.22443153277452)
======================================================================
