nohup: ignoring input
=====================================================================================
🚀 算力怪兽重归正道：256核并行 | 强制 b=0 纯比例拟合 (寻找物理圣杯)
=====================================================================================
[*] 正在加载 100 阶黎曼零点真值...
[*] 锁定 100 亿步混沌演化 | 物理限制: b ≡ 0 (无漂移)
[Worker] k=8.808583 | MSE=75.0941 | Scale=326.3783 | 耗时=1991.8s
[Worker] k=4.487686 | MSE=121.9621 | Scale=316.4346 | 耗时=2056.0s
[Worker] k=8.434449 | MSE=104.8265 | Scale=326.3288 | 耗时=2087.9s
[Worker] k=9.016680 | MSE=47.4797 | Scale=323.6493 | 耗时=2088.2s
[Worker] k=11.620400 | MSE=105.0943 | Scale=333.2886 | 耗时=2113.7s
[Worker] k=6.182360 | MSE=70.1173 | Scale=319.7133 | 耗时=2118.5s
[Worker] k=4.883769 | MSE=116.7079 | Scale=316.6539 | 耗时=2120.5s
[Worker] k=13.798992 | MSE=66.4548 | Scale=337.5289 | 耗时=2136.9s
[Worker] k=4.907673 | MSE=43.8260 | Scale=317.7166 | 耗时=2139.4s
[Worker] k=12.805541 | MSE=125.1876 | Scale=330.8219 | 耗时=2142.4s
[Worker] k=4.777977 | MSE=103.7209 | Scale=320.2779 | 耗时=2143.7s
[Worker] k=3.876272 | MSE=39.0633 | Scale=315.7956 | 耗时=2146.4s
[Worker] k=10.295137 | MSE=72.1240 | Scale=324.0573 | 耗时=2147.7s
[Worker] k=10.743544 | MSE=11.8631 | Scale=312.5207 | 耗时=2148.7s
[Worker] k=13.534492 | MSE=81.7891 | Scale=337.6508 | 耗时=2154.0s
[Worker] k=10.419038 | MSE=150.0330 | Scale=328.3467 | 耗时=2157.8s
[Worker] k=14.506133 | MSE=56.9300 | Scale=329.9170 | 耗时=2160.5s
[Worker] k=8.264788 | MSE=109.8942 | Scale=326.7874 | 耗时=2161.9s
[Worker] k=12.194881 | MSE=47.6325 | Scale=320.8839 | 耗时=2174.3s
[Worker] k=11.241431 | MSE=34.6898 | Scale=315.3660 | 耗时=2176.2s
[Worker] k=4.741685 | MSE=85.6096 | Scale=323.3900 | 耗时=2181.0s
[Worker] k=14.098850 | MSE=53.1959 | Scale=323.6209 | 耗时=2185.5s
[Worker] k=3.062112 | MSE=138.2231 | Scale=326.3592 | 耗时=2191.5s
[Worker] k=12.530669 | MSE=76.7513 | Scale=331.5561 | 耗时=2193.5s
[Worker] k=14.652860 | MSE=140.2898 | Scale=339.2466 | 耗时=2199.6s
[Worker] k=3.490040 | MSE=67.9519 | Scale=318.9713 | 耗时=2203.4s
[Worker] k=8.175163 | MSE=173.2513 | Scale=332.0502 | 耗时=2208.5s
[Worker] k=11.526150 | MSE=32.8345 | Scale=321.1611 | 耗时=2210.0s
[Worker] k=8.090337 | MSE=98.0181 | Scale=321.9636 | 耗时=2212.4s
[Worker] k=10.917541 | MSE=115.8728 | Scale=320.1120 | 耗时=2212.5s
[Worker] k=2.173448 | MSE=120.6908 | Scale=330.0223 | 耗时=2213.9s
[Worker] k=5.250985 | MSE=93.5345 | Scale=318.3026 | 耗时=2215.1s
[Worker] k=7.221359 | MSE=20.7659 | Scale=326.6123 | 耗时=2216.8s
[Worker] k=8.461323 | MSE=87.7729 | Scale=331.2799 | 耗时=2218.0s
[Worker] k=10.337580 | MSE=50.8883 | Scale=316.0342 | 耗时=2218.6s
[Worker] k=9.774225 | MSE=67.6189 | Scale=323.8642 | 耗时=2220.2s
[Worker] k=13.517056 | MSE=90.3052 | Scale=331.8476 | 耗时=2220.2s
[Worker] k=6.430889 | MSE=19.2346 | Scale=328.0596 | 耗时=2223.2s
[Worker] k=14.175808 | MSE=68.1468 | Scale=322.4439 | 耗时=2224.7s
[Worker] k=14.707606 | MSE=74.9686 | Scale=336.8642 | 耗时=2225.7s
[Worker] k=5.499410 | MSE=98.4856 | Scale=317.5588 | 耗时=2226.6s
[Worker] k=5.214206 | MSE=118.6754 | Scale=328.8112 | 耗时=2227.8s
[Worker] k=5.509959 | MSE=109.9872 | Scale=329.6498 | 耗时=2228.6s
[Worker] k=5.001905 | MSE=49.7384 | Scale=327.0827 | 耗时=2230.1s
[Worker] k=12.034264 | MSE=75.0574 | Scale=326.6162 | 耗时=2235.7s
[Worker] k=3.445170 | MSE=50.4764 | Scale=324.0490 | 耗时=2236.6s
[Worker] k=2.535481 | MSE=80.3415 | Scale=319.2518 | 耗时=2236.7s
[Worker] k=5.634544 | MSE=180.9827 | Scale=341.6701 | 耗时=2237.8s
[Worker] k=4.640980 | MSE=63.8625 | Scale=319.6484 | 耗时=2240.7s
[Worker] k=10.653298 | MSE=88.1575 | Scale=322.1696 | 耗时=2242.1s[Worker] k=11.590225 | MSE=114.1979 | Scale=334.5039 | 耗时=2242.1s

[Worker] k=8.557515 | MSE=45.0686 | Scale=315.7944 | 耗时=2242.9s
[Worker] k=13.231585 | MSE=49.4679 | Scale=333.5170 | 耗时=2243.8s
[Worker] k=9.757552 | MSE=20.2380 | Scale=305.8568 | 耗时=2243.8s
[Worker] k=6.815428 | MSE=70.8200 | Scale=322.5174 | 耗时=2246.5s
[Worker] k=4.395093 | MSE=54.3707 | Scale=311.0371 | 耗时=2246.8s
[Worker] k=11.463349 | MSE=99.8382 | Scale=328.9993 | 耗时=2247.5s
[Worker] k=12.856848 | MSE=104.0518 | Scale=337.9115 | 耗时=2248.0s
[Worker] k=6.102101 | MSE=22.7015 | Scale=311.1666 | 耗时=2249.2s
[Worker] k=10.821206 | MSE=99.1459 | Scale=336.0483 | 耗时=2251.2s
[Worker] k=14.791341 | MSE=60.8574 | Scale=333.3111 | 耗时=2252.2s
[Worker] k=6.250179 | MSE=47.2104 | Scale=321.6183 | 耗时=2252.4s
[Worker] k=9.250073 | MSE=40.6889 | Scale=321.6636 | 耗时=2252.6s
[Worker] k=3.014505 | MSE=112.2835 | Scale=324.6621 | 耗时=2252.7s
[Worker] k=5.578368 | MSE=92.0202 | Scale=322.0143 | 耗时=2253.1s
[Worker] k=5.450339 | MSE=106.3967 | Scale=324.3726 | 耗时=2253.7s
[Worker] k=3.682257 | MSE=104.2382 | Scale=330.4669 | 耗时=2253.7s
[Worker] k=6.627771 | MSE=23.0967 | Scale=310.0136 | 耗时=2253.7s
[Worker] k=7.052296 | MSE=73.9636 | Scale=331.7951 | 耗时=2253.9s
[Worker] k=11.255505 | MSE=87.0715 | Scale=324.6016 | 耗时=2254.1s
[Worker] k=14.387487 | MSE=71.0093 | Scale=320.7710 | 耗时=2254.7s
[Worker] k=6.003571 | MSE=36.8570 | Scale=307.0147 | 耗时=2255.2s
[Worker] k=9.156405 | MSE=21.4693 | Scale=305.9395 | 耗时=2256.9s
[Worker] k=2.043863 | MSE=29.0321 | Scale=311.7657 | 耗时=2261.0s
[Worker] k=14.444441 | MSE=115.4850 | Scale=336.5710 | 耗时=2262.9s
[Worker] k=4.012155 | MSE=61.9157 | Scale=320.3539 | 耗时=2263.3s
[Worker] k=5.181930 | MSE=76.7021 | Scale=313.5218 | 耗时=2263.9s
[Worker] k=5.895979 | MSE=121.9743 | Scale=337.0928 | 耗时=2264.0s
[Worker] k=6.118916 | MSE=55.4496 | Scale=318.0655 | 耗时=2270.5s
[Worker] k=11.008567 | MSE=83.9899 | Scale=325.9558 | 耗时=2270.8s
[Worker] k=6.371072 | MSE=85.5777 | Scale=326.7655 | 耗时=2271.8s
[Worker] k=4.989625 | MSE=52.8620 | Scale=314.3823 | 耗时=2275.3s
[Worker] k=7.360508 | MSE=30.3347 | Scale=318.5404 | 耗时=2277.1s
[Worker] k=14.857657 | MSE=47.2535 | Scale=324.5779 | 耗时=2278.3s
[Worker] k=10.204898 | MSE=58.9819 | Scale=309.6646 | 耗时=2280.0s
[Worker] k=8.753507 | MSE=91.6908 | Scale=333.8137 | 耗时=2280.1s
[Worker] k=11.397939 | MSE=168.8673 | Scale=338.9816 | 耗时=2280.4s
[Worker] k=8.386015 | MSE=66.4540 | Scale=313.1253 | 耗时=2281.9s
[Worker] k=14.067296 | MSE=58.2124 | Scale=327.0539 | 耗时=2282.4s
[Worker] k=13.211969 | MSE=36.0189 | Scale=330.6848 | 耗时=2284.7s
[Worker] k=11.374867 | MSE=67.3619 | Scale=314.7959 | 耗时=2285.1s
[Worker] k=7.263691 | MSE=79.3932 | Scale=327.4466 | 耗时=2285.7s
[Worker] k=6.513065 | MSE=47.4400 | Scale=325.9481 | 耗时=2286.4s
[Worker] k=8.870842 | MSE=119.2778 | Scale=330.8924 | 耗时=2286.6s
[Worker] k=9.669397 | MSE=58.0710 | Scale=312.1518 | 耗时=2286.6s
[Worker] k=11.075592 | MSE=77.7864 | Scale=337.1534 | 耗时=2287.2s
[Worker] k=7.977669 | MSE=117.8470 | Scale=337.8071 | 耗时=2287.6s
[Worker] k=9.479977 | MSE=40.3138 | Scale=324.6435 | 耗时=2288.5s
[Worker] k=9.937032 | MSE=39.7284 | Scale=311.8522 | 耗时=2289.1s
[Worker] k=13.077776 | MSE=54.0916 | Scale=316.3347 | 耗时=2289.3s
[Worker] k=2.890125 | MSE=40.2981 | Scale=310.4740 | 耗时=2289.7s
[Worker] k=3.237724 | MSE=139.6034 | Scale=330.7372 | 耗时=2290.6s
[Worker] k=12.887087 | MSE=33.3922 | Scale=320.8109 | 耗时=2291.6s
[Worker] k=10.952543 | MSE=219.1552 | Scale=328.6026 | 耗时=2292.5s
[Worker] k=12.359867 | MSE=93.6942 | Scale=317.0733 | 耗时=2292.9s
[Worker] k=2.852985 | MSE=92.4066 | Scale=322.4729 | 耗时=2295.2s
[Worker] k=14.825769 | MSE=123.6312 | Scale=334.7805 | 耗时=2295.6s
[Worker] k=2.129895 | MSE=57.6472 | Scale=326.1222 | 耗时=2296.2s
[Worker] k=13.834782 | MSE=194.9604 | Scale=336.3034 | 耗时=2296.9s
[Worker] k=5.081970 | MSE=26.6627 | Scale=314.0221 | 耗时=2297.6s
[Worker] k=2.681198 | MSE=158.9158 | Scale=341.2793 | 耗时=2298.0s
[Worker] k=5.953536 | MSE=59.8645 | Scale=319.8108 | 耗时=2298.5s
[Worker] k=12.507054 | MSE=63.1155 | Scale=316.5123 | 耗时=2298.6s
[Worker] k=2.380579 | MSE=52.0680 | Scale=307.9579 | 耗时=2298.5s
[Worker] k=14.003065 | MSE=109.3372 | Scale=324.4995 | 耗时=2298.6s
[Worker] k=2.793003 | MSE=48.8995 | Scale=321.2537 | 耗时=2299.0s
[Worker] k=6.919651 | MSE=111.6928 | Scale=331.0823 | 耗时=2299.2s
[Worker] k=10.038784 | MSE=63.0329 | Scale=329.2165 | 耗时=2299.5s
[Worker] k=13.960633 | MSE=59.7715 | Scale=333.6101 | 耗时=2300.6s
[Worker] k=4.125394 | MSE=120.1344 | Scale=327.2833 | 耗时=2300.8s
[Worker] k=12.219181 | MSE=182.1325 | Scale=350.5056 | 耗时=2300.9s
[Worker] k=7.820929 | MSE=54.3596 | Scale=311.3467 | 耗时=2301.3s
[Worker] k=2.919897 | MSE=93.9384 | Scale=312.3538 | 耗时=2302.6s
[Worker] k=2.055810 | MSE=79.5044 | Scale=319.7254 | 耗时=2303.4s
[Worker] k=13.030412 | MSE=69.7550 | Scale=344.9601 | 耗时=2303.6s
[Worker] k=7.311196 | MSE=75.0551 | Scale=322.9326 | 耗时=2305.1s
[Worker] k=3.750305 | MSE=69.7522 | Scale=314.6982 | 耗时=2305.3s[Worker] k=9.916930 | MSE=81.7827 | Scale=325.8210 | 耗时=2305.3s
[Worker] k=9.430603 | MSE=26.1554 | Scale=299.6485 | 耗时=2305.3s

[Worker] k=5.659328 | MSE=54.3008 | Scale=333.0546 | 耗时=2306.8s
[Worker] k=3.319594 | MSE=127.7968 | Scale=336.7200 | 耗时=2306.9s
[Worker] k=14.571474 | MSE=34.3758 | Scale=332.1644 | 耗时=2306.9s
[Worker] k=12.091603 | MSE=50.2665 | Scale=320.3654 | 耗时=2307.3s
[Worker] k=12.336154 | MSE=126.7646 | Scale=335.5225 | 耗时=2307.4s
[Worker] k=14.909875 | MSE=63.8113 | Scale=324.8848 | 耗时=2307.6s
[Worker] k=7.875239 | MSE=105.9460 | Scale=342.1071 | 耗时=2307.6s
[Worker] k=3.155871 | MSE=109.6181 | Scale=328.2204 | 耗时=2308.0s
[Worker] k=3.959669 | MSE=56.5687 | Scale=314.0254 | 耗时=2308.4s
[Worker] k=8.994595 | MSE=61.6341 | Scale=322.3823 | 耗时=2308.5s
[Worker] k=2.306320 | MSE=49.9896 | Scale=318.6905 | 耗时=2309.1s
[Worker] k=10.716107 | MSE=74.8927 | Scale=322.7349 | 耗时=2309.4s
[Worker] k=4.215452 | MSE=57.1673 | Scale=323.7091 | 耗时=2310.4s
[Worker] k=11.296632 | MSE=68.8158 | Scale=309.1572 | 耗时=2311.6s
[Worker] k=12.985436 | MSE=109.7973 | Scale=329.6269 | 耗时=2311.9s
[Worker] k=10.129648 | MSE=81.3560 | Scale=329.9908 | 耗时=2312.7s
[Worker] k=14.276058 | MSE=50.9591 | Scale=328.7732 | 耗时=2314.0s
[Worker] k=6.764147 | MSE=84.9667 | Scale=326.6896 | 耗时=2315.7s
[Worker] k=10.455725 | MSE=43.4901 | Scale=319.7725 | 耗时=2316.4s
[Worker] k=13.457757 | MSE=92.0910 | Scale=331.2084 | 耗时=2316.5s
[Worker] k=6.270765 | MSE=118.0560 | Scale=330.3821 | 耗时=2317.8s
[Worker] k=12.632154 | MSE=77.6754 | Scale=335.5655 | 耗时=2320.0s
[Worker] k=6.018210 | MSE=66.4476 | Scale=326.8419 | 耗时=2320.1s
[Worker] k=9.999186 | MSE=40.1528 | Scale=331.4890 | 耗时=2320.9s
[Worker] k=10.870556 | MSE=125.5859 | Scale=337.4537 | 耗时=2321.2s
[Worker] k=8.656063 | MSE=49.6542 | Scale=324.3965 | 耗时=2322.7s
[Worker] k=12.269160 | MSE=32.8850 | Scale=310.8684 | 耗时=2323.0s
[Worker] k=14.996917 | MSE=145.3553 | Scale=339.4413 | 耗时=2323.5s
[Worker] k=8.512130 | MSE=43.2578 | Scale=320.5235 | 耗时=2324.6s
[Worker] k=6.673394 | MSE=71.8052 | Scale=315.8436 | 耗时=2324.7s
[Worker] k=3.088189 | MSE=32.0727 | Scale=320.9432 | 耗时=2325.7s
[Worker] k=9.557139 | MSE=92.9535 | Scale=327.7721 | 耗时=2326.0s
[Worker] k=8.776374 | MSE=66.0265 | Scale=325.3334 | 耗时=2328.0s
[Worker] k=9.615441 | MSE=58.6527 | Scale=333.4374 | 耗时=2328.0s
[Worker] k=3.397074 | MSE=113.4929 | Scale=330.7707 | 耗时=2328.4s
[Worker] k=8.315467 | MSE=88.3085 | Scale=322.6020 | 耗时=2328.4s
[Worker] k=8.635805 | MSE=41.9150 | Scale=321.9013 | 耗时=2329.0s
[Worker] k=7.894183 | MSE=60.7721 | Scale=322.1029 | 耗时=2329.2s
[Worker] k=7.651696 | MSE=46.8390 | Scale=331.6330 | 耗时=2329.3s[Worker] k=3.340628 | MSE=31.1835 | Scale=308.4676 | 耗时=2329.3s

[Worker] k=4.174548 | MSE=65.3884 | Scale=319.3998 | 耗时=2329.3s
[Worker] k=2.417675 | MSE=61.4541 | Scale=318.9497 | 耗时=2329.5s
[Worker] k=6.537050 | MSE=40.7350 | Scale=325.2666 | 耗时=2330.1s
[Worker] k=2.492708 | MSE=56.3464 | Scale=310.4499 | 耗时=2330.2s
[Worker] k=2.248639 | MSE=31.2564 | Scale=314.0126 | 耗时=2330.3s
[Worker] k=9.186093 | MSE=47.4525 | Scale=331.2412 | 耗时=2330.5s
[Worker] k=2.254089 | MSE=63.3406 | Scale=324.2927 | 耗时=2330.6s
[Worker] k=11.907098 | MSE=90.5258 | Scale=326.7626 | 耗时=2330.7s
[Worker] k=7.439272 | MSE=15.5725 | Scale=315.2927 | 耗时=2331.3s
[Worker] k=13.309349 | MSE=89.0002 | Scale=328.8379 | 耗时=2332.0s
[Worker] k=5.102750 | MSE=51.5120 | Scale=322.3994 | 耗时=2332.0s
[Worker] k=2.734935 | MSE=67.2031 | Scale=315.9322 | 耗时=2332.1s
[Worker] k=12.734481 | MSE=60.9986 | Scale=330.1926 | 耗时=2332.2s
[Worker] k=13.681276 | MSE=66.0596 | Scale=338.2985 | 耗时=2332.2s
[Worker] k=3.580087 | MSE=59.4035 | Scale=322.2196 | 耗时=2332.2s
[Worker] k=8.214274 | MSE=54.0551 | Scale=317.3441 | 耗时=2332.5s
[Worker] k=13.405590 | MSE=87.8005 | Scale=317.9043 | 耗时=2333.2s
[Worker] k=7.632474 | MSE=64.7755 | Scale=320.0896 | 耗时=2334.3s
[Worker] k=6.850740 | MSE=108.7721 | Scale=337.5043 | 耗时=2335.0s
[Worker] k=11.794187 | MSE=24.2005 | Scale=311.6982 | 耗时=2335.2s
[Worker] k=14.415860 | MSE=89.4380 | Scale=328.0515 | 耗时=2336.1s
[Worker] k=9.649016 | MSE=22.9529 | Scale=318.4937 | 耗时=2336.2s
[Worker] k=14.199012 | MSE=138.6755 | Scale=335.8796 | 耗时=2336.3s
[Worker] k=7.092109 | MSE=129.2681 | Scale=342.9746 | 耗时=2336.5s
[Worker] k=12.435630 | MSE=98.7839 | Scale=331.4367 | 耗时=2336.8s
[Worker] k=7.422024 | MSE=29.1901 | Scale=315.1992 | 耗时=2337.3s
[Worker] k=11.847054 | MSE=30.5877 | Scale=324.2741 | 耗时=2337.4s
[Worker] k=3.180174 | MSE=46.6612 | Scale=319.9851 | 耗时=2337.5s
[Worker] k=7.571206 | MSE=59.8409 | Scale=319.3505 | 耗时=2340.2s
[Worker] k=7.757072 | MSE=123.6128 | Scale=325.5054 | 耗时=2340.4s
[Worker] k=4.298545 | MSE=167.9419 | Scale=318.6644 | 耗时=2341.4s
[Worker] k=6.963579 | MSE=43.3879 | Scale=318.9675 | 耗时=2341.5s
[Worker] k=13.121302 | MSE=23.5738 | Scale=324.4621 | 耗时=2341.6s
[Worker] k=2.625179 | MSE=87.5951 | Scale=320.4455 | 耗时=2341.7s
[Worker] k=12.919889 | MSE=95.2900 | Scale=324.6969 | 耗时=2342.0s
[Worker] k=3.889137 | MSE=50.7836 | Scale=315.2683 | 耗时=2342.2s
[Worker] k=4.078144 | MSE=56.5591 | Scale=325.6268 | 耗时=2342.2s
[Worker] k=10.263851 | MSE=72.2699 | Scale=322.7686 | 耗时=2342.3s
[Worker] k=5.303887 | MSE=42.5653 | Scale=321.4486 | 耗时=2342.5s
[Worker] k=8.128088 | MSE=59.6326 | Scale=321.2605 | 耗时=2342.7s
[Worker] k=7.521485 | MSE=75.1841 | Scale=325.9129 | 耗时=2344.2s
[Worker] k=7.147764 | MSE=49.8780 | Scale=303.5893 | 耗时=2345.0s
[Worker] k=3.664515 | MSE=55.5569 | Scale=325.7340 | 耗时=2345.1s
[Worker] k=11.860522 | MSE=65.9841 | Scale=308.9977 | 耗时=2345.7s
[Worker] k=2.565454 | MSE=119.6996 | Scale=324.6212 | 耗时=2345.9s
[Worker] k=13.628918 | MSE=103.3810 | Scale=326.5172 | 耗时=2346.2s
[Worker] k=5.841215 | MSE=63.4517 | Scale=324.3465 | 耗时=2347.0s
[Worker] k=9.864502 | MSE=44.3354 | Scale=317.9994 | 耗时=2347.4s[Worker] k=14.319787 | MSE=64.9786 | Scale=316.5564 | 耗时=2347.4s

[Worker] k=4.366724 | MSE=89.6188 | Scale=329.8091 | 耗时=2348.1s
[Worker] k=11.162507 | MSE=91.2349 | Scale=325.3347 | 耗时=2348.2s
[Worker] k=3.536072 | MSE=92.9236 | Scale=332.8446 | 耗时=2348.2s
[Worker] k=9.091057 | MSE=30.0072 | Scale=326.5882 | 耗时=2348.5s
[Worker] k=13.890222 | MSE=35.5674 | Scale=325.6062 | 耗时=2348.7s
[Worker] k=7.693743 | MSE=37.2141 | Scale=314.7776 | 耗时=2348.8s
[Worker] k=4.510073 | MSE=137.4875 | Scale=332.1406 | 耗时=2348.9s
[Worker] k=6.575885 | MSE=40.2329 | Scale=315.3508 | 耗时=2349.5s
[Worker] k=6.357611 | MSE=85.7815 | Scale=332.8712 | 耗时=2349.5s
[Worker] k=9.306187 | MSE=44.1143 | Scale=327.9746 | 耗时=2351.0s
[Worker] k=5.388766 | MSE=79.9916 | Scale=318.6205 | 耗时=2351.0s
[Worker] k=8.943048 | MSE=74.8144 | Scale=315.0400 | 耗时=2351.4s
[Worker] k=4.576679 | MSE=76.5252 | Scale=334.2618 | 耗时=2351.4s
[Worker] k=13.768985 | MSE=45.6238 | Scale=328.3146 | 耗时=2352.1s
[Worker] k=10.516240 | MSE=97.6626 | Scale=332.9491 | 耗时=2353.1s
[Worker] k=10.087151 | MSE=40.1255 | Scale=323.0385 | 耗时=2355.2s
[Worker] k=10.597783 | MSE=40.5879 | Scale=326.5479 | 耗时=2355.3s
[Worker] k=12.114601 | MSE=162.6697 | Scale=331.4552 | 耗时=2356.7s
[Worker] k=8.000097 | MSE=107.7435 | Scale=326.1633 | 耗时=2356.9s
[Worker] k=7.019260 | MSE=44.5633 | Scale=309.0479 | 耗时=2357.0s
[Worker] k=12.588497 | MSE=47.5712 | Scale=328.2665 | 耗时=2357.2s
[Worker] k=11.723987 | MSE=42.6834 | Scale=315.4222 | 耗时=2357.3s
[Worker] k=11.134898 | MSE=91.1327 | Scale=340.0498 | 耗时=2358.1s
[Worker] k=5.806993 | MSE=165.1596 | Scale=329.1902 | 耗时=2358.2s
[Worker] k=3.795266 | MSE=59.2108 | Scale=314.9769 | 耗时=2358.5s
[Worker] k=13.599502 | MSE=48.6342 | Scale=336.5307 | 耗时=2358.9s
[Worker] k=4.254024 | MSE=73.0569 | Scale=330.0070 | 耗时=2358.8s
[Worker] k=5.753842 | MSE=71.9065 | Scale=323.6940 | 耗时=2359.1s
[Worker] k=11.698861 | MSE=60.9819 | Scale=311.7619 | 耗时=2359.5s
[Worker] k=9.383394 | MSE=89.5449 | Scale=343.1718 | 耗时=2359.6s
[Worker] k=4.800736 | MSE=113.5951 | Scale=332.3587 | 耗时=2359.6s
[Worker] k=13.339201 | MSE=99.9772 | Scale=325.6842 | 耗时=2359.8s
[Worker] k=4.594948 | MSE=97.5471 | Scale=322.6866 | 耗时=2360.8s
[Worker] k=9.347256 | MSE=87.0749 | Scale=337.8214 | 耗时=2361.4s
[Worker] k=10.532034 | MSE=95.7203 | Scale=331.5241 | 耗时=2361.4s
[Worker] k=11.967609 | MSE=121.3035 | Scale=335.7870 | 耗时=2361.5s
[Worker] k=14.642196 | MSE=75.2249 | Scale=319.6019 | 耗时=2361.5s
[Worker] k=12.683784 | MSE=41.3885 | Scale=330.5336 | 耗时=2361.5s
[Worker] k=5.783885 | MSE=33.3768 | Scale=323.6283 | 耗时=2085.3s
[Worker] k=12.108989 | MSE=67.2515 | Scale=326.7390 | 耗时=2090.9s
[Worker] k=12.073736 | MSE=79.8084 | Scale=325.3156 | 耗时=2096.6s
[Worker] k=4.653225 | MSE=60.5050 | Scale=320.3620 | 耗时=2107.9s
[Worker] k=13.442691 | MSE=75.6993 | Scale=321.2183 | 耗时=2109.5s
[Worker] k=14.231420 | MSE=77.0419 | Scale=334.2633 | 耗时=2110.6s
[Worker] k=11.036440 | MSE=81.3852 | Scale=326.3702 | 耗时=2112.2s
[Worker] k=8.126847 | MSE=41.0722 | Scale=307.0923 | 耗时=2114.0s
[Worker] k=12.385754 | MSE=32.2705 | Scale=310.7853 | 耗时=2116.8s
[Worker] k=6.021384 | MSE=76.3571 | Scale=320.7787 | 耗时=2124.3s
[Worker] k=11.135695 | MSE=92.5088 | Scale=325.7857 | 耗时=2135.3s
[Worker] k=12.638711 | MSE=88.5583 | Scale=351.9686 | 耗时=2139.5s
[Worker] k=7.572796 | MSE=112.2763 | Scale=329.6217 | 耗时=2155.9s
[Worker] k=10.188321 | MSE=42.9501 | Scale=322.7790 | 耗时=2155.9s
[Worker] k=9.226936 | MSE=120.2037 | Scale=324.8028 | 耗时=2159.3s
[Worker] k=11.835055 | MSE=76.5222 | Scale=320.6627 | 耗时=2162.3s
[Worker] k=4.474289 | MSE=142.7039 | Scale=323.4718 | 耗时=2167.3s
[Worker] k=3.660941 | MSE=157.1167 | Scale=320.6869 | 耗时=2173.1s
[Worker] k=9.263472 | MSE=126.8213 | Scale=328.1784 | 耗时=2177.0s
[Worker] k=4.692492 | MSE=72.3223 | Scale=314.2982 | 耗时=2182.6s
[Worker] k=9.682310 | MSE=40.9055 | Scale=316.9837 | 耗时=2183.6s
[Worker] k=10.138147 | MSE=45.6858 | Scale=310.0229 | 耗时=2183.7s
[Worker] k=10.332743 | MSE=72.1264 | Scale=327.3820 | 耗时=2185.0s
[Worker] k=11.418516 | MSE=76.2052 | Scale=338.5781 | 耗时=2187.9s
[Worker] k=8.496612 | MSE=98.9974 | Scale=326.5915 | 耗时=2193.2s
[Worker] k=13.518626 | MSE=111.9194 | Scale=338.8589 | 耗时=2193.9s
[Worker] k=6.787278 | MSE=55.1677 | Scale=324.7106 | 耗时=2194.4s
[Worker] k=5.547994 | MSE=61.0827 | Scale=311.1804 | 耗时=2195.4s
[Worker] k=8.651255 | MSE=65.5367 | Scale=330.5447 | 耗时=2195.8s
[Worker] k=10.789728 | MSE=194.3918 | Scale=329.2479 | 耗时=2198.4s
[Worker] k=12.097528 | MSE=33.4944 | Scale=322.8266 | 耗时=2199.1s
[Worker] k=9.211075 | MSE=116.5522 | Scale=333.5107 | 耗时=2199.1s
[Worker] k=14.404686 | MSE=67.2796 | Scale=321.3500 | 耗时=2200.8s
[Worker] k=10.300826 | MSE=95.1885 | Scale=333.8580 | 耗时=2201.5s
[Worker] k=7.900276 | MSE=62.5833 | Scale=330.9740 | 耗时=2206.7s
[Worker] k=13.987008 | MSE=93.2954 | Scale=339.4974 | 耗时=2213.5s
[Worker] k=10.285474 | MSE=107.3302 | Scale=338.1076 | 耗时=2213.5s
[Worker] k=14.187985 | MSE=118.1099 | Scale=333.9316 | 耗时=2216.9s
[Worker] k=10.044991 | MSE=79.2032 | Scale=324.1724 | 耗时=2217.6s
[Worker] k=14.233652 | MSE=60.4501 | Scale=335.6090 | 耗时=2221.3s
[Worker] k=10.631650 | MSE=72.1448 | Scale=322.7134 | 耗时=2221.9s
[Worker] k=14.473874 | MSE=74.1992 | Scale=326.4520 | 耗时=2225.2s
[Worker] k=13.469684 | MSE=32.4011 | Scale=321.0203 | 耗时=2226.2s
[Worker] k=11.854425 | MSE=90.3277 | Scale=348.8061 | 耗时=2226.6s
[Worker] k=10.226540 | MSE=151.6976 | Scale=338.8932 | 耗时=2230.3s
[Worker] k=10.087271 | MSE=107.0823 | Scale=322.4235 | 耗时=2230.4s
[Worker] k=10.700864 | MSE=55.4770 | Scale=321.3578 | 耗时=2230.4s
[Worker] k=10.135296 | MSE=46.8495 | Scale=306.4217 | 耗时=2230.7s
[Worker] k=11.496613 | MSE=44.5117 | Scale=321.3697 | 耗时=2232.8s
[Worker] k=2.547378 | MSE=98.2530 | Scale=318.4166 | 耗时=2233.2s
[Worker] k=9.331159 | MSE=42.9901 | Scale=319.6810 | 耗时=2233.5s
[Worker] k=14.757858 | MSE=46.8914 | Scale=331.2749 | 耗时=2233.7s
[Worker] k=12.716800 | MSE=75.5755 | Scale=322.9670 | 耗时=2234.8s
[Worker] k=8.892420 | MSE=44.3552 | Scale=310.6429 | 耗时=2238.9s
[Worker] k=5.907299 | MSE=30.3989 | Scale=326.0400 | 耗时=2245.8s
[Worker] k=7.231929 | MSE=51.7502 | Scale=319.3286 | 耗时=2246.5s
[Worker] k=5.644060 | MSE=148.8444 | Scale=331.3419 | 耗时=2247.0s
[Worker] k=4.601249 | MSE=54.8325 | Scale=315.0355 | 耗时=2247.5s
[Worker] k=10.337773 | MSE=59.9891 | Scale=335.3173 | 耗时=2249.9s
[Worker] k=12.325417 | MSE=39.4730 | Scale=316.7075 | 耗时=2250.6s
[Worker] k=12.365399 | MSE=29.7239 | Scale=324.6366 | 耗时=2251.2s
[Worker] k=10.851400 | MSE=44.5870 | Scale=332.6575 | 耗时=2254.9s
[Worker] k=10.386768 | MSE=59.0674 | Scale=332.2392 | 耗时=2255.8s
[Worker] k=9.667533 | MSE=40.9400 | Scale=320.0842 | 耗时=2256.1s
[Worker] k=8.829960 | MSE=32.5007 | Scale=323.3907 | 耗时=2257.2s
[Worker] k=5.815058 | MSE=43.6766 | Scale=318.2458 | 耗时=2257.7s
[Worker] k=12.277257 | MSE=69.2570 | Scale=316.8469 | 耗时=2259.8s
[Worker] k=8.544744 | MSE=119.1602 | Scale=345.1205 | 耗时=2259.9s
[Worker] k=12.682512 | MSE=39.8161 | Scale=349.5404 | 耗时=2260.1s
[Worker] k=9.072742 | MSE=141.2494 | Scale=328.2171 | 耗时=2261.5s
[Worker] k=7.306568 | MSE=58.6101 | Scale=322.5217 | 耗时=2262.1s
[Worker] k=10.409844 | MSE=86.2140 | Scale=330.1536 | 耗时=2264.9s
[Worker] k=11.156671 | MSE=51.8520 | Scale=331.2806 | 耗时=2266.5s
[Worker] k=9.709794 | MSE=126.5234 | Scale=328.9294 | 耗时=2269.1s
[Worker] k=9.856582 | MSE=78.5027 | Scale=321.6916 | 耗时=2269.3s
[Worker] k=8.342424 | MSE=91.8558 | Scale=316.0623 | 耗时=2269.9s
[Worker] k=14.058796 | MSE=73.4791 | Scale=335.9634 | 耗时=2270.2s
[Worker] k=14.547679 | MSE=99.7961 | Scale=329.0852 | 耗时=2273.7s
[Worker] k=12.311600 | MSE=85.2065 | Scale=316.0285 | 耗时=2274.1s
[Worker] k=7.654810 | MSE=44.0388 | Scale=310.0410 | 耗时=2274.2s
[Worker] k=9.139774 | MSE=97.0533 | Scale=323.0196 | 耗时=2275.5s
[Worker] k=12.447088 | MSE=46.3458 | Scale=325.6486 | 耗时=2275.6s
[Worker] k=11.126281 | MSE=68.3918 | Scale=329.4822 | 耗时=2276.0s
[Worker] k=6.192716 | MSE=64.4977 | Scale=319.7257 | 耗时=2278.8s
[Worker] k=12.537865 | MSE=43.1816 | Scale=325.9694 | 耗时=2278.9s
[Worker] k=5.978110 | MSE=29.7280 | Scale=324.1403 | 耗时=2279.4s
[Worker] k=11.715141 | MSE=39.2318 | Scale=319.8290 | 耗时=2279.5s
[Worker] k=9.753569 | MSE=48.6826 | Scale=325.8702 | 耗时=2279.7s
[Worker] k=6.781151 | MSE=40.6195 | Scale=308.9432 | 耗时=2280.5s
[Worker] k=14.461590 | MSE=49.2148 | Scale=335.3565 | 耗时=2281.3s
[Worker] k=11.419444 | MSE=69.4535 | Scale=321.6721 | 耗时=2281.6s
[Worker] k=9.751609 | MSE=87.9166 | Scale=312.3912 | 耗时=2282.4s
[Worker] k=12.612683 | MSE=119.7311 | Scale=326.4279 | 耗时=2282.4s
[Worker] k=11.080942 | MSE=64.0194 | Scale=329.7615 | 耗时=2283.3s
[Worker] k=9.330532 | MSE=77.5453 | Scale=326.1819 | 耗时=2283.9s
[Worker] k=6.617588 | MSE=56.2371 | Scale=322.7950 | 耗时=2284.9s
[Worker] k=10.540323 | MSE=107.1518 | Scale=322.9268 | 耗时=2284.9s
[Worker] k=13.240493 | MSE=58.4545 | Scale=330.8140 | 耗时=2285.5s
[Worker] k=9.480750 | MSE=64.3761 | Scale=331.0325 | 耗时=2285.7s
[Worker] k=5.725871 | MSE=89.3838 | Scale=330.0774 | 耗时=2285.8s
[Worker] k=10.528063 | MSE=70.5539 | Scale=318.3270 | 耗时=2286.3s
[Worker] k=7.720954 | MSE=134.9052 | Scale=334.9389 | 耗时=2286.8s
[Worker] k=11.732988 | MSE=95.3293 | Scale=335.5041 | 耗时=2287.6s
[Worker] k=8.608370 | MSE=67.2700 | Scale=333.0047 | 耗时=2288.0s
[Worker] k=6.811715 | MSE=89.0036 | Scale=327.1280 | 耗时=2289.3s
[Worker] k=6.644663 | MSE=29.1430 | Scale=314.6084 | 耗时=2289.5s
[Worker] k=4.193078 | MSE=98.8446 | Scale=323.4896 | 耗时=2289.5s
[Worker] k=11.431356 | MSE=101.4909 | Scale=337.2513 | 耗时=2289.7s
[Worker] k=12.116107 | MSE=53.9162 | Scale=324.9577 | 耗时=2290.1s
[Worker] k=10.636593 | MSE=47.5818 | Scale=325.4296 | 耗时=2291.0s
[Worker] k=6.581156 | MSE=85.1215 | Scale=325.1740 | 耗时=2291.2s
[Worker] k=13.255838 | MSE=64.6310 | Scale=329.5138 | 耗时=2291.6s
[Worker] k=12.057271 | MSE=103.4046 | Scale=330.0859 | 耗时=2292.0s
[Worker] k=13.316862 | MSE=63.6079 | Scale=338.1916 | 耗时=2292.2s
[Worker] k=14.406530 | MSE=109.7224 | Scale=325.3689 | 耗时=2292.3s
[Worker] k=8.714355 | MSE=46.1423 | Scale=319.3438 | 耗时=2292.8s
[Worker] k=8.655905 | MSE=47.0274 | Scale=330.1200 | 耗时=2293.5s
[Worker] k=10.173708 | MSE=66.4392 | Scale=328.2714 | 耗时=2296.6s
[Worker] k=9.631568 | MSE=88.7691 | Scale=331.8312 | 耗时=2296.6s
[Worker] k=9.755149 | MSE=38.1814 | Scale=323.8440 | 耗时=2297.3s
[Worker] k=8.676627 | MSE=70.4871 | Scale=327.5509 | 耗时=2297.7s
[Worker] k=5.199085 | MSE=127.5717 | Scale=331.1016 | 耗时=2299.4s
[Worker] k=6.563870 | MSE=78.8339 | Scale=315.9245 | 耗时=2300.0s
[Worker] k=11.188054 | MSE=98.7865 | Scale=340.8433 | 耗时=2300.4s
[Worker] k=11.949828 | MSE=60.2965 | Scale=335.6989 | 耗时=2301.0s
[Worker] k=4.379052 | MSE=168.1744 | Scale=323.1408 | 耗时=2301.3s
[Worker] k=11.788054 | MSE=44.0707 | Scale=321.8755 | 耗时=2301.4s
[Worker] k=7.265419 | MSE=84.7630 | Scale=319.6683 | 耗时=2303.4s
[Worker] k=7.338906 | MSE=97.8658 | Scale=323.5533 | 耗时=2303.6s
[Worker] k=11.562941 | MSE=90.1100 | Scale=325.3398 | 耗时=2304.8s
[Worker] k=10.526874 | MSE=166.9473 | Scale=332.2137 | 耗时=2305.8s
[Worker] k=12.642185 | MSE=78.6578 | Scale=329.2837 | 耗时=2306.1s
[Worker] k=14.303433 | MSE=59.6163 | Scale=332.5600 | 耗时=2306.6s
[Worker] k=14.857552 | MSE=131.3053 | Scale=333.1268 | 耗时=2308.5s
[Worker] k=11.977135 | MSE=58.1508 | Scale=326.1645 | 耗时=2309.9s
[Worker] k=9.902172 | MSE=79.1164 | Scale=317.7298 | 耗时=2310.5s
[Worker] k=8.361731 | MSE=36.9364 | Scale=321.9799 | 耗时=2310.8s
[Worker] k=7.124073 | MSE=54.9926 | Scale=319.1228 | 耗时=2311.3s
[Worker] k=9.626825 | MSE=164.1465 | Scale=340.6968 | 耗时=2311.6s
[Worker] k=6.557727 | MSE=36.4555 | Scale=313.2320 | 耗时=2311.6s
[Worker] k=11.693359 | MSE=46.8191 | Scale=321.6279 | 耗时=2312.5s
[Worker] k=11.497522 | MSE=83.5652 | Scale=336.9703 | 耗时=2312.5s
[Worker] k=12.046812 | MSE=80.1278 | Scale=326.5868 | 耗时=2313.5s
[Worker] k=8.203068 | MSE=71.1110 | Scale=339.5606 | 耗时=2314.2s
[Worker] k=8.599176 | MSE=165.5446 | Scale=341.9925 | 耗时=2314.7s
[Worker] k=10.638722 | MSE=45.7338 | Scale=320.2184 | 耗时=2315.2s
[Worker] k=11.699413 | MSE=87.9208 | Scale=328.3535 | 耗时=2315.8s
[Worker] k=13.132279 | MSE=145.7351 | Scale=334.9099 | 耗时=2315.9s
[Worker] k=7.104175 | MSE=18.3003 | Scale=306.7755 | 耗时=2316.2s
[Worker] k=2.188344 | MSE=53.8541 | Scale=325.4060 | 耗时=2316.7s
[Worker] k=8.503605 | MSE=109.9644 | Scale=331.9801 | 耗时=2316.9s
[Worker] k=14.482441 | MSE=111.8306 | Scale=347.2365 | 耗时=2318.5s
[Worker] k=8.758270 | MSE=42.7931 | Scale=313.4271 | 耗时=2319.7s
[Worker] k=11.225983 | MSE=100.0024 | Scale=339.5534 | 耗时=2319.8s
[Worker] k=11.934789 | MSE=71.9109 | Scale=337.9116 | 耗时=2320.0s
[Worker] k=11.182232 | MSE=123.0299 | Scale=335.2078 | 耗时=2319.9s
[Worker] k=6.820320 | MSE=59.8833 | Scale=320.5889 | 耗时=2320.1s
[Worker] k=14.749217 | MSE=73.8859 | Scale=325.8872 | 耗时=2320.3s
[Worker] k=11.025941 | MSE=48.9487 | Scale=309.9753 | 耗时=2320.6s
[Worker] k=14.901472 | MSE=74.3465 | Scale=325.7284 | 耗时=2320.7s
[Worker] k=9.900395 | MSE=128.6078 | Scale=333.6304 | 耗时=2321.1s
[Worker] k=10.678113 | MSE=153.3918 | Scale=323.8135 | 耗时=2321.1s
[Worker] k=14.963214 | MSE=85.6763 | Scale=335.4056 | 耗时=2321.5s
[Worker] k=10.008902 | MSE=77.1290 | Scale=323.9746 | 耗时=2322.2s
[Worker] k=10.608671 | MSE=137.5747 | Scale=321.9186 | 耗时=2322.7s
[Worker] k=12.826501 | MSE=114.2063 | Scale=330.8114 | 耗时=2323.2s
[Worker] k=4.720280 | MSE=59.0414 | Scale=316.7106 | 耗时=2323.3s
[Worker] k=11.680044 | MSE=71.9528 | Scale=336.8331 | 耗时=2323.3s
[Worker] k=10.231090 | MSE=101.6347 | Scale=320.9518 | 耗时=2323.6s
[Worker] k=5.544269 | MSE=117.4953 | Scale=322.6999 | 耗时=2324.2s
[Worker] k=10.158659 | MSE=65.8669 | Scale=329.8929 | 耗时=2324.6s
[Worker] k=5.305421 | MSE=91.1912 | Scale=329.0239 | 耗时=2327.3s
[Worker] k=9.150696 | MSE=84.9372 | Scale=318.7325 | 耗时=2327.7s
[Worker] k=10.888651 | MSE=66.6565 | Scale=315.2072 | 耗时=2328.5s
[Worker] k=6.776647 | MSE=77.7949 | Scale=321.5764 | 耗时=2329.2s
[Worker] k=5.305362 | MSE=46.6927 | Scale=314.6377 | 耗时=2330.1s
[Worker] k=7.830167 | MSE=83.7992 | Scale=329.5881 | 耗时=2330.2s
[Worker] k=12.646973 | MSE=43.4267 | Scale=322.8775 | 耗时=2330.2s[Worker] k=11.908221 | MSE=102.3299 | Scale=329.5994 | 耗时=2330.2s

[Worker] k=7.663649 | MSE=69.3435 | Scale=324.3707 | 耗时=2331.1s
[Worker] k=10.612205 | MSE=71.6985 | Scale=322.1040 | 耗时=2331.4s
[Worker] k=8.850680 | MSE=62.8089 | Scale=321.7652 | 耗时=2331.6s
[Worker] k=6.267879 | MSE=42.7752 | Scale=315.1762 | 耗时=2331.7s
[Worker] k=13.646406 | MSE=116.1233 | Scale=330.3059 | 耗时=2332.3s
[Worker] k=10.069393 | MSE=112.3161 | Scale=315.0047 | 耗时=2332.5s
[Worker] k=14.726773 | MSE=97.0853 | Scale=324.3671 | 耗时=2332.7s
[Worker] k=10.560112 | MSE=20.9602 | Scale=308.6158 | 耗时=2333.0s
[Worker] k=12.801210 | MSE=57.4523 | Scale=333.9664 | 耗时=2334.0s
[Worker] k=14.216029 | MSE=138.2835 | Scale=331.0694 | 耗时=2335.3s
[Worker] k=10.408547 | MSE=60.9953 | Scale=322.9176 | 耗时=2335.4s
[Worker] k=14.763604 | MSE=54.7266 | Scale=319.6228 | 耗时=2335.5s
[Worker] k=9.800659 | MSE=22.3760 | Scale=316.5536 | 耗时=2335.9s
[Worker] k=10.556260 | MSE=78.3225 | Scale=329.2746 | 耗时=2336.6s
[Worker] k=14.214785 | MSE=74.5594 | Scale=346.4849 | 耗时=2337.0s
[Worker] k=7.821366 | MSE=76.6561 | Scale=338.6217 | 耗时=2337.8s
[Worker] k=8.349903 | MSE=69.2019 | Scale=323.6456 | 耗时=2338.3s
[Worker] k=13.062484 | MSE=47.6558 | Scale=327.1372 | 耗时=2338.6s
[Worker] k=12.045412 | MSE=103.0917 | Scale=332.4463 | 耗时=2339.3s
[Worker] k=7.211760 | MSE=17.7716 | Scale=326.3660 | 耗时=2340.2s
[Worker] k=14.920448 | MSE=157.7693 | Scale=328.9141 | 耗时=2340.4s
[Worker] k=10.978428 | MSE=105.1002 | Scale=329.2301 | 耗时=2341.1s
[Worker] k=7.250990 | MSE=87.1275 | Scale=321.4635 | 耗时=2341.5s
[Worker] k=4.842828 | MSE=79.2831 | Scale=319.2927 | 耗时=2342.3s
[Worker] k=13.511546 | MSE=173.3807 | Scale=339.2118 | 耗时=2342.7s
[Worker] k=6.724419 | MSE=97.0778 | Scale=323.5500 | 耗时=2343.5s
[Worker] k=10.255829 | MSE=107.6977 | Scale=325.6015 | 耗时=2343.8s
[Worker] k=10.147796 | MSE=124.8974 | Scale=326.4467 | 耗时=2344.0s
[Worker] k=14.450268 | MSE=88.3697 | Scale=343.2542 | 耗时=2344.2s
[Worker] k=12.492560 | MSE=39.4460 | Scale=323.4606 | 耗时=2345.2s
[Worker] k=7.579479 | MSE=53.6940 | Scale=339.9194 | 耗时=2345.4s
[Worker] k=10.729759 | MSE=44.0800 | Scale=316.9272 | 耗时=2346.4s
[Worker] k=8.355841 | MSE=52.0599 | Scale=307.9225 | 耗时=2346.8s
[Worker] k=11.150591 | MSE=35.4282 | Scale=320.1384 | 耗时=2347.2s
[Worker] k=6.934881 | MSE=43.3693 | Scale=305.2416 | 耗时=2347.3s
[Worker] k=13.040834 | MSE=62.8335 | Scale=325.9350 | 耗时=2347.7s
[Worker] k=9.424521 | MSE=94.4868 | Scale=328.7077 | 耗时=2347.8s
[Worker] k=8.039960 | MSE=127.8575 | Scale=315.0060 | 耗时=2347.9s
[Worker] k=12.620431 | MSE=71.2365 | Scale=337.8273 | 耗时=2347.9s
[Worker] k=11.769897 | MSE=65.9584 | Scale=311.8103 | 耗时=2349.3s
[Worker] k=12.128141 | MSE=99.2949 | Scale=323.7834 | 耗时=2349.4s
[Worker] k=6.050008 | MSE=114.2901 | Scale=324.8306 | 耗时=2349.5s
[Worker] k=8.076402 | MSE=85.4807 | Scale=321.0895 | 耗时=2349.7s
[Worker] k=14.418233 | MSE=105.2831 | Scale=347.0847 | 耗时=2350.1s
[Worker] k=8.009132 | MSE=80.4636 | Scale=333.3471 | 耗时=2350.5s
[Worker] k=14.805997 | MSE=85.3591 | Scale=321.2714 | 耗时=2351.6s
[Worker] k=6.984965 | MSE=65.8476 | Scale=322.4293 | 耗时=2351.6s
[Worker] k=8.536778 | MSE=86.2953 | Scale=323.0318 | 耗时=2351.7s
[Worker] k=7.405931 | MSE=97.3349 | Scale=337.3603 | 耗时=2352.0s
[Worker] k=7.328712 | MSE=63.1539 | Scale=324.8907 | 耗时=2352.9s
[Worker] k=11.840046 | MSE=33.5048 | Scale=314.4409 | 耗时=2353.8s
[Worker] k=13.842902 | MSE=52.3638 | Scale=335.1156 | 耗时=2354.3s
[Worker] k=10.583617 | MSE=36.9319 | Scale=322.2262 | 耗时=2354.9s
[Worker] k=7.518030 | MSE=52.7589 | Scale=320.8240 | 耗时=2355.8s
[Worker] k=11.600760 | MSE=113.4552 | Scale=328.9241 | 耗时=2356.1s
[Worker] k=3.712283 | MSE=72.7344 | Scale=320.0981 | 耗时=2356.2s
[Worker] k=10.116937 | MSE=42.4997 | Scale=321.2473 | 耗时=2356.2s
[Worker] k=10.078867 | MSE=33.3170 | Scale=322.1682 | 耗时=2357.0s
[Worker] k=8.781926 | MSE=34.8885 | Scale=319.6319 | 耗时=2357.3s
[Worker] k=6.358921 | MSE=57.0387 | Scale=321.9045 | 耗时=2357.5s
[Worker] k=9.265442 | MSE=39.3515 | Scale=315.6130 | 耗时=2357.7s
[Worker] k=9.927755 | MSE=77.8011 | Scale=325.5458 | 耗时=2358.1s
[Worker] k=13.535477 | MSE=60.9113 | Scale=325.7148 | 耗时=2358.9s
[Worker] k=12.734893 | MSE=55.0042 | Scale=323.4032 | 耗时=2359.1s
[Worker] k=13.666959 | MSE=27.3569 | Scale=321.4743 | 耗时=2359.2s
[Worker] k=10.767867 | MSE=55.2748 | Scale=319.1259 | 耗时=2359.3s
[Worker] k=8.663996 | MSE=84.5836 | Scale=326.6582 | 耗时=2359.3s
[Worker] k=6.870502 | MSE=97.7373 | Scale=324.4571 | 耗时=2359.6s
[Worker] k=14.093676 | MSE=30.4826 | Scale=323.8573 | 耗时=2360.3s
[Worker] k=4.625201 | MSE=52.6369 | Scale=314.7716 | 耗时=2360.3s
[Worker] k=12.969237 | MSE=53.8389 | Scale=341.1539 | 耗时=2360.9s
[Worker] k=7.356541 | MSE=60.5249 | Scale=319.6917 | 耗时=2360.9s
[Worker] k=8.149663 | MSE=90.4156 | Scale=332.2212 | 耗时=2361.1s
[Worker] k=8.226455 | MSE=164.7524 | Scale=334.0685 | 耗时=2361.3s
[Worker] k=8.602629 | MSE=27.7206 | Scale=314.9702 | 耗时=2361.4s
[Worker] k=11.135538 | MSE=74.3683 | Scale=342.9448 | 耗时=2361.4s
[Worker] k=14.988524 | MSE=34.6292 | Scale=324.0423 | 耗时=2361.6s
differential_evolution step 1: f(x)= 11.863056691645047
[Worker] k=4.401847 | MSE=96.1664 | Scale=322.8120 | 耗时=2072.9s
[Worker] k=6.269348 | MSE=55.6017 | Scale=318.4746 | 耗时=2110.5s
[Worker] k=10.297615 | MSE=43.5811 | Scale=322.3987 | 耗时=2113.4s
[Worker] k=10.307778 | MSE=94.0922 | Scale=325.3799 | 耗时=2126.2s
[Worker] k=10.461759 | MSE=86.5765 | Scale=317.5074 | 耗时=2126.4s
[Worker] k=4.762825 | MSE=106.2417 | Scale=321.3433 | 耗时=2148.4s
[Worker] k=7.083137 | MSE=136.7212 | Scale=333.1001 | 耗时=2149.7s
[Worker] k=6.712119 | MSE=126.9635 | Scale=327.7970 | 耗时=2156.4s
[Worker] k=9.589564 | MSE=157.2550 | Scale=339.1740 | 耗时=2156.3s
[Worker] k=6.978087 | MSE=64.8214 | Scale=319.9747 | 耗时=2168.5s
[Worker] k=5.043192 | MSE=64.5236 | Scale=313.7590 | 耗时=2170.3s
[Worker] k=10.537160 | MSE=77.7295 | Scale=320.8078 | 耗时=2178.2s
[Worker] k=10.003012 | MSE=159.6150 | Scale=328.9017 | 耗时=2181.1s
[Worker] k=2.560950 | MSE=76.5390 | Scale=322.4752 | 耗时=2182.0s
[Worker] k=12.987864 | MSE=134.4642 | Scale=340.0609 | 耗时=2183.4s
[Worker] k=13.096652 | MSE=63.9844 | Scale=316.9660 | 耗时=2190.8s
[Worker] k=14.530021 | MSE=70.7220 | Scale=331.5648 | 耗时=2192.0s
[Worker] k=13.741030 | MSE=106.0575 | Scale=336.9145 | 耗时=2194.5s
[Worker] k=9.132345 | MSE=69.9499 | Scale=328.7556 | 耗时=2199.9s
[Worker] k=8.586621 | MSE=45.0814 | Scale=317.3629 | 耗时=2200.5s
[Worker] k=8.046490 | MSE=62.3903 | Scale=333.2959 | 耗时=2203.0s
[Worker] k=9.800136 | MSE=81.6118 | Scale=313.9334 | 耗时=2216.1s
[Worker] k=13.608363 | MSE=99.2806 | Scale=339.7231 | 耗时=2220.7s
[Worker] k=11.173668 | MSE=128.5833 | Scale=319.3158 | 耗时=2220.8s
[Worker] k=9.415595 | MSE=57.9723 | Scale=320.0032 | 耗时=2221.4s
[Worker] k=10.728363 | MSE=25.3820 | Scale=313.4582 | 耗时=2223.0s
[Worker] k=10.536156 | MSE=111.2235 | Scale=317.2349 | 耗时=2224.4s
[Worker] k=9.598558 | MSE=93.9103 | Scale=334.8743 | 耗时=2224.6s
[Worker] k=6.156084 | MSE=32.1554 | Scale=318.9237 | 耗时=2226.4s
[Worker] k=8.169761 | MSE=78.8271 | Scale=329.8523 | 耗时=2226.4s
[Worker] k=4.822418 | MSE=101.3812 | Scale=322.1395 | 耗时=2227.3s
[Worker] k=14.149240 | MSE=162.8955 | Scale=323.7307 | 耗时=2227.5s
[Worker] k=6.750946 | MSE=80.6429 | Scale=324.1188 | 耗时=2228.7s
[Worker] k=4.364242 | MSE=67.0180 | Scale=321.8394 | 耗时=2230.5s
[Worker] k=3.017130 | MSE=41.6277 | Scale=322.4099 | 耗时=2239.8s
[Worker] k=9.902202 | MSE=34.3826 | Scale=323.4332 | 耗时=2240.9s
[Worker] k=7.548563 | MSE=148.1293 | Scale=325.0607 | 耗时=2241.0s
[Worker] k=13.012330 | MSE=125.9044 | Scale=335.6467 | 耗时=2245.6s
[Worker] k=12.285716 | MSE=57.0667 | Scale=317.0491 | 耗时=2247.4s
[Worker] k=13.293708 | MSE=29.8672 | Scale=309.4549 | 耗时=2247.4s
[Worker] k=8.555080 | MSE=64.5499 | Scale=322.9839 | 耗时=2247.4s
[Worker] k=9.084523 | MSE=115.3009 | Scale=322.5525 | 耗时=2248.0s
[Worker] k=6.293869 | MSE=45.8126 | Scale=323.7930 | 耗时=2249.2s
[Worker] k=10.242832 | MSE=38.6760 | Scale=333.4646 | 耗时=2249.7s
[Worker] k=2.713227 | MSE=85.7314 | Scale=309.8259 | 耗时=2251.4s
[Worker] k=12.526436 | MSE=135.5563 | Scale=336.2788 | 耗时=2252.4s[Worker] k=4.910095 | MSE=37.5493 | Scale=313.9566 | 耗时=2252.5s

[Worker] k=3.098503 | MSE=67.2566 | Scale=319.7577 | 耗时=2254.0s
[Worker] k=13.135704 | MSE=73.8044 | Scale=339.1277 | 耗时=2256.8s
[Worker] k=12.996242 | MSE=27.1408 | Scale=320.8293 | 耗时=2257.3s
[Worker] k=10.063853 | MSE=122.2012 | Scale=346.3287 | 耗时=2259.6s
[Worker] k=10.490852 | MSE=41.1151 | Scale=317.0937 | 耗时=2259.8s
[Worker] k=9.165391 | MSE=16.8700 | Scale=310.8526 | 耗时=2261.1s
[Worker] k=9.941841 | MSE=84.0713 | Scale=335.4377 | 耗时=2262.4s
[Worker] k=10.643281 | MSE=47.4475 | Scale=324.7953 | 耗时=2262.8s
[Worker] k=10.017489 | MSE=79.5834 | Scale=322.9255 | 耗时=2263.5s
[Worker] k=7.449969 | MSE=80.7981 | Scale=327.3258 | 耗时=2263.8s
[Worker] k=9.328549 | MSE=84.4819 | Scale=330.1879 | 耗时=2265.7s
[Worker] k=14.793024 | MSE=36.5436 | Scale=319.6671 | 耗时=2267.3s
[Worker] k=8.941132 | MSE=58.0786 | Scale=318.4965 | 耗时=2268.5s
[Worker] k=7.630364 | MSE=137.5997 | Scale=325.8270 | 耗时=2271.2s
[Worker] k=3.845327 | MSE=103.6556 | Scale=321.8758 | 耗时=2271.4s
[Worker] k=7.682618 | MSE=74.3180 | Scale=318.2728 | 耗时=2272.9s
[Worker] k=11.234192 | MSE=116.9942 | Scale=325.0466 | 耗时=2273.2s
[Worker] k=13.115196 | MSE=82.2046 | Scale=334.2151 | 耗时=2275.0s
[Worker] k=10.077949 | MSE=45.8562 | Scale=310.5878 | 耗时=2275.7s
[Worker] k=14.034141 | MSE=89.3282 | Scale=332.1538 | 耗时=2276.4s
[Worker] k=14.210863 | MSE=81.5783 | Scale=328.3997 | 耗时=2277.1s
[Worker] k=5.450978 | MSE=97.8894 | Scale=323.1375 | 耗时=2277.2s
[Worker] k=10.555199 | MSE=105.0282 | Scale=319.1666 | 耗时=2278.2s
[Worker] k=12.731372 | MSE=68.0963 | Scale=334.1460 | 耗时=2278.2s
[Worker] k=9.473592 | MSE=55.8125 | Scale=334.4564 | 耗时=2278.3s
[Worker] k=13.100092 | MSE=54.2668 | Scale=325.3149 | 耗时=2278.4s
[Worker] k=9.205011 | MSE=16.7878 | Scale=316.5482 | 耗时=2278.6s
[Worker] k=11.742204 | MSE=50.2996 | Scale=325.0488 | 耗时=2280.2s
[Worker] k=13.825647 | MSE=124.5590 | Scale=340.1107 | 耗时=2283.5s
[Worker] k=3.251329 | MSE=100.6146 | Scale=327.0772 | 耗时=2283.5s
[Worker] k=10.577898 | MSE=91.5864 | Scale=329.7720 | 耗时=2284.0s
[Worker] k=4.071093 | MSE=91.1118 | Scale=333.8523 | 耗时=2284.3s
[Worker] k=10.515556 | MSE=192.3546 | Scale=324.1180 | 耗时=2286.7s
[Worker] k=11.925494 | MSE=60.1654 | Scale=332.3155 | 耗时=2287.6s
[Worker] k=14.137586 | MSE=43.9670 | Scale=327.1157 | 耗时=2288.3s
[Worker] k=7.583489 | MSE=25.3387 | Scale=317.9999 | 耗时=2288.7s
[Worker] k=12.838330 | MSE=37.7415 | Scale=327.0604 | 耗时=2288.8s
[Worker] k=13.972888 | MSE=79.5246 | Scale=324.0216 | 耗时=2289.2s
[Worker] k=4.467490 | MSE=41.5041 | Scale=313.8992 | 耗时=2289.6s
[Worker] k=7.794536 | MSE=162.9808 | Scale=325.9509 | 耗时=2289.6s
[Worker] k=11.737383 | MSE=37.0501 | Scale=317.3056 | 耗时=2290.9s
[Worker] k=3.434356 | MSE=60.0213 | Scale=331.6465 | 耗时=2291.8s
[Worker] k=4.690494 | MSE=82.1091 | Scale=323.8931 | 耗时=2293.2s
[Worker] k=6.052408 | MSE=24.7190 | Scale=311.0670 | 耗时=2293.9s
[Worker] k=12.720036 | MSE=88.5389 | Scale=329.3415 | 耗时=2294.2s
[Worker] k=12.960207 | MSE=41.4793 | Scale=317.1985 | 耗时=2296.7s
[Worker] k=6.202462 | MSE=89.4036 | Scale=329.0216 | 耗时=2297.5s
[Worker] k=9.215749 | MSE=25.4260 | Scale=322.9663 | 耗时=2298.2s
[Worker] k=9.965517 | MSE=114.8385 | Scale=319.7663 | 耗时=2299.3s
[Worker] k=10.054359 | MSE=103.8527 | Scale=334.7365 | 耗时=2299.5s
[Worker] k=7.951626 | MSE=45.5481 | Scale=326.9905 | 耗时=2300.1s
[Worker] k=13.594491 | MSE=129.2877 | Scale=341.7067 | 耗时=2301.3s
[Worker] k=5.558199 | MSE=40.6906 | Scale=311.5128 | 耗时=2301.8s
[Worker] k=11.353194 | MSE=32.8350 | Scale=328.6344 | 耗时=2301.7s
[Worker] k=6.872755 | MSE=64.4686 | Scale=319.9674 | 耗时=2302.1s
[Worker] k=11.083193 | MSE=59.7605 | Scale=331.2353 | 耗时=2304.2s
[Worker] k=12.158045 | MSE=62.1544 | Scale=326.1317 | 耗时=2304.5s
[Worker] k=13.116487 | MSE=68.8616 | Scale=339.2923 | 耗时=2304.5s
[Worker] k=10.410835 | MSE=59.5721 | Scale=334.0287 | 耗时=2305.4s
[Worker] k=11.037376 | MSE=49.9818 | Scale=334.1873 | 耗时=2305.7s
[Worker] k=5.311844 | MSE=83.8417 | Scale=322.8781 | 耗时=2306.0s
[Worker] k=12.964948 | MSE=33.7033 | Scale=328.0442 | 耗时=2306.8s
[Worker] k=14.152430 | MSE=128.4072 | Scale=329.7388 | 耗时=2308.0s
[Worker] k=13.562954 | MSE=100.9079 | Scale=343.5975 | 耗时=2308.7s
[Worker] k=6.654911 | MSE=75.9287 | Scale=319.4118 | 耗时=2310.6s
[Worker] k=13.094010 | MSE=129.0410 | Scale=343.9722 | 耗时=2311.4s
[Worker] k=3.266332 | MSE=78.3372 | Scale=321.2895 | 耗时=2311.8s
[Worker] k=4.787988 | MSE=58.3852 | Scale=311.9998 | 耗时=2312.5s
[Worker] k=13.613704 | MSE=88.7920 | Scale=327.0703 | 耗时=2313.3s
[Worker] k=3.837543 | MSE=59.8343 | Scale=322.9043 | 耗时=2313.4s
[Worker] k=9.678159 | MSE=117.9127 | Scale=324.4034 | 耗时=2313.4s
[Worker] k=13.157446 | MSE=71.8433 | Scale=333.2771 | 耗时=2313.6s
[Worker] k=7.336537 | MSE=67.7524 | Scale=322.9906 | 耗时=2314.2s
[Worker] k=8.576777 | MSE=50.9285 | Scale=324.1792 | 耗时=2314.5s
[Worker] k=2.594468 | MSE=61.5824 | Scale=327.0436 | 耗时=2314.6s
[Worker] k=8.443805 | MSE=72.3748 | Scale=327.0079 | 耗时=2315.6s
[Worker] k=9.172714 | MSE=37.6657 | Scale=327.1020 | 耗时=2316.4s
[Worker] k=10.751642 | MSE=40.4334 | Scale=317.5809 | 耗时=2316.7s
[Worker] k=6.359352 | MSE=93.5930 | Scale=319.7836 | 耗时=2317.7s
[Worker] k=4.060092 | MSE=83.7648 | Scale=315.9117 | 耗时=2318.4s
[Worker] k=10.760021 | MSE=101.9884 | Scale=327.9143 | 耗时=2319.8s
[Worker] k=10.315769 | MSE=70.1679 | Scale=329.6420 | 耗时=2320.3s
[Worker] k=12.269562 | MSE=48.6669 | Scale=328.6911 | 耗时=2320.5s
[Worker] k=9.466698 | MSE=137.3375 | Scale=320.3355 | 耗时=2320.4s
[Worker] k=5.818154 | MSE=61.3413 | Scale=313.2757 | 耗时=2322.5s
[Worker] k=8.322234 | MSE=40.4821 | Scale=319.2026 | 耗时=2322.7s
[Worker] k=13.252183 | MSE=49.2854 | Scale=329.4684 | 耗时=2323.1s
[Worker] k=9.064051 | MSE=42.5584 | Scale=328.9292 | 耗时=2324.1s
[Worker] k=9.075020 | MSE=92.9790 | Scale=327.5908 | 耗时=2325.2s
[Worker] k=12.720196 | MSE=72.1647 | Scale=325.4706 | 耗时=2325.3s
[Worker] k=10.393300 | MSE=24.0502 | Scale=326.3792 | 耗时=2325.5s
[Worker] k=4.663652 | MSE=90.6657 | Scale=315.4951 | 耗时=2326.6s
[Worker] k=11.611473 | MSE=24.3955 | Scale=320.4595 | 耗时=2327.6s
[Worker] k=3.841804 | MSE=84.2114 | Scale=339.5560 | 耗时=2328.8s
[Worker] k=8.349265 | MSE=103.0359 | Scale=326.2716 | 耗时=2329.9s
[Worker] k=5.818128 | MSE=78.6643 | Scale=311.6912 | 耗时=2330.2s
[Worker] k=13.845611 | MSE=49.9873 | Scale=334.0270 | 耗时=2330.2s
[Worker] k=13.988603 | MSE=63.0439 | Scale=326.6816 | 耗时=2330.4s
[Worker] k=12.332734 | MSE=76.8037 | Scale=329.4247 | 耗时=2331.0s
[Worker] k=10.705270 | MSE=61.3710 | Scale=317.5266 | 耗时=2331.1s
[Worker] k=6.157792 | MSE=28.9983 | Scale=319.1473 | 耗时=2331.6s
[Worker] k=7.257243 | MSE=49.0387 | Scale=338.1227 | 耗时=2331.9s
[Worker] k=13.648434 | MSE=122.1479 | Scale=330.2935 | 耗时=2331.9s
[Worker] k=6.904736 | MSE=76.4303 | Scale=320.4247 | 耗时=2332.2s
[Worker] k=2.294457 | MSE=45.1084 | Scale=312.9690 | 耗时=2333.1s
[Worker] k=13.866899 | MSE=75.7423 | Scale=337.9919 | 耗时=2333.2s
[Worker] k=3.740715 | MSE=52.2355 | Scale=323.2044 | 耗时=2333.5s
[Worker] k=6.140645 | MSE=83.1454 | Scale=324.4087 | 耗时=2334.6s
[Worker] k=4.362014 | MSE=33.4343 | Scale=310.8040 | 耗时=2334.8s
[Worker] k=7.638380 | MSE=51.4599 | Scale=314.1828 | 耗时=2335.9s
[Worker] k=9.620987 | MSE=109.1111 | Scale=329.2822 | 耗时=2336.2s
[Worker] k=5.708179 | MSE=71.1717 | Scale=308.4883 | 耗时=2336.2s
[Worker] k=8.637410 | MSE=78.4428 | Scale=322.2048 | 耗时=2336.9s
[Worker] k=11.216269 | MSE=236.1069 | Scale=344.5771 | 耗时=2337.7s
[Worker] k=10.917596 | MSE=51.3990 | Scale=325.5038 | 耗时=2339.2s
[Worker] k=12.747205 | MSE=82.6854 | Scale=321.8213 | 耗时=2339.5s
[Worker] k=11.070317 | MSE=70.2312 | Scale=324.3629 | 耗时=2339.5s
[Worker] k=12.918694 | MSE=24.6608 | Scale=325.4275 | 耗时=2339.7s
[Worker] k=10.810710 | MSE=19.2385 | Scale=321.4407 | 耗时=2339.8s
[Worker] k=7.211748 | MSE=127.1192 | Scale=322.2868 | 耗时=2339.9s
[Worker] k=11.272588 | MSE=114.8715 | Scale=324.8418 | 耗时=2340.3s
[Worker] k=11.954286 | MSE=56.3036 | Scale=325.5591 | 耗时=2340.4s
[Worker] k=11.387110 | MSE=68.4077 | Scale=314.4699 | 耗时=2340.7s
[Worker] k=11.017698 | MSE=98.1003 | Scale=329.4719 | 耗时=2341.2s
[Worker] k=11.232263 | MSE=44.8846 | Scale=320.2675 | 耗时=2341.5s
[Worker] k=8.573616 | MSE=62.1478 | Scale=338.6647 | 耗时=2341.9s[Worker] k=13.902760 | MSE=142.3121 | Scale=327.8412 | 耗时=2341.9s

[Worker] k=6.127868 | MSE=110.4249 | Scale=308.6175 | 耗时=2341.9s
[Worker] k=9.329444 | MSE=83.2545 | Scale=323.7743 | 耗时=2341.9s
[Worker] k=12.832454 | MSE=82.5980 | Scale=326.4879 | 耗时=2342.2s
[Worker] k=5.802136 | MSE=86.5091 | Scale=322.3605 | 耗时=2343.0s
[Worker] k=11.373116 | MSE=112.5740 | Scale=324.0075 | 耗时=2343.9s
[Worker] k=7.137346 | MSE=73.5403 | Scale=338.7949 | 耗时=2344.1s
[Worker] k=5.301656 | MSE=11.5966 | Scale=317.4171 | 耗时=2344.2s
[Worker] k=8.862011 | MSE=32.5915 | Scale=324.1987 | 耗时=2344.4s
[Worker] k=7.499885 | MSE=65.5920 | Scale=302.1006 | 耗时=2344.6s[Worker] k=4.725853 | MSE=17.4854 | Scale=305.8291 | 耗时=2344.6s

[Worker] k=2.457641 | MSE=181.1487 | Scale=325.5533 | 耗时=2344.7s
[Worker] k=9.529184 | MSE=100.8967 | Scale=327.9944 | 耗时=2344.8s
[Worker] k=9.403968 | MSE=36.1905 | Scale=324.2611 | 耗时=2345.2s
[Worker] k=8.867005 | MSE=41.8105 | Scale=327.4243 | 耗时=2345.4s
[Worker] k=11.045232 | MSE=147.4283 | Scale=326.6649 | 耗时=2345.5s
[Worker] k=12.050674 | MSE=66.1266 | Scale=330.4191 | 耗时=2345.7s
[Worker] k=13.351067 | MSE=41.2407 | Scale=330.0070 | 耗时=2345.9s
[Worker] k=8.673526 | MSE=93.5452 | Scale=315.8678 | 耗时=2346.7s
[Worker] k=7.917697 | MSE=40.7553 | Scale=317.9833 | 耗时=2347.0s
[Worker] k=3.185790 | MSE=91.9024 | Scale=338.2091 | 耗时=2347.2s
[Worker] k=2.270514 | MSE=37.1802 | Scale=319.0260 | 耗时=2347.4s
[Worker] k=8.025133 | MSE=69.9955 | Scale=320.5365 | 耗时=2348.0s
[Worker] k=7.078731 | MSE=94.4775 | Scale=327.0986 | 耗时=2348.2s
[Worker] k=9.003226 | MSE=26.2553 | Scale=312.9978 | 耗时=2348.9s
[Worker] k=6.238174 | MSE=106.4607 | Scale=325.4748 | 耗时=2349.1s
[Worker] k=8.984248 | MSE=73.8640 | Scale=328.9342 | 耗时=2349.6s
[Worker] k=7.681036 | MSE=102.3905 | Scale=342.7030 | 耗时=2349.7s
[Worker] k=4.747643 | MSE=71.7940 | Scale=320.5462 | 耗时=2350.4s
[Worker] k=4.891785 | MSE=115.1334 | Scale=324.9171 | 耗时=2350.8s
[Worker] k=6.325454 | MSE=79.8071 | Scale=323.9640 | 耗时=2350.8s
[Worker] k=9.171602 | MSE=95.3872 | Scale=336.9565 | 耗时=2351.0s
[Worker] k=5.259443 | MSE=80.9456 | Scale=317.3226 | 耗时=2351.5s
[Worker] k=3.774547 | MSE=35.3301 | Scale=313.9885 | 耗时=2352.8s
[Worker] k=10.642985 | MSE=80.0790 | Scale=325.7549 | 耗时=2352.8s
[Worker] k=14.622944 | MSE=83.2816 | Scale=326.6803 | 耗时=2353.0s
[Worker] k=5.593076 | MSE=107.3093 | Scale=322.4206 | 耗时=2353.1s
[Worker] k=10.602165 | MSE=82.0249 | Scale=320.6319 | 耗时=2353.2s
[Worker] k=14.200588 | MSE=59.3332 | Scale=324.3118 | 耗时=2353.3s
[Worker] k=13.411862 | MSE=89.5002 | Scale=336.5800 | 耗时=2353.2s
[Worker] k=11.700299 | MSE=67.8873 | Scale=333.7681 | 耗时=2353.5s
[Worker] k=4.086417 | MSE=77.2518 | Scale=316.0028 | 耗时=2353.5s
[Worker] k=5.797625 | MSE=41.2105 | Scale=325.5385 | 耗时=2353.7s
[Worker] k=7.541154 | MSE=95.5457 | Scale=324.8958 | 耗时=2353.8s
[Worker] k=7.973045 | MSE=51.7802 | Scale=313.6053 | 耗时=2354.1s
[Worker] k=7.471881 | MSE=94.5269 | Scale=318.3860 | 耗时=2354.2s
[Worker] k=12.583824 | MSE=66.5977 | Scale=330.4299 | 耗时=2355.5s
[Worker] k=14.130598 | MSE=40.0680 | Scale=308.8120 | 耗时=2356.0s
[Worker] k=4.328485 | MSE=26.9604 | Scale=310.3377 | 耗时=2356.1s
[Worker] k=8.531620 | MSE=108.6997 | Scale=328.9307 | 耗时=2357.5s
[Worker] k=7.660435 | MSE=43.9333 | Scale=318.4414 | 耗时=2357.8s
[Worker] k=10.078763 | MSE=57.6937 | Scale=325.8075 | 耗时=2357.9s
[Worker] k=8.563861 | MSE=44.2997 | Scale=337.3819 | 耗时=2358.0s
[Worker] k=11.770840 | MSE=46.3849 | Scale=315.9124 | 耗时=2358.6s
[Worker] k=6.205367 | MSE=59.5260 | Scale=322.1117 | 耗时=2358.7s
[Worker] k=8.565016 | MSE=66.8598 | Scale=321.3443 | 耗时=2358.9s
[Worker] k=6.793448 | MSE=45.8590 | Scale=325.3909 | 耗时=2359.1s
[Worker] k=7.728458 | MSE=142.2933 | Scale=329.6072 | 耗时=2359.5s
[Worker] k=10.240855 | MSE=28.9815 | Scale=321.6316 | 耗时=2359.9s
[Worker] k=8.388448 | MSE=58.1279 | Scale=329.4253 | 耗时=2360.2s
[Worker] k=8.654791 | MSE=44.1520 | Scale=316.7252 | 耗时=2360.3s
[Worker] k=10.312044 | MSE=41.3195 | Scale=309.1803 | 耗时=2360.6s
[Worker] k=8.791319 | MSE=110.5314 | Scale=331.0611 | 耗时=2360.7s
[Worker] k=8.174405 | MSE=55.9006 | Scale=323.9116 | 耗时=2360.8s
[Worker] k=7.839601 | MSE=69.3139 | Scale=312.8926 | 耗时=2361.3s
[Worker] k=11.059682 | MSE=53.4897 | Scale=328.8549 | 耗时=2362.2s
[Worker] k=7.823665 | MSE=84.3785 | Scale=329.4757 | 耗时=2362.5s
[Worker] k=6.416733 | MSE=24.5920 | Scale=317.5238 | 耗时=2362.8s
[Worker] k=6.888922 | MSE=91.4344 | Scale=340.9289 | 耗时=2362.9s
[Worker] k=14.390282 | MSE=206.7446 | Scale=350.8479 | 耗时=2363.2s
[Worker] k=6.356906 | MSE=39.2945 | Scale=320.4329 | 耗时=2363.2s
[Worker] k=7.372250 | MSE=53.2824 | Scale=327.7587 | 耗时=2363.1s
[Worker] k=11.296672 | MSE=126.1552 | Scale=325.3553 | 耗时=2363.5s
[Worker] k=10.269878 | MSE=37.2175 | Scale=309.7452 | 耗时=2363.4s
[Worker] k=9.006478 | MSE=79.4919 | Scale=324.5041 | 耗时=2363.5s
[Worker] k=5.585463 | MSE=95.7430 | Scale=321.5539 | 耗时=2363.5s
[Worker] k=3.495436 | MSE=30.7034 | Scale=311.5397 | 耗时=2363.8s
[Worker] k=12.547979 | MSE=53.1133 | Scale=333.5546 | 耗时=2363.8s
[Worker] k=13.949759 | MSE=74.3434 | Scale=327.8980 | 耗时=2364.1s
[Worker] k=12.488864 | MSE=48.9487 | Scale=322.1015 | 耗时=2364.3s
[Worker] k=4.517444 | MSE=95.6762 | Scale=320.2564 | 耗时=2364.3s
[Worker] k=12.746761 | MSE=81.9977 | Scale=327.9572 | 耗时=2364.5s
[Worker] k=11.734424 | MSE=76.5959 | Scale=318.5376 | 耗时=2364.4s
differential_evolution step 2: f(x)= 11.596644807171861
[Worker] k=10.758987 | MSE=53.8960 | Scale=320.0317 | 耗时=2034.8s
[Worker] k=5.112481 | MSE=103.3080 | Scale=321.3763 | 耗时=2064.9s
[Worker] k=6.593264 | MSE=74.0130 | Scale=323.3435 | 耗时=2099.3s
[Worker] k=3.373288 | MSE=87.5833 | Scale=330.8290 | 耗时=2103.0s
[Worker] k=3.140126 | MSE=59.8789 | Scale=320.8658 | 耗时=2110.1s
[Worker] k=4.823344 | MSE=106.2429 | Scale=331.3690 | 耗时=2121.5s
[Worker] k=8.494425 | MSE=178.0976 | Scale=321.8941 | 耗时=2135.1s
[Worker] k=7.311725 | MSE=79.9386 | Scale=324.1568 | 耗时=2147.2s
[Worker] k=5.078734 | MSE=70.0762 | Scale=319.3765 | 耗时=2152.1s
[Worker] k=8.285382 | MSE=160.5842 | Scale=330.7390 | 耗时=2153.0s
[Worker] k=9.529835 | MSE=64.7376 | Scale=335.0514 | 耗时=2157.0s
[Worker] k=3.779955 | MSE=71.0321 | Scale=326.4725 | 耗时=2160.2s
[Worker] k=5.427689 | MSE=16.4138 | Scale=316.9165 | 耗时=2162.3s
[Worker] k=6.315564 | MSE=47.1465 | Scale=328.7399 | 耗时=2166.3s
[Worker] k=4.179520 | MSE=92.5282 | Scale=329.0760 | 耗时=2166.6s
[Worker] k=8.871638 | MSE=42.2309 | Scale=316.1583 | 耗时=2167.4s
[Worker] k=6.991843 | MSE=48.9442 | Scale=327.4727 | 耗时=2170.1s
[Worker] k=7.047415 | MSE=70.7838 | Scale=325.3654 | 耗时=2171.7s
[Worker] k=2.889151 | MSE=84.9309 | Scale=312.7382 | 耗时=2172.9s
[Worker] k=7.255928 | MSE=45.7181 | Scale=321.5512 | 耗时=2177.2s
[Worker] k=7.268949 | MSE=88.8977 | Scale=326.9577 | 耗时=2179.5s
[Worker] k=9.575020 | MSE=56.5169 | Scale=331.0321 | 耗时=2180.6s
[Worker] k=2.091759 | MSE=75.2672 | Scale=319.2451 | 耗时=2187.3s
[Worker] k=9.913848 | MSE=61.1678 | Scale=313.8183 | 耗时=2188.4s
[Worker] k=5.486040 | MSE=68.4381 | Scale=326.9160 | 耗时=2190.1s
[Worker] k=4.376256 | MSE=54.2444 | Scale=316.4599 | 耗时=2190.4s
[Worker] k=8.726419 | MSE=68.0393 | Scale=328.9019 | 耗时=2191.6s
[Worker] k=3.021334 | MSE=98.1547 | Scale=326.1186 | 耗时=2191.8s
[Worker] k=3.828289 | MSE=62.6725 | Scale=327.5055 | 耗时=2192.9s
[Worker] k=11.897322 | MSE=86.6466 | Scale=320.1293 | 耗时=2194.6s
[Worker] k=6.244969 | MSE=54.7424 | Scale=324.9653 | 耗时=2198.7s
[Worker] k=10.997117 | MSE=91.3872 | Scale=325.5069 | 耗时=2199.1s
[Worker] k=3.474321 | MSE=46.8973 | Scale=313.8700 | 耗时=2199.8s
[Worker] k=6.218784 | MSE=70.7031 | Scale=328.9445 | 耗时=2202.6s
[Worker] k=3.421775 | MSE=43.4258 | Scale=315.8534 | 耗时=2203.1s
[Worker] k=2.655237 | MSE=56.6732 | Scale=304.9589 | 耗时=2206.7s
[Worker] k=2.919507 | MSE=125.3683 | Scale=329.9888 | 耗时=2207.8s
[Worker] k=3.828723 | MSE=48.7076 | Scale=321.7440 | 耗时=2210.1s
[Worker] k=6.870024 | MSE=51.7447 | Scale=321.5420 | 耗时=2210.9s
[Worker] k=5.749193 | MSE=64.0289 | Scale=327.2364 | 耗时=2211.1s
[Worker] k=5.785646 | MSE=37.1441 | Scale=320.0432 | 耗时=2213.5s
[Worker] k=4.606931 | MSE=30.2997 | Scale=300.4135 | 耗时=2215.7s
[Worker] k=10.007212 | MSE=44.9638 | Scale=315.8629 | 耗时=2216.0s
[Worker] k=9.162013 | MSE=89.6490 | Scale=330.4107 | 耗时=2216.8s
[Worker] k=4.013448 | MSE=45.4620 | Scale=317.9213 | 耗时=2219.6s
[Worker] k=6.105138 | MSE=79.4569 | Scale=337.5578 | 耗时=2221.0s
[Worker] k=3.554078 | MSE=19.6296 | Scale=314.2894 | 耗时=2221.6s
[Worker] k=9.015126 | MSE=43.4901 | Scale=327.5425 | 耗时=2223.5s
[Worker] k=3.301386 | MSE=72.1040 | Scale=316.7197 | 耗时=2224.5s
[Worker] k=5.632316 | MSE=89.1480 | Scale=323.9365 | 耗时=2225.5s
[Worker] k=3.316099 | MSE=62.7720 | Scale=324.6567 | 耗时=2225.8s
[Worker] k=5.570977 | MSE=50.1600 | Scale=314.6761 | 耗时=2226.2s
[Worker] k=5.345624 | MSE=31.2398 | Scale=316.8495 | 耗时=2228.5s
[Worker] k=9.635077 | MSE=100.0426 | Scale=322.7899 | 耗时=2230.1s
[Worker] k=2.719055 | MSE=41.9016 | Scale=310.4339 | 耗时=2230.7s
[Worker] k=10.034601 | MSE=97.9361 | Scale=338.8210 | 耗时=2231.4s
[Worker] k=6.103861 | MSE=65.0163 | Scale=315.2009 | 耗时=2233.2s
[Worker] k=5.969557 | MSE=84.7800 | Scale=323.9678 | 耗时=2235.4s
[Worker] k=3.746541 | MSE=74.8490 | Scale=332.6074 | 耗时=2236.8s
[Worker] k=2.957615 | MSE=37.6452 | Scale=310.6463 | 耗时=2236.9s
[Worker] k=5.444400 | MSE=65.7852 | Scale=314.7569 | 耗时=2238.9s
[Worker] k=3.904157 | MSE=20.8673 | Scale=308.2797 | 耗时=2241.8s
[Worker] k=6.193959 | MSE=12.1453 | Scale=311.5973 | 耗时=2243.5s
[Worker] k=3.686590 | MSE=125.4918 | Scale=320.0184 | 耗时=2245.5s
[Worker] k=2.194812 | MSE=42.7821 | Scale=306.3585 | 耗时=2245.7s
[Worker] k=4.741897 | MSE=64.1575 | Scale=318.3814 | 耗时=2245.9s
[Worker] k=6.414498 | MSE=96.1773 | Scale=337.9131 | 耗时=2245.9s
[Worker] k=6.308682 | MSE=38.8371 | Scale=320.3422 | 耗时=2247.1s
[Worker] k=2.422888 | MSE=32.8508 | Scale=309.4129 | 耗时=2247.1s
[Worker] k=6.841195 | MSE=47.7142 | Scale=326.6653 | 耗时=2247.3s
[Worker] k=3.875703 | MSE=107.1273 | Scale=320.0151 | 耗时=2249.4s
[Worker] k=4.291507 | MSE=68.5509 | Scale=314.6577 | 耗时=2250.2s
[Worker] k=6.384647 | MSE=60.1905 | Scale=332.8863 | 耗时=2252.9s
[Worker] k=3.882753 | MSE=66.7334 | Scale=322.4718 | 耗时=2253.1s
[Worker] k=6.461606 | MSE=64.3599 | Scale=334.4899 | 耗时=2253.4s
[Worker] k=7.597130 | MSE=87.1328 | Scale=330.9782 | 耗时=2255.3s
[Worker] k=4.333929 | MSE=144.7439 | Scale=328.9724 | 耗时=2255.9s
[Worker] k=3.888735 | MSE=141.8875 | Scale=327.8870 | 耗时=2257.0s
[Worker] k=10.377152 | MSE=43.9618 | Scale=318.1912 | 耗时=2257.6s
[Worker] k=12.028622 | MSE=32.3006 | Scale=313.7895 | 耗时=2258.0s
[Worker] k=5.349894 | MSE=76.8811 | Scale=328.0915 | 耗时=2258.8s
[Worker] k=3.957510 | MSE=57.2540 | Scale=330.8025 | 耗时=2259.0s
[Worker] k=14.782697 | MSE=115.8606 | Scale=332.6578 | 耗时=2259.2s
[Worker] k=3.390553 | MSE=100.3279 | Scale=319.2352 | 耗时=2259.3s
[Worker] k=7.134685 | MSE=114.5200 | Scale=341.0293 | 耗时=2263.5s
[Worker] k=6.587036 | MSE=82.6374 | Scale=327.0413 | 耗时=2265.0s
[Worker] k=2.957691 | MSE=84.4453 | Scale=317.3047 | 耗时=2267.6s
[Worker] k=7.407535 | MSE=91.2147 | Scale=324.0170 | 耗时=2267.9s
[Worker] k=9.011380 | MSE=74.7951 | Scale=335.9317 | 耗时=2268.8s
[Worker] k=6.408909 | MSE=33.1374 | Scale=314.5716 | 耗时=2272.4s
[Worker] k=5.536083 | MSE=132.5418 | Scale=317.2575 | 耗时=2273.0s
[Worker] k=4.173876 | MSE=65.3765 | Scale=321.5878 | 耗时=2273.8s
[Worker] k=10.179699 | MSE=27.7966 | Scale=307.7673 | 耗时=2277.3s
[Worker] k=2.531506 | MSE=108.2816 | Scale=318.2146 | 耗时=2278.7s
[Worker] k=10.400677 | MSE=43.9759 | Scale=325.3967 | 耗时=2279.9s
[Worker] k=6.907587 | MSE=95.4559 | Scale=328.1238 | 耗时=2280.3s
[Worker] k=8.242978 | MSE=102.3589 | Scale=319.5381 | 耗时=2281.7s
[Worker] k=9.700307 | MSE=102.6130 | Scale=321.3455 | 耗时=2284.3s
[Worker] k=4.579648 | MSE=140.5048 | Scale=328.0979 | 耗时=2284.5s
[Worker] k=6.309068 | MSE=17.1948 | Scale=312.7190 | 耗时=2285.8s
[Worker] k=11.443063 | MSE=38.8616 | Scale=318.5233 | 耗时=2285.9s
[Worker] k=6.400218 | MSE=84.9265 | Scale=324.5026 | 耗时=2287.9s
[Worker] k=9.345361 | MSE=36.1090 | Scale=328.6092 | 耗时=2289.8s
[Worker] k=4.987246 | MSE=100.0869 | Scale=322.7376 | 耗时=2291.9s
[Worker] k=6.914899 | MSE=38.5368 | Scale=327.7633 | 耗时=2292.5s
[Worker] k=10.119025 | MSE=65.2149 | Scale=328.3114 | 耗时=2293.1s
[Worker] k=13.420571 | MSE=36.0111 | Scale=318.4157 | 耗时=2293.7s
[Worker] k=13.607907 | MSE=46.9524 | Scale=324.4779 | 耗时=2294.1s
[Worker] k=11.317948 | MSE=53.9673 | Scale=328.0362 | 耗时=2294.2s
[Worker] k=6.295527 | MSE=70.0961 | Scale=317.9474 | 耗时=2294.6s
[Worker] k=5.217415 | MSE=126.0264 | Scale=333.3815 | 耗时=2294.6s
[Worker] k=9.648801 | MSE=58.4280 | Scale=340.0515 | 耗时=2295.5s
[Worker] k=8.416076 | MSE=62.4423 | Scale=335.6214 | 耗时=2296.0s
[Worker] k=3.847558 | MSE=70.3860 | Scale=325.5621 | 耗时=2296.8s
[Worker] k=3.049041 | MSE=62.3811 | Scale=323.3167 | 耗时=2297.2s
[Worker] k=8.737565 | MSE=67.8008 | Scale=313.7628 | 耗时=2300.2s
[Worker] k=10.121747 | MSE=22.3046 | Scale=328.9064 | 耗时=2300.3s
[Worker] k=7.754347 | MSE=61.6056 | Scale=322.0432 | 耗时=2300.4s
[Worker] k=4.555634 | MSE=90.4933 | Scale=311.9436 | 耗时=2300.8s
[Worker] k=7.195475 | MSE=30.8294 | Scale=311.0352 | 耗时=2301.7s
[Worker] k=9.162033 | MSE=55.6321 | Scale=320.5864 | 耗时=2302.6s
[Worker] k=2.909823 | MSE=71.6267 | Scale=328.9303 | 耗时=2302.7s
[Worker] k=3.196524 | MSE=46.5704 | Scale=316.6291 | 耗时=2303.3s
[Worker] k=7.124274 | MSE=93.7217 | Scale=310.2903 | 耗时=2303.5s
[Worker] k=3.331470 | MSE=86.9018 | Scale=326.4976 | 耗时=2303.8s
[Worker] k=7.348467 | MSE=58.9275 | Scale=316.7365 | 耗时=2304.9s
[Worker] k=6.455324 | MSE=74.4023 | Scale=329.7009 | 耗时=2305.8s
[Worker] k=9.025277 | MSE=60.7544 | Scale=320.6693 | 耗时=2306.1s
[Worker] k=2.740105 | MSE=68.8111 | Scale=305.6705 | 耗时=2306.5s
[Worker] k=10.201328 | MSE=124.5522 | Scale=334.6130 | 耗时=2309.3s
[Worker] k=6.277627 | MSE=83.1047 | Scale=320.6914 | 耗时=2309.5s
[Worker] k=9.213661 | MSE=102.4379 | Scale=314.5176 | 耗时=2309.5s
[Worker] k=3.159115 | MSE=62.5751 | Scale=310.1431 | 耗时=2309.7s
[Worker] k=10.360275 | MSE=149.8994 | Scale=324.4857 | 耗时=2309.7s
[Worker] k=4.179933 | MSE=98.0532 | Scale=322.3704 | 耗时=2309.8s
[Worker] k=2.612512 | MSE=49.5710 | Scale=317.5057 | 耗时=2310.2s
[Worker] k=5.554748 | MSE=101.1320 | Scale=328.9061 | 耗时=2310.9s
[Worker] k=9.088078 | MSE=79.2533 | Scale=324.2459 | 耗时=2311.9s
[Worker] k=6.831447 | MSE=56.8278 | Scale=322.9130 | 耗时=2313.4s
[Worker] k=9.446918 | MSE=101.7324 | Scale=330.6396 | 耗时=2313.8s
[Worker] k=10.682251 | MSE=66.5746 | Scale=333.8658 | 耗时=2314.8s
[Worker] k=4.409203 | MSE=70.3483 | Scale=326.4669 | 耗时=2315.5s
[Worker] k=7.379457 | MSE=124.2780 | Scale=334.9024 | 耗时=2315.7s
[Worker] k=5.779002 | MSE=91.3710 | Scale=327.0949 | 耗时=2315.7s
[Worker] k=7.338781 | MSE=31.0718 | Scale=316.8329 | 耗时=2315.8s
[Worker] k=2.529802 | MSE=80.3636 | Scale=336.9878 | 耗时=2316.2s
[Worker] k=3.262019 | MSE=40.0737 | Scale=317.2032 | 耗时=2316.3s
[Worker] k=8.326490 | MSE=24.8346 | Scale=311.8217 | 耗时=2316.4s
[Worker] k=6.872670 | MSE=86.7526 | Scale=323.9700 | 耗时=2317.1s
[Worker] k=3.635494 | MSE=77.0849 | Scale=312.3957 | 耗时=2318.5s
[Worker] k=9.207211 | MSE=27.2530 | Scale=316.9858 | 耗时=2318.7s
[Worker] k=6.843462 | MSE=20.4245 | Scale=323.0629 | 耗时=2319.3s
[Worker] k=3.131320 | MSE=78.8713 | Scale=310.0278 | 耗时=2319.6s
[Worker] k=9.545761 | MSE=101.1109 | Scale=314.8886 | 耗时=2319.9s
[Worker] k=6.344602 | MSE=51.4292 | Scale=317.9325 | 耗时=2320.6s
[Worker] k=8.367096 | MSE=18.4225 | Scale=315.4918 | 耗时=2321.5s
[Worker] k=14.836702 | MSE=31.2051 | Scale=322.2311 | 耗时=2321.5s
[Worker] k=3.031525 | MSE=122.2036 | Scale=317.7221 | 耗时=2321.6s
[Worker] k=3.000150 | MSE=65.3236 | Scale=317.4140 | 耗时=2321.8s
[Worker] k=2.905715 | MSE=44.0681 | Scale=316.4724 | 耗时=2322.3s
[Worker] k=9.973967 | MSE=37.5250 | Scale=313.2506 | 耗时=2322.5s
[Worker] k=9.181633 | MSE=21.7294 | Scale=313.6705 | 耗时=2322.7s
[Worker] k=7.366853 | MSE=99.5475 | Scale=319.8913 | 耗时=2322.8s
[Worker] k=6.064156 | MSE=97.4876 | Scale=331.0606 | 耗时=2322.9s
[Worker] k=7.972120 | MSE=57.7293 | Scale=320.7988 | 耗时=2323.6s
[Worker] k=6.529892 | MSE=57.0586 | Scale=323.9061 | 耗时=2324.5s
[Worker] k=8.262162 | MSE=28.3881 | Scale=330.1560 | 耗时=2324.7s
[Worker] k=4.450454 | MSE=98.8637 | Scale=331.9435 | 耗时=2325.2s
[Worker] k=6.590730 | MSE=80.5412 | Scale=324.3644 | 耗时=2325.6s
[Worker] k=10.229556 | MSE=62.7309 | Scale=319.4114 | 耗时=2326.0s
[Worker] k=4.638418 | MSE=61.9500 | Scale=315.3294 | 耗时=2326.3s
[Worker] k=9.628737 | MSE=83.7729 | Scale=322.1981 | 耗时=2326.5s
[Worker] k=10.223709 | MSE=128.5262 | Scale=321.8031 | 耗时=2326.9s
[Worker] k=2.241597 | MSE=27.7768 | Scale=304.0260 | 耗时=2326.9s
[Worker] k=3.801527 | MSE=77.4752 | Scale=322.9352 | 耗时=2326.9s
[Worker] k=7.575289 | MSE=85.8374 | Scale=326.6395 | 耗时=2327.4s
[Worker] k=9.454778 | MSE=30.2303 | Scale=316.2972 | 耗时=2327.7s
[Worker] k=6.960594 | MSE=39.8534 | Scale=318.1129 | 耗时=2327.7s
[Worker] k=9.612204 | MSE=83.5386 | Scale=329.0111 | 耗时=2328.1s
[Worker] k=10.396075 | MSE=69.9054 | Scale=332.5164 | 耗时=2329.1s
[Worker] k=6.010804 | MSE=50.7641 | Scale=313.4996 | 耗时=2329.4s
[Worker] k=14.900235 | MSE=86.1785 | Scale=330.6273 | 耗时=2329.5s
[Worker] k=2.567211 | MSE=28.7274 | Scale=310.8423 | 耗时=2330.0s
[Worker] k=6.503370 | MSE=28.8003 | Scale=323.5455 | 耗时=2330.4s
[Worker] k=9.481861 | MSE=55.7104 | Scale=325.8010 | 耗时=2330.9s
[Worker] k=3.858448 | MSE=39.0179 | Scale=317.9671 | 耗时=2331.2s
[Worker] k=4.890311 | MSE=108.8845 | Scale=325.2633 | 耗时=2331.5s
[Worker] k=9.741725 | MSE=43.7532 | Scale=317.8157 | 耗时=2332.0s
[Worker] k=3.742687 | MSE=52.1211 | Scale=333.8046 | 耗时=2332.0s
[Worker] k=2.070514 | MSE=61.7108 | Scale=317.8688 | 耗时=2332.3s
[Worker] k=9.473019 | MSE=27.7882 | Scale=314.3046 | 耗时=2332.5s
[Worker] k=5.381729 | MSE=94.5154 | Scale=328.7113 | 耗时=2332.7s
[Worker] k=2.757512 | MSE=53.6140 | Scale=327.7230 | 耗时=2332.8s
[Worker] k=8.042877 | MSE=94.6932 | Scale=327.1150 | 耗时=2332.9s
[Worker] k=8.515118 | MSE=42.5556 | Scale=319.8205 | 耗时=2333.1s
[Worker] k=6.020147 | MSE=67.4628 | Scale=328.0389 | 耗时=2333.6s
[Worker] k=12.319133 | MSE=162.8510 | Scale=355.1713 | 耗时=2333.6s
[Worker] k=6.919770 | MSE=67.3592 | Scale=323.7889 | 耗时=2334.7s
[Worker] k=4.586431 | MSE=19.5232 | Scale=303.8571 | 耗时=2335.1s
[Worker] k=7.279998 | MSE=58.2927 | Scale=321.6702 | 耗时=2336.0s
[Worker] k=6.642550 | MSE=97.5308 | Scale=327.4919 | 耗时=2336.5s
[Worker] k=8.771360 | MSE=41.0461 | Scale=331.1738 | 耗时=2336.6s
[Worker] k=7.029314 | MSE=63.0960 | Scale=318.6126 | 耗时=2336.7s
[Worker] k=7.816448 | MSE=111.6042 | Scale=336.1234 | 耗时=2337.6s
[Worker] k=5.120516 | MSE=93.9207 | Scale=331.7131 | 耗时=2337.7s
[Worker] k=8.779392 | MSE=23.8530 | Scale=315.2436 | 耗时=2339.5s
[Worker] k=2.261907 | MSE=43.7099 | Scale=319.6100 | 耗时=2340.2s
[Worker] k=5.201806 | MSE=106.4806 | Scale=327.2657 | 耗时=2341.0s
[Worker] k=6.705184 | MSE=91.0227 | Scale=320.7429 | 耗时=2341.4s
[Worker] k=6.912912 | MSE=125.6019 | Scale=322.3890 | 耗时=2343.4s
[Worker] k=8.031192 | MSE=56.0834 | Scale=306.9530 | 耗时=2343.7s
[Worker] k=8.838563 | MSE=19.5137 | Scale=319.5457 | 耗时=2344.0s
[Worker] k=4.372492 | MSE=40.5272 | Scale=319.3833 | 耗时=2344.2s
[Worker] k=6.152009 | MSE=49.7481 | Scale=319.1850 | 耗时=2344.2s
[Worker] k=6.171394 | MSE=55.1829 | Scale=327.4905 | 耗时=2344.4s
[Worker] k=3.225861 | MSE=87.4371 | Scale=330.6928 | 耗时=2344.5s
[Worker] k=3.479518 | MSE=111.2175 | Scale=323.4024 | 耗时=2344.7s
[Worker] k=9.720633 | MSE=100.1874 | Scale=330.1542 | 耗时=2344.9s
[Worker] k=4.637137 | MSE=79.9111 | Scale=315.5300 | 耗时=2345.3s
[Worker] k=2.033672 | MSE=39.5391 | Scale=319.9877 | 耗时=2345.5s
[Worker] k=7.210043 | MSE=42.3529 | Scale=326.9745 | 耗时=2345.7s
[Worker] k=7.209675 | MSE=43.3759 | Scale=305.2660 | 耗时=2345.9s
[Worker] k=7.200501 | MSE=50.0185 | Scale=323.6521 | 耗时=2346.0s
[Worker] k=5.605145 | MSE=44.2517 | Scale=314.2423 | 耗时=2346.3s
[Worker] k=5.443562 | MSE=88.2225 | Scale=323.4240 | 耗时=2346.4s
[Worker] k=3.007071 | MSE=74.2292 | Scale=315.3002 | 耗时=2346.4s
[Worker] k=12.877874 | MSE=29.6982 | Scale=303.9452 | 耗时=2346.4s
[Worker] k=3.273384 | MSE=37.5004 | Scale=319.4371 | 耗时=2346.5s
[Worker] k=6.549902 | MSE=118.6546 | Scale=306.3142 | 耗时=2346.7s
[Worker] k=4.442086 | MSE=49.9786 | Scale=316.4934 | 耗时=2346.9s
[Worker] k=2.007136 | MSE=48.0101 | Scale=315.1424 | 耗时=2347.2s
[Worker] k=6.527226 | MSE=37.0866 | Scale=305.9544 | 耗时=2347.3s
[Worker] k=13.162631 | MSE=94.9024 | Scale=331.7394 | 耗时=2347.4s
[Worker] k=5.519987 | MSE=68.2442 | Scale=323.9343 | 耗时=2348.2s
[Worker] k=3.566283 | MSE=23.3427 | Scale=314.1478 | 耗时=2348.5s
[Worker] k=11.052302 | MSE=68.0855 | Scale=316.2090 | 耗时=2349.0s
[Worker] k=5.206503 | MSE=30.9475 | Scale=311.2551 | 耗时=2349.1s
[Worker] k=5.870362 | MSE=39.4248 | Scale=315.2055 | 耗时=2349.3s
[Worker] k=8.488157 | MSE=123.3890 | Scale=333.7610 | 耗时=2349.4s
[Worker] k=9.341540 | MSE=75.7719 | Scale=317.1510 | 耗时=2349.7s
[Worker] k=6.258267 | MSE=77.9466 | Scale=315.2612 | 耗时=2350.0s
[Worker] k=10.174162 | MSE=69.4994 | Scale=326.0624 | 耗时=2350.8s
[Worker] k=5.585554 | MSE=37.1515 | Scale=317.0101 | 耗时=2351.4s
[Worker] k=3.741708 | MSE=39.0851 | Scale=319.8320 | 耗时=2351.9s
[Worker] k=8.096067 | MSE=45.8237 | Scale=319.0009 | 耗时=2352.4s
[Worker] k=6.476941 | MSE=120.3126 | Scale=334.5280 | 耗时=2352.6s
[Worker] k=5.338319 | MSE=14.2209 | Scale=303.7440 | 耗时=2353.2s
[Worker] k=3.936751 | MSE=87.6818 | Scale=319.7466 | 耗时=2354.6s
[Worker] k=7.396880 | MSE=91.6638 | Scale=327.4914 | 耗时=2355.3s
[Worker] k=2.640839 | MSE=33.6269 | Scale=313.9519 | 耗时=2355.6s
[Worker] k=14.538107 | MSE=72.3018 | Scale=334.0512 | 耗时=2356.2s
[Worker] k=8.321537 | MSE=116.8139 | Scale=329.9919 | 耗时=2356.5s
[Worker] k=12.428525 | MSE=75.4856 | Scale=333.2155 | 耗时=2356.7s
[Worker] k=2.403815 | MSE=33.8713 | Scale=310.8015 | 耗时=2356.8s
[Worker] k=2.980443 | MSE=102.7053 | Scale=336.5593 | 耗时=2356.9s
[Worker] k=3.682573 | MSE=121.3290 | Scale=324.6062 | 耗时=2357.1s
differential_evolution step 3: f(x)= 11.596644807171861
[Worker] k=13.697588 | MSE=151.7313 | Scale=336.1401 | 耗时=2012.5s
[Worker] k=10.482383 | MSE=80.1344 | Scale=326.5453 | 耗时=2059.8s
[Worker] k=13.132447 | MSE=124.5302 | Scale=341.6199 | 耗时=2095.7s
[Worker] k=12.268600 | MSE=75.6073 | Scale=330.4857 | 耗时=2096.9s
[Worker] k=2.517030 | MSE=53.0618 | Scale=324.1476 | 耗时=2100.3s
[Worker] k=4.706185 | MSE=58.3184 | Scale=320.3401 | 耗时=2128.6s
[Worker] k=3.796750 | MSE=36.5927 | Scale=322.4709 | 耗时=2129.5s
[Worker] k=4.995027 | MSE=63.7542 | Scale=325.3958 | 耗时=2139.2s
[Worker] k=2.237158 | MSE=54.1085 | Scale=316.4158 | 耗时=2142.6s
[Worker] k=5.682874 | MSE=40.2682 | Scale=316.8750 | 耗时=2146.3s
[Worker] k=5.609096 | MSE=110.6178 | Scale=322.6854 | 耗时=2148.0s
[Worker] k=2.073708 | MSE=61.3486 | Scale=314.3364 | 耗时=2149.1s
[Worker] k=5.137856 | MSE=48.2410 | Scale=317.1956 | 耗时=2157.2s
[Worker] k=2.563187 | MSE=43.6703 | Scale=314.7856 | 耗时=2166.8s
[Worker] k=2.346796 | MSE=97.0981 | Scale=323.6682 | 耗时=2167.9s
[Worker] k=3.616148 | MSE=104.5818 | Scale=324.5480 | 耗时=2172.9s
[Worker] k=13.775987 | MSE=133.3949 | Scale=323.9254 | 耗时=2173.9s
[Worker] k=9.621013 | MSE=56.3061 | Scale=317.9569 | 耗时=2177.1s
[Worker] k=2.018260 | MSE=53.2252 | Scale=316.3435 | 耗时=2181.5s
[Worker] k=8.474239 | MSE=107.0731 | Scale=330.2365 | 耗时=2182.7s
[Worker] k=11.636750 | MSE=54.5142 | Scale=316.5838 | 耗时=2185.5s
[Worker] k=9.030539 | MSE=120.5409 | Scale=328.7188 | 耗时=2186.0s
[Worker] k=13.315932 | MSE=83.2753 | Scale=317.9061 | 耗时=2192.3s
[Worker] k=10.374466 | MSE=93.7691 | Scale=323.9983 | 耗时=2192.9s
[Worker] k=2.310066 | MSE=63.8693 | Scale=318.2030 | 耗时=2195.6s
[Worker] k=14.639233 | MSE=138.3198 | Scale=344.4689 | 耗时=2196.4s
[Worker] k=5.685906 | MSE=99.8900 | Scale=321.5313 | 耗时=2197.1s
[Worker] k=12.426388 | MSE=55.1055 | Scale=327.0370 | 耗时=2198.1s
[Worker] k=8.449873 | MSE=125.6195 | Scale=332.8872 | 耗时=2199.7s
[Worker] k=4.483685 | MSE=35.5493 | Scale=314.7079 | 耗时=2202.0s
[Worker] k=14.706864 | MSE=93.8486 | Scale=321.6107 | 耗时=2203.8s
[Worker] k=3.637027 | MSE=22.3369 | Scale=320.3994 | 耗时=2206.2s
[Worker] k=7.998665 | MSE=37.1798 | Scale=321.1334 | 耗时=2208.4s
[Worker] k=9.998359 | MSE=59.3725 | Scale=316.0348 | 耗时=2208.9s
[Worker] k=5.045906 | MSE=59.1461 | Scale=330.9608 | 耗时=2209.4s
[Worker] k=2.026491 | MSE=36.2041 | Scale=322.8210 | 耗时=2209.6s
[Worker] k=3.287238 | MSE=82.1677 | Scale=330.7568 | 耗时=2210.1s
[Worker] k=3.319586 | MSE=52.3080 | Scale=325.1223 | 耗时=2214.5s
[Worker] k=4.190069 | MSE=89.7622 | Scale=319.1816 | 耗时=2214.7s
[Worker] k=4.050386 | MSE=90.3500 | Scale=330.8524 | 耗时=2215.7s
[Worker] k=7.831721 | MSE=47.3027 | Scale=324.2470 | 耗时=2216.8s
[Worker] k=5.099888 | MSE=77.3537 | Scale=317.8850 | 耗时=2217.9s
[Worker] k=6.053135 | MSE=55.4580 | Scale=319.6122 | 耗时=2226.3s
[Worker] k=9.527577 | MSE=53.9716 | Scale=308.3702 | 耗时=2228.2s
[Worker] k=13.739280 | MSE=29.8100 | Scale=324.6789 | 耗时=2228.7s
[Worker] k=2.569388 | MSE=85.6675 | Scale=323.9520 | 耗时=2228.8s
[Worker] k=5.410850 | MSE=24.3951 | Scale=318.1701 | 耗时=2228.9s
[Worker] k=5.839860 | MSE=35.1519 | Scale=309.5882 | 耗时=2233.1s
[Worker] k=11.677277 | MSE=58.2224 | Scale=329.1873 | 耗时=2234.1s
[Worker] k=4.671819 | MSE=11.4399 | Scale=313.1152 | 耗时=2235.0s
[Worker] k=4.432223 | MSE=103.2226 | Scale=321.3639 | 耗时=2235.4s
[Worker] k=12.342916 | MSE=60.6814 | Scale=329.5757 | 耗时=2237.3s
[Worker] k=3.765399 | MSE=54.7019 | Scale=314.6627 | 耗时=2237.8s
[Worker] k=5.413378 | MSE=121.3563 | Scale=321.5037 | 耗时=2238.3s
[Worker] k=6.394885 | MSE=16.4657 | Scale=313.0130 | 耗时=2240.1s
[Worker] k=7.334204 | MSE=37.5128 | Scale=331.2988 | 耗时=2240.4s
[Worker] k=5.357235 | MSE=50.3834 | Scale=311.3144 | 耗时=2241.2s
[Worker] k=7.430799 | MSE=115.7368 | Scale=336.6433 | 耗时=2244.2s
[Worker] k=7.794159 | MSE=27.2055 | Scale=315.0466 | 耗时=2245.3s
[Worker] k=11.077127 | MSE=35.7825 | Scale=325.5936 | 耗时=2247.2s
[Worker] k=11.244172 | MSE=79.3856 | Scale=320.5226 | 耗时=2247.5s
[Worker] k=7.232471 | MSE=63.5162 | Scale=331.6161 | 耗时=2248.1s
[Worker] k=9.712043 | MSE=18.5329 | Scale=315.9871 | 耗时=2248.5s
[Worker] k=10.730667 | MSE=69.6667 | Scale=330.8428 | 耗时=2249.2s
[Worker] k=4.493350 | MSE=94.8550 | Scale=319.5064 | 耗时=2252.5s
[Worker] k=3.202983 | MSE=34.6458 | Scale=314.1614 | 耗时=2252.7s
[Worker] k=2.121407 | MSE=53.2057 | Scale=318.3958 | 耗时=2253.6s
[Worker] k=11.797043 | MSE=109.1918 | Scale=324.2790 | 耗时=2255.0s
[Worker] k=2.046822 | MSE=51.3743 | Scale=311.7550 | 耗时=2255.8s
[Worker] k=4.525591 | MSE=50.9465 | Scale=310.0283 | 耗时=2256.9s
[Worker] k=4.966765 | MSE=58.8358 | Scale=314.2761 | 耗时=2257.5s
[Worker] k=5.235429 | MSE=29.0163 | Scale=313.3698 | 耗时=2257.5s
[Worker] k=11.321467 | MSE=40.5752 | Scale=319.3234 | 耗时=2258.1s
[Worker] k=10.346446 | MSE=80.9680 | Scale=324.5746 | 耗时=2258.1s
[Worker] k=12.380186 | MSE=33.6263 | Scale=323.4742 | 耗时=2259.4s
[Worker] k=6.693084 | MSE=54.1853 | Scale=331.5990 | 耗时=2259.5s
[Worker] k=10.953692 | MSE=66.6623 | Scale=334.9430 | 耗时=2259.9s
[Worker] k=2.495297 | MSE=81.0748 | Scale=323.3730 | 耗时=2260.3s
[Worker] k=7.998052 | MSE=27.6286 | Scale=329.1178 | 耗时=2260.7s
[Worker] k=4.516953 | MSE=76.6959 | Scale=326.8365 | 耗时=2261.0s
[Worker] k=14.007403 | MSE=113.5511 | Scale=321.2159 | 耗时=2261.5s
[Worker] k=3.918439 | MSE=66.5883 | Scale=320.4694 | 耗时=2261.6s
[Worker] k=5.316991 | MSE=94.5555 | Scale=314.5964 | 耗时=2262.1s
[Worker] k=2.746041 | MSE=56.1827 | Scale=319.2517 | 耗时=2262.7s
[Worker] k=4.078429 | MSE=41.8554 | Scale=324.3570 | 耗时=2263.6s
[Worker] k=4.419377 | MSE=32.1043 | Scale=315.9836 | 耗时=2264.5s
[Worker] k=5.977399 | MSE=46.7261 | Scale=321.7597 | 耗时=2265.1s
[Worker] k=10.505597 | MSE=72.2221 | Scale=321.4379 | 耗时=2265.9s
[Worker] k=8.130277 | MSE=69.2715 | Scale=324.1621 | 耗时=2267.4s
[Worker] k=2.156613 | MSE=38.7286 | Scale=322.9523 | 耗时=2267.8s
[Worker] k=8.755547 | MSE=121.3860 | Scale=323.9488 | 耗时=2267.9s
[Worker] k=6.665497 | MSE=52.1823 | Scale=317.5154 | 耗时=2270.7s
[Worker] k=13.647014 | MSE=84.3516 | Scale=319.4468 | 耗时=2271.6s
[Worker] k=11.191816 | MSE=62.9069 | Scale=314.0650 | 耗时=2275.0s
[Worker] k=9.426714 | MSE=23.8605 | Scale=310.5530 | 耗时=2276.4s
[Worker] k=6.203886 | MSE=33.7717 | Scale=315.7723 | 耗时=2278.3s
[Worker] k=9.774227 | MSE=69.7234 | Scale=321.5305 | 耗时=2278.4s
[Worker] k=11.247166 | MSE=74.8764 | Scale=324.5952 | 耗时=2278.5s
[Worker] k=11.616378 | MSE=84.7413 | Scale=316.8845 | 耗时=2278.7s
[Worker] k=2.828576 | MSE=63.0309 | Scale=312.6689 | 耗时=2280.0s
[Worker] k=3.406306 | MSE=58.9395 | Scale=324.0100 | 耗时=2280.7s
[Worker] k=5.418740 | MSE=65.3804 | Scale=332.2128 | 耗时=2281.1s
[Worker] k=2.524047 | MSE=58.5053 | Scale=333.7168 | 耗时=2283.2s
[Worker] k=6.866860 | MSE=95.5714 | Scale=324.1664 | 耗时=2284.3s
[Worker] k=7.492557 | MSE=68.2345 | Scale=322.0411 | 耗时=2284.6s
[Worker] k=2.270375 | MSE=43.6961 | Scale=319.1307 | 耗时=2284.9s
[Worker] k=8.984145 | MSE=42.7141 | Scale=315.1247 | 耗时=2285.2s
[Worker] k=6.040891 | MSE=140.3051 | Scale=326.7797 | 耗时=2286.4s
[Worker] k=6.638716 | MSE=99.8286 | Scale=320.2423 | 耗时=2286.6s
[Worker] k=11.573045 | MSE=58.8988 | Scale=318.2962 | 耗时=2286.7s
[Worker] k=10.067701 | MSE=140.7779 | Scale=331.2082 | 耗时=2287.2s
[Worker] k=4.998980 | MSE=80.4954 | Scale=316.8354 | 耗时=2288.1s
[Worker] k=9.391046 | MSE=22.5927 | Scale=313.6970 | 耗时=2288.2s
[Worker] k=8.474556 | MSE=77.8792 | Scale=308.7755 | 耗时=2288.5s[Worker] k=6.678374 | MSE=55.3157 | Scale=318.7235 | 耗时=2288.5s

[Worker] k=8.745368 | MSE=42.2940 | Scale=317.2151 | 耗时=2289.1s
[Worker] k=6.255772 | MSE=42.0723 | Scale=320.6652 | 耗时=2289.5s
[Worker] k=4.389098 | MSE=30.0919 | Scale=310.3417 | 耗时=2290.1s
[Worker] k=7.847549 | MSE=126.4844 | Scale=330.7357 | 耗时=2290.2s
[Worker] k=2.662916 | MSE=71.1568 | Scale=321.4874 | 耗时=2290.3s
[Worker] k=9.711249 | MSE=58.0686 | Scale=337.1573 | 耗时=2290.5s
[Worker] k=3.132418 | MSE=236.8042 | Scale=332.7512 | 耗时=2290.9s
[Worker] k=2.219641 | MSE=52.9681 | Scale=319.5203 | 耗时=2291.1s
[Worker] k=10.239208 | MSE=91.1982 | Scale=328.1401 | 耗时=2291.8s
[Worker] k=13.696883 | MSE=27.3127 | Scale=321.6257 | 耗时=2292.0s
[Worker] k=4.456184 | MSE=52.2507 | Scale=313.2711 | 耗时=2292.1s
[Worker] k=12.240237 | MSE=84.7278 | Scale=326.8135 | 耗时=2292.1s
[Worker] k=6.910557 | MSE=39.4919 | Scale=324.1770 | 耗时=2293.0s
[Worker] k=6.108014 | MSE=84.9211 | Scale=329.5950 | 耗时=2293.5s
[Worker] k=7.658341 | MSE=42.4176 | Scale=320.1783 | 耗时=2295.0s
[Worker] k=5.434299 | MSE=79.7952 | Scale=327.0966 | 耗时=2295.8s
[Worker] k=6.070757 | MSE=119.4169 | Scale=331.4955 | 耗时=2296.1s
[Worker] k=13.772727 | MSE=105.9932 | Scale=324.6407 | 耗时=2297.0s
[Worker] k=11.310610 | MSE=66.4916 | Scale=328.2376 | 耗时=2298.1s
[Worker] k=6.040088 | MSE=50.4545 | Scale=315.8082 | 耗时=2299.1s
[Worker] k=7.916651 | MSE=84.5340 | Scale=335.6670 | 耗时=2299.1s
[Worker] k=8.639906 | MSE=97.9644 | Scale=322.0373 | 耗时=2299.2s
[Worker] k=8.479476 | MSE=124.8123 | Scale=331.6337 | 耗时=2299.4s
[Worker] k=11.186353 | MSE=42.3104 | Scale=333.1428 | 耗时=2299.5s
[Worker] k=7.520909 | MSE=37.0016 | Scale=319.7846 | 耗时=2299.6s
[Worker] k=11.844097 | MSE=64.2470 | Scale=314.7297 | 耗时=2300.2s
[Worker] k=2.358676 | MSE=36.9552 | Scale=307.1745 | 耗时=2300.6s
[Worker] k=6.857793 | MSE=97.4160 | Scale=321.6221 | 耗时=2300.8s
[Worker] k=6.458862 | MSE=109.2962 | Scale=331.1745 | 耗时=2301.0s
[Worker] k=10.481732 | MSE=97.1185 | Scale=325.3723 | 耗时=2301.1s
[Worker] k=2.374746 | MSE=113.3099 | Scale=326.2579 | 耗时=2301.3s
[Worker] k=13.676480 | MSE=54.6461 | Scale=329.8129 | 耗时=2302.1s
[Worker] k=8.035505 | MSE=25.3519 | Scale=307.0796 | 耗时=2302.5s
[Worker] k=5.281660 | MSE=56.0757 | Scale=309.9709 | 耗时=2304.1s
[Worker] k=6.998906 | MSE=48.7620 | Scale=323.7329 | 耗时=2304.7s
[Worker] k=2.292863 | MSE=32.2789 | Scale=318.4049 | 耗时=2305.3s
[Worker] k=10.073304 | MSE=61.8270 | Scale=317.4585 | 耗时=2308.6s
[Worker] k=11.466833 | MSE=48.8635 | Scale=333.5729 | 耗时=2309.3s
[Worker] k=12.800558 | MSE=75.1804 | Scale=332.2371 | 耗时=2311.2s
[Worker] k=12.578404 | MSE=38.3701 | Scale=325.2761 | 耗时=2311.8s
[Worker] k=14.516320 | MSE=99.0495 | Scale=317.8366 | 耗时=2312.2s
[Worker] k=2.362591 | MSE=91.7235 | Scale=326.6969 | 耗时=2314.2s
[Worker] k=10.651208 | MSE=91.5364 | Scale=334.8598 | 耗时=2315.4s
[Worker] k=4.697125 | MSE=66.0464 | Scale=331.1389 | 耗时=2316.6s
[Worker] k=5.750034 | MSE=61.8300 | Scale=320.3314 | 耗时=2317.0s
[Worker] k=9.563216 | MSE=81.5933 | Scale=334.6891 | 耗时=2317.5s
[Worker] k=7.607144 | MSE=101.2310 | Scale=323.8938 | 耗时=2317.5s
[Worker] k=8.268923 | MSE=49.9143 | Scale=329.8251 | 耗时=2317.7s
[Worker] k=9.007258 | MSE=46.5497 | Scale=317.1003 | 耗时=2318.5s
[Worker] k=11.069121 | MSE=27.6405 | Scale=329.1450 | 耗时=2318.9s
[Worker] k=10.722841 | MSE=55.6036 | Scale=326.4401 | 耗时=2319.0s
[Worker] k=2.127427 | MSE=113.1440 | Scale=319.7603 | 耗时=2319.8s
[Worker] k=10.333720 | MSE=104.9886 | Scale=336.0201 | 耗时=2320.8s
[Worker] k=8.066391 | MSE=72.0284 | Scale=319.3914 | 耗时=2320.9s
[Worker] k=7.310709 | MSE=43.2989 | Scale=338.3972 | 耗时=2321.0s
[Worker] k=9.073879 | MSE=114.9151 | Scale=337.5154 | 耗时=2321.6s
[Worker] k=7.166427 | MSE=26.7358 | Scale=317.1170 | 耗时=2321.5s
[Worker] k=8.426711 | MSE=115.5677 | Scale=336.5058 | 耗时=2321.6s
[Worker] k=4.941660 | MSE=79.4940 | Scale=323.1535 | 耗时=2322.2s
[Worker] k=3.235057 | MSE=104.4956 | Scale=326.9449 | 耗时=2324.1s
[Worker] k=6.332773 | MSE=16.0832 | Scale=319.0569 | 耗时=2325.8s
[Worker] k=6.594155 | MSE=102.9395 | Scale=325.4578 | 耗时=2325.9s
[Worker] k=3.692755 | MSE=46.9438 | Scale=321.2869 | 耗时=2326.0s
[Worker] k=3.938679 | MSE=28.0316 | Scale=305.3503 | 耗时=2326.0s
[Worker] k=4.662068 | MSE=70.4786 | Scale=316.0079 | 耗时=2326.6s
[Worker] k=3.983935 | MSE=78.5443 | Scale=318.3541 | 耗时=2326.7s
[Worker] k=7.563458 | MSE=47.4960 | Scale=322.6408 | 耗时=2327.1s
[Worker] k=5.023240 | MSE=61.5011 | Scale=310.1018 | 耗时=2327.6s
[Worker] k=6.680239 | MSE=20.7460 | Scale=307.4869 | 耗时=2327.7s
[Worker] k=5.539879 | MSE=62.2886 | Scale=312.2366 | 耗时=2328.4s
[Worker] k=3.509964 | MSE=72.2236 | Scale=310.1064 | 耗时=2328.5s
[Worker] k=5.708985 | MSE=120.8894 | Scale=319.7823 | 耗时=2329.0s
[Worker] k=11.319646 | MSE=101.8759 | Scale=314.1951 | 耗时=2329.1s
[Worker] k=10.740720 | MSE=117.9916 | Scale=330.5438 | 耗时=2329.4s
[Worker] k=11.398006 | MSE=78.9629 | Scale=319.4872 | 耗时=2329.4s
[Worker] k=12.739296 | MSE=88.9398 | Scale=331.6026 | 耗时=2330.6s
[Worker] k=14.067469 | MSE=49.1286 | Scale=314.2375 | 耗时=2331.2s
[Worker] k=11.525570 | MSE=80.8439 | Scale=327.3077 | 耗时=2331.5s
[Worker] k=13.461384 | MSE=50.7076 | Scale=326.4343 | 耗时=2332.3s
[Worker] k=4.165659 | MSE=105.8530 | Scale=321.2920 | 耗时=2332.3s
[Worker] k=11.846680 | MSE=91.6546 | Scale=348.6531 | 耗时=2333.2s
[Worker] k=13.273229 | MSE=89.4489 | Scale=324.3459 | 耗时=2333.3s
[Worker] k=12.926954 | MSE=47.4373 | Scale=318.8972 | 耗时=2333.4s
[Worker] k=10.443723 | MSE=72.9024 | Scale=330.9200 | 耗时=2333.9s
[Worker] k=2.009945 | MSE=85.7681 | Scale=328.1324 | 耗时=2334.7s
[Worker] k=9.115186 | MSE=147.3468 | Scale=330.0833 | 耗时=2335.1s
[Worker] k=5.398499 | MSE=42.8637 | Scale=320.0802 | 耗时=2335.9s
[Worker] k=11.961022 | MSE=14.1842 | Scale=314.0452 | 耗时=2337.2s
[Worker] k=8.725859 | MSE=70.3511 | Scale=330.7633 | 耗时=2337.4s
[Worker] k=5.315406 | MSE=22.0300 | Scale=305.0068 | 耗时=2337.4s
[Worker] k=5.205236 | MSE=89.1673 | Scale=317.4587 | 耗时=2338.5s
[Worker] k=10.758806 | MSE=106.4074 | Scale=326.3979 | 耗时=2338.5s
[Worker] k=5.631467 | MSE=79.7427 | Scale=321.1394 | 耗时=2338.9s
[Worker] k=2.523114 | MSE=92.5529 | Scale=326.5848 | 耗时=2339.6s
[Worker] k=7.068781 | MSE=56.5921 | Scale=318.9837 | 耗时=2340.2s
[Worker] k=14.414714 | MSE=135.3871 | Scale=353.4314 | 耗时=2340.2s
[Worker] k=6.954095 | MSE=25.6108 | Scale=320.2502 | 耗时=2340.8s
[Worker] k=8.653338 | MSE=82.1514 | Scale=322.9993 | 耗时=2341.0s
[Worker] k=9.247499 | MSE=90.2694 | Scale=328.9916 | 耗时=2341.2s
[Worker] k=7.697433 | MSE=76.7979 | Scale=329.2474 | 耗时=2341.5s
[Worker] k=12.380029 | MSE=83.9822 | Scale=329.4100 | 耗时=2341.7s
[Worker] k=3.445802 | MSE=46.4442 | Scale=325.7879 | 耗时=2342.1s
[Worker] k=11.975262 | MSE=33.5526 | Scale=329.4678 | 耗时=2342.8s
[Worker] k=8.175910 | MSE=55.1972 | Scale=312.6790 | 耗时=2342.8s
[Worker] k=10.039171 | MSE=49.4364 | Scale=334.8369 | 耗时=2343.0s
[Worker] k=4.011732 | MSE=63.4317 | Scale=321.8692 | 耗时=2343.5s
[Worker] k=4.244525 | MSE=64.0260 | Scale=322.9174 | 耗时=2343.6s
[Worker] k=11.462396 | MSE=42.5704 | Scale=322.7032 | 耗时=2344.3s
[Worker] k=10.011893 | MSE=91.5816 | Scale=331.9484 | 耗时=2344.4s
[Worker] k=13.572658 | MSE=120.9918 | Scale=325.8475 | 耗时=2344.8s
[Worker] k=12.387098 | MSE=145.1910 | Scale=330.7522 | 耗时=2346.3s
[Worker] k=11.824012 | MSE=89.4833 | Scale=333.5315 | 耗时=2346.7s
[Worker] k=13.255524 | MSE=59.3383 | Scale=324.2849 | 耗时=2346.9s
[Worker] k=5.884465 | MSE=66.7482 | Scale=318.5981 | 耗时=2347.0s
[Worker] k=9.329430 | MSE=26.7132 | Scale=312.9716 | 耗时=2347.2s
[Worker] k=8.496975 | MSE=37.1050 | Scale=316.2920 | 耗时=2347.2s
[Worker] k=6.392406 | MSE=23.3469 | Scale=312.8596 | 耗时=2348.4s
[Worker] k=7.099550 | MSE=53.8320 | Scale=332.8228 | 耗时=2348.5s
[Worker] k=6.077852 | MSE=47.7395 | Scale=322.7174 | 耗时=2349.0s
[Worker] k=11.085143 | MSE=95.3459 | Scale=344.1165 | 耗时=2349.0s
[Worker] k=13.286243 | MSE=100.4698 | Scale=328.2388 | 耗时=2349.3s
[Worker] k=13.442757 | MSE=62.0493 | Scale=324.6634 | 耗时=2350.0s
[Worker] k=3.185771 | MSE=89.4965 | Scale=322.0298 | 耗时=2350.0s
[Worker] k=5.378952 | MSE=46.9309 | Scale=317.7862 | 耗时=2350.0s
[Worker] k=2.722106 | MSE=31.6127 | Scale=317.7216 | 耗时=2350.1s
[Worker] k=7.297168 | MSE=89.2497 | Scale=322.4974 | 耗时=2350.3s
[Worker] k=5.585731 | MSE=66.6606 | Scale=310.1816 | 耗时=2350.4s
[Worker] k=5.503220 | MSE=32.7120 | Scale=321.6098 | 耗时=2351.7s
[Worker] k=6.538108 | MSE=58.4191 | Scale=319.0680 | 耗时=2352.1s
[Worker] k=14.549639 | MSE=93.9759 | Scale=354.8330 | 耗时=2355.3s
[Worker] k=8.600289 | MSE=60.8180 | Scale=328.2783 | 耗时=2356.5s
[Worker] k=2.851679 | MSE=106.4786 | Scale=315.6522 | 耗时=2356.8s
[Worker] k=9.836825 | MSE=57.2922 | Scale=330.1624 | 耗时=2356.9s
[Worker] k=4.877324 | MSE=68.4761 | Scale=322.2617 | 耗时=2357.1s
[Worker] k=3.726089 | MSE=64.4235 | Scale=320.9314 | 耗时=2357.8s
[Worker] k=3.250878 | MSE=37.0675 | Scale=317.1206 | 耗时=2357.8s
[Worker] k=7.174939 | MSE=30.5656 | Scale=316.5219 | 耗时=2358.0s
[Worker] k=9.826778 | MSE=38.9583 | Scale=314.1363 | 耗时=2358.4s
[Worker] k=3.140522 | MSE=80.8287 | Scale=318.1081 | 耗时=2358.4s
[Worker] k=6.407978 | MSE=36.4710 | Scale=317.6095 | 耗时=2358.5s
[Worker] k=6.124063 | MSE=57.2278 | Scale=310.4091 | 耗时=2358.5s
differential_evolution step 4: f(x)= 11.439869100425696
[Worker] k=11.338507 | MSE=66.9438 | Scale=346.7501 | 耗时=2064.8s
[Worker] k=8.421150 | MSE=84.2587 | Scale=324.2952 | 耗时=2094.4s
[Worker] k=10.904161 | MSE=21.0560 | Scale=318.6419 | 耗时=2106.5s
[Worker] k=2.214332 | MSE=127.7702 | Scale=326.5043 | 耗时=2133.5s
[Worker] k=4.014822 | MSE=84.9983 | Scale=331.7288 | 耗时=2146.7s
[Worker] k=10.148331 | MSE=207.8687 | Scale=331.9827 | 耗时=2158.7s
[Worker] k=3.310599 | MSE=82.0735 | Scale=313.2135 | 耗时=2163.3s
[Worker] k=7.018281 | MSE=105.1518 | Scale=317.7009 | 耗时=2166.2s
[Worker] k=7.657760 | MSE=36.7631 | Scale=320.8330 | 耗时=2171.7s
[Worker] k=6.778934 | MSE=48.4026 | Scale=319.6646 | 耗时=2173.8s
[Worker] k=4.074013 | MSE=49.8796 | Scale=308.3902 | 耗时=2174.7s
[Worker] k=10.872674 | MSE=162.2899 | Scale=338.4756 | 耗时=2180.7s
[Worker] k=5.723861 | MSE=117.1855 | Scale=340.1446 | 耗时=2183.2s
[Worker] k=13.665290 | MSE=144.1974 | Scale=340.5408 | 耗时=2192.0s
[Worker] k=11.020172 | MSE=41.6355 | Scale=319.9118 | 耗时=2195.7s
[Worker] k=10.097860 | MSE=116.1600 | Scale=332.4318 | 耗时=2207.8s
[Worker] k=4.522937 | MSE=36.8442 | Scale=322.2947 | 耗时=2219.2s
[Worker] k=8.240362 | MSE=56.2589 | Scale=336.4760 | 耗时=2222.3s
[Worker] k=2.309535 | MSE=60.4102 | Scale=312.2256 | 耗时=2225.4s
[Worker] k=12.246081 | MSE=93.0666 | Scale=326.2547 | 耗时=2226.1s
[Worker] k=5.973430 | MSE=27.2996 | Scale=328.9590 | 耗时=2227.2s
[Worker] k=11.926904 | MSE=96.5442 | Scale=321.1586 | 耗时=2230.2s
[Worker] k=3.902352 | MSE=121.3974 | Scale=323.0565 | 耗时=2233.5s
[Worker] k=4.380121 | MSE=108.1621 | Scale=329.6928 | 耗时=2233.6s
[Worker] k=9.220646 | MSE=67.7431 | Scale=325.1159 | 耗时=2234.5s
[Worker] k=2.109855 | MSE=121.4482 | Scale=324.3262 | 耗时=2238.5s
[Worker] k=2.595548 | MSE=166.2500 | Scale=329.6464 | 耗时=2240.2s
[Worker] k=8.763148 | MSE=42.6430 | Scale=320.6861 | 耗时=2241.5s
[Worker] k=9.261475 | MSE=35.6963 | Scale=330.3718 | 耗时=2243.8s
[Worker] k=3.111339 | MSE=46.8881 | Scale=318.1813 | 耗时=2246.4s
[Worker] k=6.827896 | MSE=124.3799 | Scale=326.1956 | 耗时=2248.4s
[Worker] k=2.783519 | MSE=42.8447 | Scale=309.3370 | 耗时=2249.4s
[Worker] k=6.848515 | MSE=61.2427 | Scale=316.8717 | 耗时=2249.8s
[Worker] k=7.089149 | MSE=84.2558 | Scale=330.7605 | 耗时=2250.0s
[Worker] k=3.068813 | MSE=98.5991 | Scale=323.0230 | 耗时=2251.8s
[Worker] k=5.442875 | MSE=26.8570 | Scale=309.5994 | 耗时=2254.5s
[Worker] k=10.594177 | MSE=100.6627 | Scale=337.5878 | 耗时=2255.6s
[Worker] k=3.084694 | MSE=136.0201 | Scale=335.3493 | 耗时=2257.4s
[Worker] k=2.788098 | MSE=46.1544 | Scale=316.4600 | 耗时=2257.9s
[Worker] k=8.029284 | MSE=111.7874 | Scale=322.7289 | 耗时=2257.9s
[Worker] k=6.627037 | MSE=110.7947 | Scale=320.6937 | 耗时=2258.9s
[Worker] k=4.339010 | MSE=24.7698 | Scale=313.1047 | 耗时=2259.9s
[Worker] k=3.735463 | MSE=149.1547 | Scale=317.9848 | 耗时=2260.1s
[Worker] k=10.211285 | MSE=51.4907 | Scale=326.4287 | 耗时=2260.2s
[Worker] k=13.019880 | MSE=110.5770 | Scale=334.9984 | 耗时=2263.8s
[Worker] k=5.589078 | MSE=92.7777 | Scale=332.4750 | 耗时=2265.1s
[Worker] k=7.203095 | MSE=103.4652 | Scale=330.6340 | 耗时=2265.3s
[Worker] k=5.524109 | MSE=103.0790 | Scale=324.3897 | 耗时=2266.1s
[Worker] k=2.848002 | MSE=127.8821 | Scale=324.8605 | 耗时=2267.1s
[Worker] k=5.695649 | MSE=72.2513 | Scale=323.9172 | 耗时=2267.2s
[Worker] k=6.999835 | MSE=107.2292 | Scale=328.0358 | 耗时=2268.1s
[Worker] k=10.624198 | MSE=65.5405 | Scale=318.5858 | 耗时=2268.4s
[Worker] k=6.973013 | MSE=68.5396 | Scale=323.6767 | 耗时=2268.6s
[Worker] k=5.439303 | MSE=41.0515 | Scale=308.3469 | 耗时=2270.8s
[Worker] k=5.903660 | MSE=70.6068 | Scale=321.4586 | 耗时=2271.0s
[Worker] k=14.549880 | MSE=170.5716 | Scale=338.9998 | 耗时=2271.0s
[Worker] k=11.763114 | MSE=83.0636 | Scale=323.4507 | 耗时=2271.0s
[Worker] k=9.618806 | MSE=39.6447 | Scale=324.9487 | 耗时=2271.4s
[Worker] k=2.732708 | MSE=35.1033 | Scale=308.9484 | 耗时=2271.5s
[Worker] k=4.209830 | MSE=92.8493 | Scale=316.2389 | 耗时=2274.2s
[Worker] k=4.404066 | MSE=108.6295 | Scale=326.3844 | 耗时=2275.2s
[Worker] k=2.084389 | MSE=57.5492 | Scale=318.3535 | 耗时=2275.3s
[Worker] k=2.933855 | MSE=68.5120 | Scale=307.4862 | 耗时=2275.6s
[Worker] k=2.263473 | MSE=122.9197 | Scale=329.6155 | 耗时=2276.1s
[Worker] k=4.485964 | MSE=69.1935 | Scale=326.6859 | 耗时=2276.7s
[Worker] k=3.738242 | MSE=82.1714 | Scale=322.5435 | 耗时=2277.5s
[Worker] k=6.125441 | MSE=75.3458 | Scale=326.6304 | 耗时=2277.7s
[Worker] k=13.632560 | MSE=71.3600 | Scale=330.3396 | 耗时=2277.9s
[Worker] k=10.296561 | MSE=79.6099 | Scale=330.2976 | 耗时=2278.0s
[Worker] k=12.418233 | MSE=114.7941 | Scale=342.6124 | 耗时=2278.1s
[Worker] k=9.294743 | MSE=112.1902 | Scale=327.8556 | 耗时=2278.3s
[Worker] k=4.973507 | MSE=61.1926 | Scale=305.7323 | 耗时=2279.5s
[Worker] k=7.645854 | MSE=81.2677 | Scale=327.3413 | 耗时=2279.9s
[Worker] k=8.834577 | MSE=71.6074 | Scale=330.3093 | 耗时=2280.6s
[Worker] k=7.974216 | MSE=86.3642 | Scale=328.1038 | 耗时=2281.4s
[Worker] k=7.187334 | MSE=126.8941 | Scale=329.0839 | 耗时=2281.4s
[Worker] k=12.827024 | MSE=26.4768 | Scale=302.3792 | 耗时=2282.7s
[Worker] k=14.991607 | MSE=69.4506 | Scale=334.9105 | 耗时=2282.7s
[Worker] k=2.748503 | MSE=39.8138 | Scale=313.1582 | 耗时=2283.9s
[Worker] k=3.331931 | MSE=90.1188 | Scale=337.2319 | 耗时=2284.0s
[Worker] k=7.263398 | MSE=48.0384 | Scale=321.3040 | 耗时=2284.5s
[Worker] k=9.125156 | MSE=142.3239 | Scale=328.0961 | 耗时=2285.0s
[Worker] k=14.991461 | MSE=83.9603 | Scale=323.9333 | 耗时=2285.2s
[Worker] k=5.371659 | MSE=81.3738 | Scale=320.2302 | 耗时=2286.5s
[Worker] k=7.234192 | MSE=98.2373 | Scale=321.5436 | 耗时=2287.1s
[Worker] k=5.903232 | MSE=65.9199 | Scale=331.9671 | 耗时=2287.2s
[Worker] k=5.202995 | MSE=99.3945 | Scale=321.5882 | 耗时=2288.2s
[Worker] k=4.726933 | MSE=55.8287 | Scale=309.6198 | 耗时=2288.5s
[Worker] k=9.896633 | MSE=44.1099 | Scale=331.6170 | 耗时=2288.8s
[Worker] k=4.392992 | MSE=39.3729 | Scale=323.5106 | 耗时=2290.1s
[Worker] k=9.235727 | MSE=28.6515 | Scale=308.7284 | 耗时=2291.3s
[Worker] k=2.212732 | MSE=28.5142 | Scale=316.5781 | 耗时=2291.6s
[Worker] k=4.337486 | MSE=106.7774 | Scale=328.6097 | 耗时=2294.6s
[Worker] k=4.950758 | MSE=124.8202 | Scale=334.7497 | 耗时=2294.8s
[Worker] k=11.353590 | MSE=45.7738 | Scale=322.5138 | 耗时=2295.4s
[Worker] k=3.705052 | MSE=45.8168 | Scale=306.3178 | 耗时=2296.3s
[Worker] k=10.158001 | MSE=50.2210 | Scale=337.4878 | 耗时=2296.5s
[Worker] k=6.541253 | MSE=52.8275 | Scale=319.9922 | 耗时=2296.9s
[Worker] k=6.892658 | MSE=89.3653 | Scale=323.7064 | 耗时=2297.7s
[Worker] k=4.666467 | MSE=85.0675 | Scale=316.6508 | 耗时=2298.6s
[Worker] k=5.325837 | MSE=65.0713 | Scale=310.7251 | 耗时=2299.1s
[Worker] k=7.297756 | MSE=52.6990 | Scale=320.7492 | 耗时=2299.2s
[Worker] k=4.738352 | MSE=71.8649 | Scale=312.9294 | 耗时=2300.6s
[Worker] k=4.136643 | MSE=89.8238 | Scale=336.3374 | 耗时=2301.5s
[Worker] k=12.523673 | MSE=27.9384 | Scale=314.4587 | 耗时=2301.9s
[Worker] k=9.546060 | MSE=29.4653 | Scale=325.1831 | 耗时=2302.1s
[Worker] k=2.146799 | MSE=31.2069 | Scale=318.8288 | 耗时=2302.3s
[Worker] k=7.983916 | MSE=106.4039 | Scale=323.0859 | 耗时=2302.6s
[Worker] k=9.650954 | MSE=63.6466 | Scale=334.8504 | 耗时=2303.1s
[Worker] k=9.571669 | MSE=71.0314 | Scale=320.1824 | 耗时=2303.7s
[Worker] k=2.316047 | MSE=38.4987 | Scale=315.6979 | 耗时=2303.7s
[Worker] k=2.010568 | MSE=60.5638 | Scale=307.2774 | 耗时=2304.2s
[Worker] k=4.422580 | MSE=119.4819 | Scale=324.3345 | 耗时=2304.5s
[Worker] k=9.348321 | MSE=121.4698 | Scale=326.4685 | 耗时=2304.7s
[Worker] k=2.267803 | MSE=76.0826 | Scale=321.7055 | 耗时=2305.0s
[Worker] k=3.856755 | MSE=131.2252 | Scale=324.6750 | 耗时=2305.6s
[Worker] k=8.438770 | MSE=94.2023 | Scale=334.6792 | 耗时=2305.6s
[Worker] k=9.470046 | MSE=60.6870 | Scale=336.6589 | 耗时=2305.8s
[Worker] k=6.306448 | MSE=125.7409 | Scale=324.9062 | 耗时=2306.2s
[Worker] k=4.868509 | MSE=24.6475 | Scale=306.3599 | 耗时=2306.4s
[Worker] k=6.703673 | MSE=72.4666 | Scale=332.1454 | 耗时=2308.1s
[Worker] k=2.291729 | MSE=27.3337 | Scale=305.3389 | 耗时=2308.8s
[Worker] k=8.688010 | MSE=81.9192 | Scale=333.6620 | 耗时=2308.9s
[Worker] k=9.815286 | MSE=34.3974 | Scale=329.0126 | 耗时=2309.4s
[Worker] k=4.485019 | MSE=95.9231 | Scale=322.3373 | 耗时=2309.3s[Worker] k=12.750853 | MSE=39.9467 | Scale=309.7014 | 耗时=2309.4s

[Worker] k=10.153132 | MSE=67.1003 | Scale=325.3824 | 耗时=2309.8s
[Worker] k=3.744775 | MSE=14.3034 | Scale=311.2280 | 耗时=2310.4s
[Worker] k=3.876285 | MSE=73.5448 | Scale=313.5735 | 耗时=2310.5s
[Worker] k=10.663855 | MSE=82.9300 | Scale=317.3479 | 耗时=2310.9s
[Worker] k=13.917345 | MSE=157.0657 | Scale=339.9765 | 耗时=2311.4s
[Worker] k=3.426114 | MSE=35.7951 | Scale=318.1265 | 耗时=2312.1s
[Worker] k=7.100017 | MSE=52.6200 | Scale=316.9053 | 耗时=2312.6s
[Worker] k=7.335209 | MSE=22.1604 | Scale=329.1571 | 耗时=2312.7s
[Worker] k=5.113220 | MSE=73.8026 | Scale=322.4400 | 耗时=2313.4s
[Worker] k=4.744931 | MSE=71.2715 | Scale=317.5888 | 耗时=2313.9s[Worker] k=3.994745 | MSE=132.9997 | Scale=324.4679 | 耗时=2313.9s

[Worker] k=7.374855 | MSE=24.7042 | Scale=316.3988 | 耗时=2315.1s
[Worker] k=4.060067 | MSE=141.9426 | Scale=327.3855 | 耗时=2315.6s
[Worker] k=7.746962 | MSE=96.6215 | Scale=323.2234 | 耗时=2316.4s[Worker] k=4.850934 | MSE=76.6290 | Scale=313.9796 | 耗时=2316.5s

[Worker] k=8.940751 | MSE=93.2699 | Scale=326.4125 | 耗时=2316.6s
[Worker] k=5.877994 | MSE=42.6228 | Scale=319.6082 | 耗时=2316.9s
[Worker] k=5.529268 | MSE=116.9940 | Scale=334.5649 | 耗时=2317.6s
[Worker] k=4.804854 | MSE=85.1508 | Scale=317.3666 | 耗时=2317.6s
[Worker] k=3.962393 | MSE=53.8301 | Scale=325.2700 | 耗时=2317.8s
[Worker] k=2.021007 | MSE=121.4253 | Scale=323.2411 | 耗时=2318.1s
[Worker] k=10.867492 | MSE=68.1690 | Scale=333.8668 | 耗时=2318.4s
[Worker] k=8.431270 | MSE=103.1191 | Scale=323.4501 | 耗时=2318.6s
[Worker] k=3.651098 | MSE=126.5632 | Scale=327.7687 | 耗时=2318.6s
[Worker] k=8.017616 | MSE=78.0383 | Scale=318.8090 | 耗时=2318.9s
[Worker] k=4.042020 | MSE=149.9573 | Scale=330.0437 | 耗时=2319.1s
[Worker] k=5.004570 | MSE=64.2443 | Scale=313.3970 | 耗时=2319.4s
[Worker] k=5.880282 | MSE=92.7117 | Scale=319.8975 | 耗时=2319.6s
[Worker] k=4.289563 | MSE=101.4930 | Scale=322.8811 | 耗时=2319.7s
[Worker] k=8.752031 | MSE=43.7181 | Scale=326.0074 | 耗时=2320.1s
[Worker] k=7.135631 | MSE=70.5577 | Scale=335.0770 | 耗时=2320.4s
[Worker] k=3.726694 | MSE=88.3325 | Scale=326.2797 | 耗时=2320.4s
[Worker] k=12.662563 | MSE=104.2966 | Scale=328.7405 | 耗时=2320.7s
[Worker] k=2.373848 | MSE=38.5902 | Scale=313.1892 | 耗时=2321.3s
[Worker] k=2.869622 | MSE=129.9983 | Scale=334.2803 | 耗时=2322.4s
[Worker] k=6.354109 | MSE=64.1323 | Scale=321.9214 | 耗时=2323.1s
[Worker] k=2.718249 | MSE=88.2349 | Scale=328.4146 | 耗时=2323.3s
[Worker] k=6.027181 | MSE=55.9067 | Scale=320.5703 | 耗时=2324.0s
[Worker] k=5.268561 | MSE=100.9978 | Scale=320.0832 | 耗时=2324.1s
[Worker] k=5.441842 | MSE=51.1887 | Scale=320.6004 | 耗时=2324.3s
[Worker] k=11.743558 | MSE=51.8419 | Scale=322.5219 | 耗时=2324.7s
[Worker] k=4.678718 | MSE=133.7400 | Scale=331.4572 | 耗时=2325.8s
[Worker] k=6.880554 | MSE=93.2862 | Scale=319.7283 | 耗时=2325.8s
[Worker] k=3.467339 | MSE=70.9966 | Scale=326.1616 | 耗时=2326.1s
[Worker] k=11.031501 | MSE=70.9646 | Scale=322.9857 | 耗时=2327.0s
[Worker] k=12.503707 | MSE=55.1025 | Scale=304.0044 | 耗时=2327.2s
[Worker] k=9.035948 | MSE=88.1426 | Scale=343.9956 | 耗时=2327.6s
[Worker] k=7.424261 | MSE=26.6791 | Scale=316.7400 | 耗时=2327.7s
[Worker] k=6.558546 | MSE=88.4161 | Scale=331.1174 | 耗时=2327.7s
[Worker] k=2.386364 | MSE=29.8953 | Scale=304.3386 | 耗时=2327.9s
[Worker] k=7.272414 | MSE=61.5245 | Scale=336.1479 | 耗时=2328.8s
[Worker] k=6.393714 | MSE=57.6354 | Scale=327.9591 | 耗时=2329.1s
[Worker] k=3.838252 | MSE=94.4975 | Scale=323.5127 | 耗时=2329.9s
[Worker] k=13.665425 | MSE=17.1039 | Scale=312.7409 | 耗时=2329.9s
[Worker] k=3.653397 | MSE=83.7898 | Scale=329.9161 | 耗时=2330.0s
[Worker] k=10.349751 | MSE=62.5334 | Scale=325.3369 | 耗时=2329.9s
[Worker] k=6.740403 | MSE=69.7745 | Scale=318.0248 | 耗时=2330.1s
[Worker] k=7.009708 | MSE=93.1519 | Scale=320.4500 | 耗时=2330.1s
[Worker] k=6.363335 | MSE=13.2231 | Scale=324.2031 | 耗时=2330.3s
[Worker] k=5.930693 | MSE=140.9785 | Scale=327.7439 | 耗时=2330.5s
[Worker] k=6.579911 | MSE=68.0794 | Scale=328.6039 | 耗时=2330.6s
[Worker] k=3.186425 | MSE=43.0926 | Scale=314.2382 | 耗时=2330.8s
[Worker] k=8.637267 | MSE=68.2176 | Scale=322.0030 | 耗时=2330.9s
[Worker] k=11.241384 | MSE=111.3986 | Scale=324.8589 | 耗时=2331.1s
[Worker] k=13.615961 | MSE=76.0825 | Scale=338.5445 | 耗时=2331.8s
[Worker] k=7.110745 | MSE=59.5511 | Scale=317.8065 | 耗时=2331.9s
[Worker] k=3.075604 | MSE=86.1444 | Scale=316.1820 | 耗时=2332.4s
[Worker] k=14.218307 | MSE=128.2212 | Scale=332.2318 | 耗时=2332.5s
[Worker] k=5.563873 | MSE=121.7749 | Scale=331.4975 | 耗时=2332.8s[Worker] k=2.700744 | MSE=43.6251 | Scale=319.7912 | 耗时=2332.8s

[Worker] k=11.984536 | MSE=22.5957 | Scale=306.4898 | 耗时=2333.2s
[Worker] k=12.478452 | MSE=58.8660 | Scale=329.2393 | 耗时=2333.6s
[Worker] k=8.040131 | MSE=40.6965 | Scale=321.4886 | 耗时=2333.7s
[Worker] k=8.721827 | MSE=76.2331 | Scale=324.9649 | 耗时=2333.7s
[Worker] k=6.489499 | MSE=75.4247 | Scale=324.3714 | 耗时=2333.8s
[Worker] k=2.926502 | MSE=44.3149 | Scale=313.7540 | 耗时=2333.9s
[Worker] k=4.857681 | MSE=96.2288 | Scale=331.2251 | 耗时=2334.1s
[Worker] k=8.674667 | MSE=73.9438 | Scale=306.7745 | 耗时=2334.2s
[Worker] k=14.697104 | MSE=124.2748 | Scale=335.1126 | 耗时=2335.7s
[Worker] k=5.422556 | MSE=74.8712 | Scale=320.2456 | 耗时=2335.9s
[Worker] k=5.608175 | MSE=118.7786 | Scale=338.7491 | 耗时=2336.1s
[Worker] k=2.853030 | MSE=66.4322 | Scale=317.7661 | 耗时=2337.6s
[Worker] k=2.986069 | MSE=71.0532 | Scale=324.8698 | 耗时=2337.6s
[Worker] k=4.991618 | MSE=116.5283 | Scale=328.0068 | 耗时=2337.8s
[Worker] k=3.457972 | MSE=81.0273 | Scale=327.9767 | 耗时=2338.8s
[Worker] k=5.357638 | MSE=134.6601 | Scale=330.0187 | 耗时=2339.3s
[Worker] k=7.547347 | MSE=49.4721 | Scale=320.7420 | 耗时=2339.4s
[Worker] k=2.084577 | MSE=43.0394 | Scale=311.9802 | 耗时=2339.6s
[Worker] k=4.778488 | MSE=43.0658 | Scale=314.1382 | 耗时=2339.7s
[Worker] k=7.242704 | MSE=68.3399 | Scale=320.5984 | 耗时=2340.1s
[Worker] k=8.507807 | MSE=85.1604 | Scale=326.4667 | 耗时=2340.3s
[Worker] k=6.935858 | MSE=45.9434 | Scale=320.5554 | 耗时=2340.2s
[Worker] k=4.922741 | MSE=71.0384 | Scale=318.7349 | 耗时=2340.6s
[Worker] k=5.518390 | MSE=25.7776 | Scale=308.1117 | 耗时=2340.7s
[Worker] k=4.970231 | MSE=70.4330 | Scale=317.0726 | 耗时=2340.8s
[Worker] k=12.278577 | MSE=99.6071 | Scale=333.9218 | 耗时=2341.6s
[Worker] k=9.765373 | MSE=129.3014 | Scale=322.9873 | 耗时=2341.7s
[Worker] k=7.399560 | MSE=10.8382 | Scale=304.5866 | 耗时=2341.8s
[Worker] k=4.897380 | MSE=182.0019 | Scale=330.7170 | 耗时=2342.1s
[Worker] k=6.619656 | MSE=71.6241 | Scale=314.3160 | 耗时=2343.0s
[Worker] k=6.692843 | MSE=54.4650 | Scale=316.4061 | 耗时=2343.6s
[Worker] k=5.162086 | MSE=125.6920 | Scale=326.4556 | 耗时=2343.7s
[Worker] k=3.787085 | MSE=56.8113 | Scale=320.7438 | 耗时=2343.8s
[Worker] k=5.066999 | MSE=48.6490 | Scale=313.0085 | 耗时=2343.8s
[Worker] k=4.410418 | MSE=83.6417 | Scale=310.2757 | 耗时=2343.8s
[Worker] k=5.133353 | MSE=99.4380 | Scale=319.2468 | 耗时=2344.3s
[Worker] k=13.459159 | MSE=62.0481 | Scale=344.6284 | 耗时=2344.4s
[Worker] k=8.001925 | MSE=32.0802 | Scale=328.5827 | 耗时=2344.5s
[Worker] k=11.810745 | MSE=57.7758 | Scale=322.0770 | 耗时=2345.1s
[Worker] k=8.942221 | MSE=53.3810 | Scale=320.2171 | 耗时=2345.3s
[Worker] k=3.215716 | MSE=65.7567 | Scale=325.9580 | 耗时=2345.5s
[Worker] k=2.089393 | MSE=34.0730 | Scale=301.8342 | 耗时=2345.6s
[Worker] k=7.378082 | MSE=71.5266 | Scale=306.5915 | 耗时=2346.4s
[Worker] k=7.257135 | MSE=46.6638 | Scale=307.4364 | 耗时=2346.5s
[Worker] k=10.955121 | MSE=52.1182 | Scale=326.9545 | 耗时=2346.7s
[Worker] k=11.931241 | MSE=51.5138 | Scale=332.9133 | 耗时=2347.1s
[Worker] k=5.090545 | MSE=56.4441 | Scale=316.4347 | 耗时=2347.2s
[Worker] k=2.753364 | MSE=95.5845 | Scale=333.0610 | 耗时=2347.9s
[Worker] k=6.832967 | MSE=135.3670 | Scale=349.1803 | 耗时=2347.9s
[Worker] k=4.895758 | MSE=90.2617 | Scale=318.7602 | 耗时=2348.0s
[Worker] k=3.156302 | MSE=54.8757 | Scale=332.5311 | 耗时=2348.1s
[Worker] k=6.616110 | MSE=173.8072 | Scale=331.8164 | 耗时=2348.1s
[Worker] k=5.056822 | MSE=92.5882 | Scale=326.5692 | 耗时=2348.9s
[Worker] k=9.342707 | MSE=48.3562 | Scale=319.1977 | 耗时=2350.2s
[Worker] k=2.835999 | MSE=81.4948 | Scale=322.3260 | 耗时=2350.3s
[Worker] k=11.287986 | MSE=18.8019 | Scale=329.0014 | 耗时=2350.6s
[Worker] k=9.533312 | MSE=64.8878 | Scale=323.4344 | 耗时=2350.8s
[Worker] k=3.206937 | MSE=47.1496 | Scale=322.6808 | 耗时=2350.9s
[Worker] k=7.304902 | MSE=89.1688 | Scale=325.2713 | 耗时=2350.9s
[Worker] k=7.262944 | MSE=53.7275 | Scale=319.0879 | 耗时=2351.0s
differential_evolution step 5: f(x)= 10.838190456712612
[Worker] k=9.457106 | MSE=84.5890 | Scale=322.7034 | 耗时=2036.2s
[Worker] k=8.416062 | MSE=78.7430 | Scale=314.6915 | 耗时=2054.8s
[Worker] k=8.347276 | MSE=130.5312 | Scale=326.4976 | 耗时=2063.7s
[Worker] k=9.815904 | MSE=32.8368 | Scale=309.4297 | 耗时=2110.0s
[Worker] k=4.327976 | MSE=70.9969 | Scale=316.2715 | 耗时=2119.0s
[Worker] k=5.610398 | MSE=31.2352 | Scale=310.7353 | 耗时=2120.5s
[Worker] k=6.437499 | MSE=79.1586 | Scale=315.3906 | 耗时=2123.2s
[Worker] k=14.433073 | MSE=79.0178 | Scale=343.2455 | 耗时=2136.1s
[Worker] k=6.480411 | MSE=112.5627 | Scale=323.9250 | 耗时=2143.2s
[Worker] k=5.478689 | MSE=133.3322 | Scale=329.3413 | 耗时=2152.7s
[Worker] k=2.237573 | MSE=93.8492 | Scale=318.4251 | 耗时=2153.0s
[Worker] k=3.092260 | MSE=95.2609 | Scale=313.1308 | 耗时=2168.5s
[Worker] k=2.896465 | MSE=50.9230 | Scale=320.5473 | 耗时=2171.3s
[Worker] k=9.804156 | MSE=102.6776 | Scale=323.8297 | 耗时=2171.7s
[Worker] k=8.418737 | MSE=18.7984 | Scale=302.8252 | 耗时=2173.8s
[Worker] k=11.067358 | MSE=119.8706 | Scale=327.0857 | 耗时=2174.3s
[Worker] k=10.342365 | MSE=130.3879 | Scale=341.3717 | 耗时=2176.6s
[Worker] k=11.865147 | MSE=80.2568 | Scale=328.5289 | 耗时=2178.3s
[Worker] k=4.418000 | MSE=73.6711 | Scale=324.1925 | 耗时=2180.3s
[Worker] k=8.835813 | MSE=75.8818 | Scale=328.5532 | 耗时=2186.0s
[Worker] k=11.389415 | MSE=91.4709 | Scale=320.6345 | 耗时=2188.6s
[Worker] k=6.310359 | MSE=46.3358 | Scale=323.7286 | 耗时=2193.2s
[Worker] k=10.816311 | MSE=130.0624 | Scale=334.5184 | 耗时=2194.4s
[Worker] k=12.652178 | MSE=76.6493 | Scale=338.6887 | 耗时=2198.1s
[Worker] k=3.926658 | MSE=52.0878 | Scale=324.2743 | 耗时=2209.1s
[Worker] k=5.384516 | MSE=106.9303 | Scale=312.8768 | 耗时=2211.1s
[Worker] k=11.531319 | MSE=88.2586 | Scale=325.0059 | 耗时=2212.2s
[Worker] k=5.698359 | MSE=101.3263 | Scale=335.0156 | 耗时=2217.7s
[Worker] k=11.420584 | MSE=143.5646 | Scale=336.3234 | 耗时=2221.0s
[Worker] k=8.865962 | MSE=46.5402 | Scale=316.7623 | 耗时=2223.8s
[Worker] k=5.665141 | MSE=55.4765 | Scale=319.5994 | 耗时=2224.3s
[Worker] k=6.708764 | MSE=51.8021 | Scale=317.9192 | 耗时=2225.5s
[Worker] k=8.822951 | MSE=98.6128 | Scale=326.3067 | 耗时=2225.8s
[Worker] k=9.381087 | MSE=57.0634 | Scale=318.2748 | 耗时=2226.2s
[Worker] k=7.689116 | MSE=84.5457 | Scale=318.6440 | 耗时=2226.4s
[Worker] k=9.341383 | MSE=167.9984 | Scale=332.3666 | 耗时=2227.8s
[Worker] k=2.592461 | MSE=75.3436 | Scale=319.4886 | 耗时=2228.7s
[Worker] k=12.816410 | MSE=79.9242 | Scale=333.8200 | 耗时=2229.1s
[Worker] k=8.004921 | MSE=103.2508 | Scale=326.8785 | 耗时=2230.5s
[Worker] k=3.897181 | MSE=72.4049 | Scale=329.7923 | 耗时=2230.6s
[Worker] k=3.991739 | MSE=72.9482 | Scale=315.4701 | 耗时=2232.2s
[Worker] k=4.634606 | MSE=165.6091 | Scale=326.1397 | 耗时=2235.2s
[Worker] k=7.107203 | MSE=28.3407 | Scale=319.6156 | 耗时=2235.4s
[Worker] k=4.700120 | MSE=86.4590 | Scale=327.4440 | 耗时=2236.2s
[Worker] k=12.376562 | MSE=102.9724 | Scale=339.0302 | 耗时=2236.5s
[Worker] k=4.755403 | MSE=86.6242 | Scale=315.8770 | 耗时=2237.8s
[Worker] k=12.439474 | MSE=49.8881 | Scale=322.2325 | 耗时=2242.3s
[Worker] k=4.823862 | MSE=24.1686 | Scale=304.7510 | 耗时=2242.9s
[Worker] k=12.215183 | MSE=73.6041 | Scale=319.3873 | 耗时=2243.7s
[Worker] k=8.433000 | MSE=63.6248 | Scale=334.3064 | 耗时=2244.6s
[Worker] k=10.276238 | MSE=42.9406 | Scale=330.4322 | 耗时=2245.0s
[Worker] k=14.729144 | MSE=47.5316 | Scale=317.4779 | 耗时=2245.9s
[Worker] k=5.940754 | MSE=131.7830 | Scale=333.4540 | 耗时=2246.0s
[Worker] k=10.517077 | MSE=71.7037 | Scale=329.6853 | 耗时=2247.5s
[Worker] k=4.052523 | MSE=145.8830 | Scale=331.6989 | 耗时=2247.7s
[Worker] k=4.006526 | MSE=90.5038 | Scale=315.1963 | 耗时=2248.8s
[Worker] k=9.362112 | MSE=69.9441 | Scale=314.7397 | 耗时=2249.3s
[Worker] k=8.605392 | MSE=80.6004 | Scale=334.4786 | 耗时=2250.1s
[Worker] k=6.937343 | MSE=101.0591 | Scale=328.1379 | 耗时=2251.5s
[Worker] k=6.590042 | MSE=61.2249 | Scale=314.4034 | 耗时=2253.8s
[Worker] k=5.084240 | MSE=29.5106 | Scale=316.3178 | 耗时=2253.9s
[Worker] k=6.693401 | MSE=46.5145 | Scale=323.0416 | 耗时=2254.2s
[Worker] k=3.842618 | MSE=88.1338 | Scale=330.1956 | 耗时=2255.0s
[Worker] k=5.102171 | MSE=110.9596 | Scale=324.4477 | 耗时=2255.1s
[Worker] k=10.956507 | MSE=123.5510 | Scale=337.1942 | 耗时=2255.5s
[Worker] k=10.721759 | MSE=75.5926 | Scale=322.3921 | 耗时=2257.9s
[Worker] k=4.876882 | MSE=95.4302 | Scale=324.1635 | 耗时=2258.6s
[Worker] k=8.394765 | MSE=58.6982 | Scale=322.1005 | 耗时=2259.0s
[Worker] k=7.042395 | MSE=51.9132 | Scale=318.1758 | 耗时=2259.1s
[Worker] k=12.267423 | MSE=27.3142 | Scale=306.2302 | 耗时=2259.9s
[Worker] k=3.397469 | MSE=94.7465 | Scale=324.1068 | 耗时=2262.9s
[Worker] k=2.544860 | MSE=64.8246 | Scale=315.1484 | 耗时=2263.9s
[Worker] k=3.900209 | MSE=31.0275 | Scale=318.6175 | 耗时=2264.7s
[Worker] k=2.544802 | MSE=42.2234 | Scale=322.4470 | 耗时=2265.2s
[Worker] k=2.978409 | MSE=62.2899 | Scale=326.2009 | 耗时=2268.4s
[Worker] k=9.896151 | MSE=49.6286 | Scale=319.7113 | 耗时=2268.9s
[Worker] k=4.235254 | MSE=35.2913 | Scale=313.0101 | 耗时=2270.9s
[Worker] k=8.740435 | MSE=28.5993 | Scale=316.1367 | 耗时=2274.4s
[Worker] k=9.483765 | MSE=36.0485 | Scale=319.8301 | 耗时=2275.7s
[Worker] k=10.235013 | MSE=82.3002 | Scale=337.7955 | 耗时=2275.9s
[Worker] k=8.639574 | MSE=44.6925 | Scale=308.3083 | 耗时=2276.6s
[Worker] k=4.828155 | MSE=31.6100 | Scale=319.3297 | 耗时=2278.0s
[Worker] k=10.695647 | MSE=47.2187 | Scale=325.5506 | 耗时=2278.8s
[Worker] k=10.947504 | MSE=45.3378 | Scale=322.1521 | 耗时=2278.9s
[Worker] k=14.104006 | MSE=42.2161 | Scale=327.6779 | 耗时=2278.9s
[Worker] k=11.337527 | MSE=50.8125 | Scale=343.2065 | 耗时=2280.5s
[Worker] k=8.830905 | MSE=64.0987 | Scale=316.2953 | 耗时=2280.8s
[Worker] k=5.422749 | MSE=78.9399 | Scale=315.0788 | 耗时=2281.3s
[Worker] k=10.310173 | MSE=131.5638 | Scale=329.5045 | 耗时=2284.0s
[Worker] k=6.824347 | MSE=94.6669 | Scale=328.4011 | 耗时=2284.4s
[Worker] k=9.055755 | MSE=107.2227 | Scale=331.3697 | 耗时=2284.5s
[Worker] k=4.419834 | MSE=77.0067 | Scale=333.8091 | 耗时=2284.9s
[Worker] k=10.081578 | MSE=45.0157 | Scale=316.9653 | 耗时=2285.2s[Worker] k=7.050920 | MSE=33.5464 | Scale=318.3597 | 耗时=2285.3s

[Worker] k=2.006257 | MSE=44.8219 | Scale=327.5349 | 耗时=2286.5s
[Worker] k=2.406865 | MSE=79.2239 | Scale=317.4854 | 耗时=2287.4s
[Worker] k=11.307341 | MSE=44.3451 | Scale=315.4567 | 耗时=2287.4s
[Worker] k=3.686115 | MSE=106.5633 | Scale=319.5947 | 耗时=2287.6s
[Worker] k=2.377383 | MSE=72.7773 | Scale=312.0056 | 耗时=2287.9s
[Worker] k=6.599346 | MSE=58.8899 | Scale=326.6636 | 耗时=2288.2s
[Worker] k=5.294942 | MSE=104.9593 | Scale=331.9720 | 耗时=2288.4s
[Worker] k=4.621286 | MSE=83.1478 | Scale=317.5183 | 耗时=2289.5s
[Worker] k=2.890453 | MSE=101.4769 | Scale=320.5911 | 耗时=2291.0s
[Worker] k=6.877091 | MSE=42.2498 | Scale=317.0057 | 耗时=2291.4s
[Worker] k=9.903476 | MSE=35.5534 | Scale=328.5217 | 耗时=2291.5s
[Worker] k=13.612700 | MSE=76.7811 | Scale=330.3187 | 耗时=2293.1s
[Worker] k=7.774402 | MSE=63.8861 | Scale=320.3599 | 耗时=2293.5s
[Worker] k=9.828934 | MSE=46.4980 | Scale=327.6272 | 耗时=2294.8s
[Worker] k=10.904620 | MSE=64.7860 | Scale=332.2481 | 耗时=2295.8s
[Worker] k=11.741281 | MSE=96.4167 | Scale=329.9947 | 耗时=2296.3s
[Worker] k=8.841670 | MSE=72.1981 | Scale=326.0538 | 耗时=2296.6s
[Worker] k=2.952001 | MSE=41.1186 | Scale=319.1328 | 耗时=2297.1s
[Worker] k=10.656716 | MSE=148.5280 | Scale=331.9580 | 耗时=2298.7s
[Worker] k=2.065437 | MSE=33.0481 | Scale=300.4451 | 耗时=2298.8s
[Worker] k=5.770399 | MSE=50.6980 | Scale=321.2025 | 耗时=2298.9s
[Worker] k=3.396337 | MSE=100.3167 | Scale=321.7363 | 耗时=2299.0s
[Worker] k=6.098486 | MSE=81.7843 | Scale=323.7398 | 耗时=2299.3s
[Worker] k=2.396202 | MSE=77.3459 | Scale=318.1346 | 耗时=2300.0s
[Worker] k=13.462110 | MSE=65.7104 | Scale=337.0398 | 耗时=2300.3s
[Worker] k=11.056332 | MSE=107.0720 | Scale=328.5822 | 耗时=2300.7s
[Worker] k=8.553915 | MSE=55.7562 | Scale=324.4695 | 耗时=2301.2s
[Worker] k=14.451115 | MSE=94.3318 | Scale=326.3242 | 耗时=2301.7s
[Worker] k=9.489392 | MSE=73.7362 | Scale=314.9943 | 耗时=2302.6s
[Worker] k=4.744040 | MSE=81.5528 | Scale=314.1122 | 耗时=2303.8s
[Worker] k=12.053742 | MSE=40.8905 | Scale=316.3020 | 耗时=2304.4s
[Worker] k=13.223992 | MSE=73.2422 | Scale=321.1379 | 耗时=2305.0s
[Worker] k=9.628898 | MSE=72.4707 | Scale=322.4043 | 耗时=2305.1s
[Worker] k=6.491788 | MSE=38.7392 | Scale=310.6669 | 耗时=2306.8s
[Worker] k=13.077612 | MSE=36.5761 | Scale=322.6967 | 耗时=2308.8s
[Worker] k=6.539607 | MSE=100.6423 | Scale=332.6939 | 耗时=2310.3s
[Worker] k=10.329902 | MSE=116.9573 | Scale=344.3044 | 耗时=2311.0s
[Worker] k=7.651302 | MSE=83.8682 | Scale=335.2744 | 耗时=2311.2s
[Worker] k=8.252521 | MSE=71.1408 | Scale=322.1224 | 耗时=2311.8s
[Worker] k=10.553532 | MSE=38.2894 | Scale=313.8744 | 耗时=2311.9s
[Worker] k=13.966047 | MSE=135.3250 | Scale=335.2652 | 耗时=2311.9s
[Worker] k=6.811718 | MSE=38.8171 | Scale=333.7368 | 耗时=2312.0s
[Worker] k=11.671974 | MSE=92.8389 | Scale=332.6811 | 耗时=2312.2s
[Worker] k=11.750735 | MSE=77.8687 | Scale=326.0661 | 耗时=2312.9s
[Worker] k=10.259431 | MSE=64.3896 | Scale=322.0264 | 耗时=2313.0s
[Worker] k=10.135697 | MSE=45.0357 | Scale=328.6151 | 耗时=2313.0s[Worker] k=3.630033 | MSE=94.5984 | Scale=326.7778 | 耗时=2313.0s

[Worker] k=9.165540 | MSE=83.0202 | Scale=325.3262 | 耗时=2313.0s
[Worker] k=11.011315 | MSE=39.9302 | Scale=323.5550 | 耗时=2313.5s
[Worker] k=4.810808 | MSE=40.6112 | Scale=320.0055 | 耗时=2314.4s
[Worker] k=9.474572 | MSE=114.3907 | Scale=324.7219 | 耗时=2314.6s
[Worker] k=3.288677 | MSE=40.0239 | Scale=320.3176 | 耗时=2314.7s
[Worker] k=12.414443 | MSE=74.3336 | Scale=325.2104 | 耗时=2315.8s
[Worker] k=12.253094 | MSE=253.2433 | Scale=342.6002 | 耗时=2315.8s
[Worker] k=2.484205 | MSE=38.7238 | Scale=308.7399 | 耗时=2316.4s
[Worker] k=4.949435 | MSE=51.6933 | Scale=332.9963 | 耗时=2316.6s
[Worker] k=7.663659 | MSE=62.2189 | Scale=324.7021 | 耗时=2317.4s
[Worker] k=7.806317 | MSE=238.2317 | Scale=353.9890 | 耗时=2317.4s
[Worker] k=8.182446 | MSE=61.5283 | Scale=324.6725 | 耗时=2317.5s
[Worker] k=11.165398 | MSE=29.5359 | Scale=321.4975 | 耗时=2317.8s
[Worker] k=10.806205 | MSE=84.2632 | Scale=343.9486 | 耗时=2318.6s
[Worker] k=6.970428 | MSE=111.3011 | Scale=329.1818 | 耗时=2318.9s
[Worker] k=12.517602 | MSE=81.7732 | Scale=319.2061 | 耗时=2318.9s
[Worker] k=10.486538 | MSE=94.7245 | Scale=338.9763 | 耗时=2319.2s
[Worker] k=11.390444 | MSE=80.4111 | Scale=323.4418 | 耗时=2320.4s
[Worker] k=7.869954 | MSE=32.4197 | Scale=316.0913 | 耗时=2320.5s
[Worker] k=5.042846 | MSE=79.5944 | Scale=326.8064 | 耗时=2320.6s
[Worker] k=12.634288 | MSE=130.4995 | Scale=326.9763 | 耗时=2321.0s
[Worker] k=6.261640 | MSE=160.2056 | Scale=336.3783 | 耗时=2321.0s
[Worker] k=8.827054 | MSE=70.4762 | Scale=316.7376 | 耗时=2321.2s
[Worker] k=7.847633 | MSE=79.3260 | Scale=327.2851 | 耗时=2322.0s
[Worker] k=4.842609 | MSE=41.9208 | Scale=314.1395 | 耗时=2322.1s
[Worker] k=13.387592 | MSE=56.6968 | Scale=320.8997 | 耗时=2322.2s
[Worker] k=2.229348 | MSE=51.6030 | Scale=326.0756 | 耗时=2323.2s
[Worker] k=3.491292 | MSE=44.4262 | Scale=319.0737 | 耗时=2323.2s
[Worker] k=5.576494 | MSE=43.4550 | Scale=314.0478 | 耗时=2324.6s
[Worker] k=13.776871 | MSE=80.7177 | Scale=326.1388 | 耗时=2324.8s
[Worker] k=6.974908 | MSE=66.8618 | Scale=318.0475 | 耗时=2325.1s
[Worker] k=12.436985 | MSE=41.6615 | Scale=322.3346 | 耗时=2325.5s
[Worker] k=5.285213 | MSE=53.2347 | Scale=313.2877 | 耗时=2325.9s
[Worker] k=6.540035 | MSE=84.7176 | Scale=328.1265 | 耗时=2326.3s
[Worker] k=6.296902 | MSE=40.6491 | Scale=314.7269 | 耗时=2326.4s
[Worker] k=4.743582 | MSE=47.4415 | Scale=317.9889 | 耗时=2326.5s
[Worker] k=14.446715 | MSE=84.8279 | Scale=326.3798 | 耗时=2327.3s
[Worker] k=10.192123 | MSE=80.5507 | Scale=326.2572 | 耗时=2327.3s
[Worker] k=14.937864 | MSE=128.3051 | Scale=340.4397 | 耗时=2327.9s
[Worker] k=8.323010 | MSE=36.8510 | Scale=318.0477 | 耗时=2328.0s
[Worker] k=13.363946 | MSE=220.0941 | Scale=343.3513 | 耗时=2328.4s
[Worker] k=10.058760 | MSE=143.6849 | Scale=326.2832 | 耗时=2330.6s
[Worker] k=6.147664 | MSE=53.3348 | Scale=332.9428 | 耗时=2331.2s
[Worker] k=5.690301 | MSE=141.2102 | Scale=322.0981 | 耗时=2331.7s
[Worker] k=2.228014 | MSE=100.0693 | Scale=326.2549 | 耗时=2333.6s
[Worker] k=3.363517 | MSE=58.1711 | Scale=317.6540 | 耗时=2333.6s
[Worker] k=6.345709 | MSE=26.2375 | Scale=319.4210 | 耗时=2333.7s
[Worker] k=11.134106 | MSE=92.8664 | Scale=337.1762 | 耗时=2336.2s
[Worker] k=12.662838 | MSE=21.4718 | Scale=316.4969 | 耗时=2336.9s
[Worker] k=8.705788 | MSE=49.9777 | Scale=320.2163 | 耗时=2337.6s
[Worker] k=10.650479 | MSE=91.9215 | Scale=331.0254 | 耗时=2337.9s
[Worker] k=8.665064 | MSE=75.3395 | Scale=328.6659 | 耗时=2338.2s
[Worker] k=8.677407 | MSE=87.4056 | Scale=319.2314 | 耗时=2338.2s
[Worker] k=13.226613 | MSE=106.6295 | Scale=329.3389 | 耗时=2338.6s
[Worker] k=10.637143 | MSE=80.4968 | Scale=332.5353 | 耗时=2339.3s
[Worker] k=2.785400 | MSE=55.4477 | Scale=323.4877 | 耗时=2339.4s
[Worker] k=5.690351 | MSE=46.6045 | Scale=311.6106 | 耗时=2339.8s
[Worker] k=7.978406 | MSE=88.3314 | Scale=328.7205 | 耗时=2340.0s[Worker] k=12.770441 | MSE=64.1415 | Scale=326.8569 | 耗时=2340.1s

[Worker] k=12.239767 | MSE=48.0521 | Scale=320.7176 | 耗时=2342.1s
[Worker] k=6.941856 | MSE=108.1846 | Scale=331.7362 | 耗时=2342.3s
[Worker] k=4.222379 | MSE=20.1896 | Scale=304.4565 | 耗时=2342.5s
[Worker] k=6.238335 | MSE=63.6909 | Scale=315.8170 | 耗时=2343.3s
[Worker] k=4.198372 | MSE=77.7993 | Scale=319.4681 | 耗时=2343.4s
[Worker] k=3.757726 | MSE=104.0478 | Scale=326.0517 | 耗时=2344.8s
[Worker] k=2.880896 | MSE=84.4066 | Scale=323.7888 | 耗时=2345.8s
[Worker] k=7.733037 | MSE=47.8181 | Scale=325.2051 | 耗时=2346.3s
[Worker] k=7.190417 | MSE=54.6316 | Scale=324.6463 | 耗时=2346.3s
[Worker] k=7.268634 | MSE=136.6425 | Scale=325.1441 | 耗时=2346.4s
[Worker] k=7.662126 | MSE=57.3703 | Scale=328.5581 | 耗时=2346.6s
[Worker] k=2.563897 | MSE=49.1307 | Scale=314.4017 | 耗时=2346.8s
[Worker] k=8.300179 | MSE=66.0294 | Scale=339.8069 | 耗时=2347.8s
[Worker] k=7.333538 | MSE=17.1044 | Scale=313.4448 | 耗时=2347.9s
[Worker] k=9.526949 | MSE=35.8601 | Scale=325.9892 | 耗时=2348.0s
[Worker] k=6.473275 | MSE=38.3576 | Scale=325.5601 | 耗时=2348.8s
[Worker] k=10.422489 | MSE=133.2402 | Scale=332.5097 | 耗时=2349.0s
[Worker] k=12.404498 | MSE=79.7406 | Scale=341.7545 | 耗时=2349.1s
[Worker] k=8.409713 | MSE=46.5792 | Scale=323.2574 | 耗时=2349.2s
[Worker] k=4.856690 | MSE=68.5134 | Scale=314.7489 | 耗时=2349.7s
[Worker] k=11.979856 | MSE=103.7418 | Scale=320.5213 | 耗时=2350.1s
[Worker] k=13.361816 | MSE=47.5124 | Scale=324.2311 | 耗时=2350.2s
[Worker] k=13.733612 | MSE=60.8197 | Scale=306.5973 | 耗时=2350.3s
[Worker] k=6.040875 | MSE=53.2708 | Scale=317.4691 | 耗时=2351.2s
[Worker] k=9.399940 | MSE=86.6066 | Scale=333.4669 | 耗时=2351.3s
[Worker] k=12.782446 | MSE=126.8945 | Scale=343.6962 | 耗时=2352.5s
[Worker] k=11.847119 | MSE=61.0925 | Scale=324.9244 | 耗时=2353.3s
[Worker] k=6.343747 | MSE=173.0553 | Scale=333.2646 | 耗时=2353.5s
[Worker] k=10.932702 | MSE=37.8071 | Scale=320.9847 | 耗时=2353.8s
[Worker] k=9.496427 | MSE=69.1713 | Scale=315.3866 | 耗时=2354.0s
[Worker] k=10.559200 | MSE=133.9471 | Scale=318.6022 | 耗时=2354.7s
[Worker] k=13.237862 | MSE=65.9011 | Scale=333.8869 | 耗时=2355.2s
[Worker] k=3.649985 | MSE=55.2724 | Scale=312.5041 | 耗时=2355.6s
[Worker] k=10.014860 | MSE=107.4493 | Scale=320.9061 | 耗时=2355.9s
[Worker] k=13.457289 | MSE=68.5645 | Scale=331.3575 | 耗时=2356.4s
[Worker] k=8.847247 | MSE=76.4075 | Scale=323.6011 | 耗时=2357.1s
[Worker] k=3.168014 | MSE=66.2899 | Scale=328.2823 | 耗时=2358.7s
[Worker] k=13.630719 | MSE=51.5635 | Scale=332.3799 | 耗时=2358.9s
[Worker] k=4.708870 | MSE=76.7653 | Scale=321.7409 | 耗时=2359.6s
[Worker] k=3.454828 | MSE=32.9641 | Scale=316.6546 | 耗时=2360.4s
[Worker] k=7.299138 | MSE=93.7500 | Scale=332.9881 | 耗时=2360.5s
[Worker] k=10.290214 | MSE=66.5383 | Scale=330.9100 | 耗时=2361.0s
[Worker] k=7.900103 | MSE=44.4648 | Scale=318.4839 | 耗时=2361.2s
[Worker] k=10.324996 | MSE=124.5017 | Scale=331.4125 | 耗时=2361.2s
[Worker] k=11.981781 | MSE=94.1845 | Scale=328.9820 | 耗时=2361.8s
[Worker] k=3.017818 | MSE=25.5930 | Scale=314.7596 | 耗时=2362.1s
[Worker] k=2.905457 | MSE=47.2544 | Scale=320.1044 | 耗时=2362.4s
[Worker] k=3.881063 | MSE=97.0924 | Scale=323.5474 | 耗时=2362.5s
[Worker] k=4.331545 | MSE=100.6365 | Scale=317.7330 | 耗时=2362.7s
[Worker] k=2.031992 | MSE=103.4566 | Scale=330.4515 | 耗时=2362.9s
[Worker] k=8.550270 | MSE=55.1330 | Scale=330.9033 | 耗时=2363.5s
[Worker] k=13.545860 | MSE=111.7493 | Scale=336.9378 | 耗时=2364.1s
[Worker] k=8.488761 | MSE=58.0502 | Scale=318.2057 | 耗时=2364.4s
[Worker] k=2.360591 | MSE=41.8534 | Scale=309.2225 | 耗时=2364.5s
[Worker] k=7.687012 | MSE=56.1927 | Scale=312.0057 | 耗时=2364.8s
[Worker] k=10.748600 | MSE=54.0272 | Scale=310.4868 | 耗时=2364.8s
differential_evolution step 6: f(x)= 10.838190456712612
[Worker] k=7.813875 | MSE=86.1367 | Scale=324.6702 | 耗时=1993.2s
[Worker] k=6.888639 | MSE=31.2182 | Scale=319.0823 | 耗时=2083.4s
[Worker] k=8.662128 | MSE=49.3390 | Scale=325.3160 | 耗时=2115.0s
[Worker] k=7.377971 | MSE=41.9611 | Scale=323.6736 | 耗时=2125.7s
[Worker] k=7.384416 | MSE=14.8602 | Scale=309.0764 | 耗时=2153.1s
[Worker] k=9.971452 | MSE=136.8204 | Scale=329.7956 | 耗时=2156.7s
[Worker] k=10.515900 | MSE=71.7924 | Scale=320.9827 | 耗时=2159.2s
[Worker] k=6.290738 | MSE=50.9581 | Scale=302.9987 | 耗时=2161.9s
[Worker] k=7.167353 | MSE=74.3310 | Scale=326.4819 | 耗时=2164.7s
[Worker] k=12.424884 | MSE=58.4502 | Scale=319.4693 | 耗时=2167.7s
[Worker] k=5.388440 | MSE=64.2352 | Scale=311.3286 | 耗时=2170.8s
[Worker] k=4.103606 | MSE=67.7011 | Scale=328.9520 | 耗时=2182.2s
[Worker] k=12.951083 | MSE=59.4660 | Scale=320.6718 | 耗时=2183.8s
[Worker] k=10.248232 | MSE=76.5124 | Scale=324.9541 | 耗时=2185.0s
[Worker] k=3.825208 | MSE=48.1582 | Scale=321.8503 | 耗时=2188.2s
[Worker] k=9.882355 | MSE=126.2497 | Scale=332.4260 | 耗时=2188.5s
[Worker] k=4.962055 | MSE=59.2973 | Scale=322.2400 | 耗时=2194.6s
[Worker] k=6.367028 | MSE=72.1989 | Scale=314.9785 | 耗时=2198.7s
[Worker] k=4.438628 | MSE=45.9710 | Scale=313.4594 | 耗时=2208.6s
[Worker] k=10.418579 | MSE=81.1230 | Scale=334.6482 | 耗时=2208.7s
[Worker] k=8.127479 | MSE=54.6645 | Scale=319.9315 | 耗时=2210.0s
[Worker] k=8.307929 | MSE=29.2484 | Scale=311.7731 | 耗时=2212.2s
[Worker] k=6.519105 | MSE=21.6079 | Scale=330.8324 | 耗时=2215.5s
[Worker] k=12.487701 | MSE=57.6851 | Scale=319.1563 | 耗时=2215.5s
[Worker] k=5.925248 | MSE=36.8588 | Scale=317.3017 | 耗时=2216.7s
[Worker] k=3.850332 | MSE=72.2738 | Scale=322.9389 | 耗时=2216.7s
[Worker] k=10.290794 | MSE=102.2607 | Scale=327.0400 | 耗时=2219.7s
[Worker] k=3.302254 | MSE=167.8070 | Scale=342.9658 | 耗时=2221.0s
[Worker] k=12.030575 | MSE=77.6318 | Scale=327.2371 | 耗时=2223.8s
[Worker] k=11.270550 | MSE=84.5523 | Scale=330.4132 | 耗时=2224.3s
[Worker] k=8.934056 | MSE=68.5886 | Scale=335.8008 | 耗时=2228.6s
[Worker] k=6.118535 | MSE=101.8037 | Scale=322.3894 | 耗时=2229.7s
[Worker] k=8.300777 | MSE=72.1693 | Scale=323.0716 | 耗时=2231.9s
[Worker] k=7.689154 | MSE=39.1369 | Scale=310.7277 | 耗时=2232.7s
[Worker] k=5.778459 | MSE=72.3874 | Scale=321.0002 | 耗时=2233.6s
[Worker] k=4.171890 | MSE=58.6478 | Scale=316.7483 | 耗时=2234.3s
[Worker] k=5.372188 | MSE=102.2207 | Scale=323.7052 | 耗时=2240.3s
[Worker] k=9.532012 | MSE=92.6489 | Scale=331.8402 | 耗时=2241.2s
[Worker] k=3.160203 | MSE=77.6126 | Scale=319.1719 | 耗时=2244.4s
[Worker] k=8.860965 | MSE=141.1040 | Scale=344.7236 | 耗时=2245.1s
[Worker] k=5.541929 | MSE=98.9381 | Scale=318.3969 | 耗时=2248.7s
[Worker] k=6.886911 | MSE=60.4482 | Scale=320.3065 | 耗时=2248.9s
[Worker] k=11.818066 | MSE=67.8082 | Scale=314.6929 | 耗时=2250.5s
[Worker] k=10.622852 | MSE=23.6289 | Scale=334.5069 | 耗时=2253.7s
[Worker] k=5.584191 | MSE=97.1788 | Scale=311.0112 | 耗时=2255.4s
[Worker] k=4.045447 | MSE=77.1831 | Scale=323.0051 | 耗时=2257.2s
[Worker] k=5.381573 | MSE=73.8221 | Scale=326.4022 | 耗时=2261.0s
[Worker] k=13.857496 | MSE=30.4373 | Scale=315.5566 | 耗时=2262.3s
[Worker] k=8.323731 | MSE=55.6137 | Scale=311.0200 | 耗时=2264.6s
[Worker] k=3.850117 | MSE=40.2154 | Scale=323.8515 | 耗时=2267.4s
[Worker] k=10.656529 | MSE=91.5502 | Scale=325.3355 | 耗时=2267.7s
[Worker] k=12.738717 | MSE=72.6600 | Scale=332.0867 | 耗时=2268.6s
[Worker] k=2.875458 | MSE=95.4748 | Scale=309.1065 | 耗时=2268.9s
[Worker] k=6.697550 | MSE=23.7616 | Scale=305.9487 | 耗时=2272.4s
[Worker] k=5.690391 | MSE=101.1942 | Scale=316.7390 | 耗时=2274.3s
[Worker] k=7.459860 | MSE=56.0282 | Scale=314.7122 | 耗时=2274.8s
[Worker] k=5.818845 | MSE=27.0668 | Scale=324.3783 | 耗时=2276.4s
[Worker] k=4.481311 | MSE=74.5920 | Scale=318.5769 | 耗时=2277.0s
[Worker] k=4.339541 | MSE=11.5386 | Scale=314.5672 | 耗时=2277.6s
[Worker] k=11.459091 | MSE=45.6230 | Scale=328.0329 | 耗时=2278.1s
[Worker] k=5.681955 | MSE=132.4845 | Scale=332.3199 | 耗时=2278.5s
[Worker] k=3.568254 | MSE=26.5569 | Scale=326.2326 | 耗时=2279.0s
[Worker] k=12.724030 | MSE=91.5242 | Scale=335.5789 | 耗时=2279.9s
[Worker] k=8.562662 | MSE=43.3816 | Scale=323.2931 | 耗时=2280.1s
[Worker] k=9.031482 | MSE=113.0822 | Scale=332.1099 | 耗时=2281.8s
[Worker] k=8.191783 | MSE=90.5124 | Scale=327.6629 | 耗时=2284.7s
[Worker] k=5.772043 | MSE=146.6413 | Scale=332.8022 | 耗时=2285.0s
[Worker] k=11.617626 | MSE=147.8265 | Scale=326.6665 | 耗时=2288.6s
[Worker] k=7.748631 | MSE=40.6980 | Scale=326.6192 | 耗时=2288.8s
[Worker] k=11.564293 | MSE=44.9037 | Scale=327.2878 | 耗时=2289.5s
[Worker] k=2.529754 | MSE=51.2653 | Scale=319.4999 | 耗时=2289.8s
[Worker] k=10.425663 | MSE=50.3092 | Scale=317.9532 | 耗时=2290.8s
[Worker] k=8.235574 | MSE=53.8149 | Scale=318.2376 | 耗时=2291.7s
[Worker] k=7.904891 | MSE=46.3343 | Scale=316.7061 | 耗时=2291.7s
[Worker] k=8.364584 | MSE=55.3292 | Scale=319.6252 | 耗时=2291.9s
[Worker] k=12.008300 | MSE=127.9352 | Scale=344.1891 | 耗时=2292.4s
[Worker] k=7.489341 | MSE=58.2472 | Scale=323.2433 | 耗时=2292.8s
[Worker] k=4.464617 | MSE=144.2572 | Scale=328.9548 | 耗时=2293.2s
[Worker] k=10.204007 | MSE=33.3633 | Scale=314.5110 | 耗时=2293.7s
[Worker] k=9.033654 | MSE=44.8062 | Scale=327.6692 | 耗时=2296.2s
[Worker] k=13.602686 | MSE=140.0785 | Scale=344.8884 | 耗时=2297.6s
[Worker] k=2.981675 | MSE=112.8067 | Scale=323.9108 | 耗时=2297.6s
[Worker] k=12.726180 | MSE=87.5636 | Scale=341.2274 | 耗时=2299.1s
[Worker] k=6.437025 | MSE=25.3397 | Scale=321.5721 | 耗时=2299.1s
[Worker] k=10.938864 | MSE=49.1888 | Scale=332.5845 | 耗时=2299.2s
[Worker] k=10.911029 | MSE=45.2020 | Scale=311.1578 | 耗时=2299.6s
[Worker] k=5.236254 | MSE=91.6747 | Scale=324.7250 | 耗时=2300.2s
[Worker] k=4.082065 | MSE=129.8686 | Scale=335.4267 | 耗时=2300.7s
[Worker] k=6.603547 | MSE=51.7505 | Scale=326.1562 | 耗时=2300.8s
[Worker] k=6.070476 | MSE=119.6831 | Scale=335.0293 | 耗时=2301.9s
[Worker] k=5.531622 | MSE=118.8169 | Scale=330.8950 | 耗时=2302.4s
[Worker] k=8.291135 | MSE=67.7627 | Scale=323.8495 | 耗时=2303.1s
[Worker] k=9.406171 | MSE=124.4332 | Scale=327.4296 | 耗时=2303.2s
[Worker] k=3.845924 | MSE=72.4925 | Scale=328.6897 | 耗时=2304.5s
[Worker] k=6.625751 | MSE=133.3426 | Scale=326.6049 | 耗时=2304.8s
[Worker] k=8.512133 | MSE=43.6705 | Scale=321.6593 | 耗时=2305.1s
[Worker] k=6.029652 | MSE=135.5252 | Scale=337.2463 | 耗时=2305.2s
[Worker] k=3.829423 | MSE=23.7410 | Scale=311.9154 | 耗时=2305.3s
[Worker] k=12.374835 | MSE=26.9854 | Scale=316.7764 | 耗时=2306.7s[Worker] k=9.860192 | MSE=135.2755 | Scale=324.0639 | 耗时=2306.7s
[Worker] k=12.594141 | MSE=133.9984 | Scale=316.4300 | 耗时=2306.8s

[Worker] k=6.581895 | MSE=58.4338 | Scale=327.4632 | 耗时=2307.0s
[Worker] k=11.227379 | MSE=49.5832 | Scale=327.3880 | 耗时=2307.1s
[Worker] k=6.596886 | MSE=19.0387 | Scale=315.1842 | 耗时=2307.3s
[Worker] k=4.651777 | MSE=49.3753 | Scale=317.0313 | 耗时=2307.3s
[Worker] k=6.062494 | MSE=166.7956 | Scale=323.6125 | 耗时=2307.4s
[Worker] k=9.266794 | MSE=36.9037 | Scale=313.8846 | 耗时=2307.8s
[Worker] k=5.270406 | MSE=129.0303 | Scale=323.2006 | 耗时=2307.9s
[Worker] k=6.100936 | MSE=33.3944 | Scale=321.9012 | 耗时=2310.1s
[Worker] k=14.891649 | MSE=86.7315 | Scale=324.6997 | 耗时=2310.2s
[Worker] k=8.524417 | MSE=72.6935 | Scale=339.7920 | 耗时=2310.4s
[Worker] k=8.196995 | MSE=84.8659 | Scale=334.0314 | 耗时=2310.9s
[Worker] k=5.796368 | MSE=24.2901 | Scale=317.2656 | 耗时=2312.6s
[Worker] k=7.668995 | MSE=28.3960 | Scale=317.3444 | 耗时=2313.3s
[Worker] k=10.200505 | MSE=69.7403 | Scale=321.1872 | 耗时=2313.8s
[Worker] k=6.193365 | MSE=95.3447 | Scale=316.7903 | 耗时=2314.0s
[Worker] k=9.348683 | MSE=63.8121 | Scale=323.8600 | 耗时=2314.6s
[Worker] k=9.579535 | MSE=102.1505 | Scale=322.2950 | 耗时=2314.8s
[Worker] k=5.202251 | MSE=43.0726 | Scale=314.9982 | 耗时=2314.9s
[Worker] k=10.536415 | MSE=23.7280 | Scale=312.6564 | 耗时=2315.4s
[Worker] k=10.117542 | MSE=73.1554 | Scale=324.4334 | 耗时=2316.1s
[Worker] k=2.331684 | MSE=67.6389 | Scale=316.9935 | 耗时=2316.2s
[Worker] k=13.016894 | MSE=73.1051 | Scale=326.2212 | 耗时=2316.3s
[Worker] k=9.537659 | MSE=29.5412 | Scale=314.0005 | 耗时=2316.4s
[Worker] k=5.354893 | MSE=94.2225 | Scale=320.1785 | 耗时=2316.6s
[Worker] k=9.106457 | MSE=74.3748 | Scale=325.6907 | 耗时=2317.2s
[Worker] k=5.964277 | MSE=89.6854 | Scale=324.6355 | 耗时=2317.4s
[Worker] k=2.970454 | MSE=100.1646 | Scale=321.0352 | 耗时=2319.1s
[Worker] k=11.700495 | MSE=47.2593 | Scale=327.8795 | 耗时=2319.9s
[Worker] k=7.808395 | MSE=67.5409 | Scale=326.7092 | 耗时=2320.3s
[Worker] k=11.599942 | MSE=85.3394 | Scale=330.9937 | 耗时=2320.3s
[Worker] k=7.445628 | MSE=40.1337 | Scale=315.2071 | 耗时=2320.4s
[Worker] k=11.363188 | MSE=87.8235 | Scale=336.0798 | 耗时=2320.8s
[Worker] k=8.643989 | MSE=47.6957 | Scale=326.2631 | 耗时=2321.5s
[Worker] k=12.443927 | MSE=132.3295 | Scale=329.5910 | 耗时=2321.7s
[Worker] k=10.853346 | MSE=104.2675 | Scale=335.5160 | 耗时=2322.4s
[Worker] k=11.771157 | MSE=117.3288 | Scale=342.5236 | 耗时=2327.0s
[Worker] k=8.129668 | MSE=63.7956 | Scale=328.9606 | 耗时=2327.3s
[Worker] k=8.749912 | MSE=55.4562 | Scale=314.1005 | 耗时=2327.5s
[Worker] k=8.381787 | MSE=71.0220 | Scale=311.5464 | 耗时=2327.7s
[Worker] k=7.085059 | MSE=75.0281 | Scale=325.6881 | 耗时=2328.0s
[Worker] k=6.429164 | MSE=50.9757 | Scale=310.2174 | 耗时=2328.4s
[Worker] k=7.748404 | MSE=109.1586 | Scale=315.9718 | 耗时=2328.8s
[Worker] k=8.140514 | MSE=60.8748 | Scale=316.4936 | 耗时=2328.8s
[Worker] k=3.240278 | MSE=77.1908 | Scale=329.2592 | 耗时=2328.9s
[Worker] k=4.589247 | MSE=40.7964 | Scale=314.6738 | 耗时=2329.1s
[Worker] k=8.733626 | MSE=50.7345 | Scale=325.1811 | 耗时=2329.1s
[Worker] k=7.041626 | MSE=39.8705 | Scale=310.3556 | 耗时=2330.3s
[Worker] k=8.300342 | MSE=50.0604 | Scale=317.8820 | 耗时=2331.6s
[Worker] k=9.500867 | MSE=54.4252 | Scale=312.4738 | 耗时=2332.4s
[Worker] k=11.703479 | MSE=31.3549 | Scale=315.7060 | 耗时=2333.5s
[Worker] k=9.220418 | MSE=56.0813 | Scale=324.6768 | 耗时=2334.9s
[Worker] k=2.705211 | MSE=143.1957 | Scale=330.9932 | 耗时=2335.2s
[Worker] k=8.343323 | MSE=37.6807 | Scale=322.6009 | 耗时=2335.9s
[Worker] k=11.840863 | MSE=114.4328 | Scale=329.0251 | 耗时=2336.4s
[Worker] k=12.053435 | MSE=104.5501 | Scale=328.4054 | 耗时=2337.3s
[Worker] k=7.971757 | MSE=29.2293 | Scale=322.3085 | 耗时=2337.7s
[Worker] k=6.573538 | MSE=56.1612 | Scale=324.1815 | 耗时=2337.8s
[Worker] k=3.562382 | MSE=73.3134 | Scale=317.3433 | 耗时=2337.9s
[Worker] k=10.253872 | MSE=33.2700 | Scale=331.1388 | 耗时=2337.9s
[Worker] k=6.643850 | MSE=72.1534 | Scale=329.2540 | 耗时=2338.1s
[Worker] k=8.068402 | MSE=69.8576 | Scale=315.8313 | 耗时=2338.1s
[Worker] k=6.416445 | MSE=113.6182 | Scale=331.2033 | 耗时=2338.3s
[Worker] k=10.269058 | MSE=113.7509 | Scale=317.3918 | 耗时=2338.6s
[Worker] k=2.276506 | MSE=22.8468 | Scale=310.8376 | 耗时=2338.9s
[Worker] k=9.190221 | MSE=47.5378 | Scale=321.7978 | 耗时=2339.0s
[Worker] k=5.711164 | MSE=91.3018 | Scale=325.8290 | 耗时=2339.1s
[Worker] k=2.672938 | MSE=69.3678 | Scale=315.2532 | 耗时=2339.1s
[Worker] k=11.769806 | MSE=46.2010 | Scale=326.4228 | 耗时=2339.6s
[Worker] k=5.269491 | MSE=172.6705 | Scale=330.6570 | 耗时=2339.8s
[Worker] k=3.842877 | MSE=81.8352 | Scale=324.7421 | 耗时=2339.9s
[Worker] k=4.902683 | MSE=77.0117 | Scale=311.9449 | 耗时=2340.6s
[Worker] k=5.759544 | MSE=120.1990 | Scale=325.2810 | 耗时=2341.0s
[Worker] k=5.809749 | MSE=57.6059 | Scale=326.9155 | 耗时=2341.2s
[Worker] k=9.085496 | MSE=71.5726 | Scale=316.6885 | 耗时=2342.0s
[Worker] k=2.200609 | MSE=82.7115 | Scale=314.4063 | 耗时=2342.2s
[Worker] k=13.822686 | MSE=57.9050 | Scale=332.7621 | 耗时=2343.4s
[Worker] k=7.008850 | MSE=51.5993 | Scale=322.4101 | 耗时=2345.2s
[Worker] k=6.184745 | MSE=96.4796 | Scale=317.6179 | 耗时=2345.6s
[Worker] k=9.055980 | MSE=91.8258 | Scale=327.7167 | 耗时=2346.2s
[Worker] k=10.357023 | MSE=133.9790 | Scale=317.0901 | 耗时=2346.2s
[Worker] k=6.169275 | MSE=31.2597 | Scale=317.7683 | 耗时=2346.5s
[Worker] k=4.753088 | MSE=54.5187 | Scale=320.9938 | 耗时=2346.7s
[Worker] k=4.683583 | MSE=125.4283 | Scale=318.0848 | 耗时=2346.9s
[Worker] k=8.785858 | MSE=75.0804 | Scale=321.6930 | 耗时=2347.6s
[Worker] k=8.683590 | MSE=54.7622 | Scale=326.9959 | 耗时=2348.4s
[Worker] k=2.120667 | MSE=70.3228 | Scale=328.2098 | 耗时=2349.0s
[Worker] k=8.731442 | MSE=43.2538 | Scale=320.5573 | 耗时=2349.3s
[Worker] k=14.140093 | MSE=86.2855 | Scale=317.1598 | 耗时=2349.7s[Worker] k=4.041722 | MSE=51.6411 | Scale=320.0213 | 耗时=2349.7s[Worker] k=7.854953 | MSE=60.8292 | Scale=323.6703 | 耗时=2349.7s


[Worker] k=7.888975 | MSE=108.5234 | Scale=329.7779 | 耗时=2349.8s
[Worker] k=2.638695 | MSE=89.0146 | Scale=325.4772 | 耗时=2350.1s
[Worker] k=8.403369 | MSE=60.7534 | Scale=324.5120 | 耗时=2350.1s
[Worker] k=10.660719 | MSE=131.4949 | Scale=325.6782 | 耗时=2350.2s
[Worker] k=7.130672 | MSE=98.5195 | Scale=321.1264 | 耗时=2350.4s
[Worker] k=6.357337 | MSE=74.5438 | Scale=322.5120 | 耗时=2351.2s
[Worker] k=7.251938 | MSE=12.8984 | Scale=313.3700 | 耗时=2351.3s
[Worker] k=9.148681 | MSE=109.9591 | Scale=326.1763 | 耗时=2351.5s
[Worker] k=13.878897 | MSE=31.0605 | Scale=331.3071 | 耗时=2351.5s
[Worker] k=5.325455 | MSE=38.7120 | Scale=321.5452 | 耗时=2351.8s
[Worker] k=2.675686 | MSE=47.6617 | Scale=320.0113 | 耗时=2352.2s
[Worker] k=7.810648 | MSE=73.4362 | Scale=319.6256 | 耗时=2352.6s
[Worker] k=2.819075 | MSE=61.8847 | Scale=318.6567 | 耗时=2352.7s
[Worker] k=4.572697 | MSE=52.7727 | Scale=310.0393 | 耗时=2353.0s
[Worker] k=5.840826 | MSE=42.8104 | Scale=309.9111 | 耗时=2353.4s
[Worker] k=11.770595 | MSE=56.6178 | Scale=351.6142 | 耗时=2353.7s
[Worker] k=9.630914 | MSE=27.5145 | Scale=326.7342 | 耗时=2353.8s
[Worker] k=3.751683 | MSE=108.0072 | Scale=331.3333 | 耗时=2354.1s
[Worker] k=6.823072 | MSE=62.0858 | Scale=320.3542 | 耗时=2354.2s
[Worker] k=12.485212 | MSE=150.0419 | Scale=343.4440 | 耗时=2354.3s
[Worker] k=7.678421 | MSE=82.8848 | Scale=327.2047 | 耗时=2354.4s
[Worker] k=10.996026 | MSE=35.0395 | Scale=319.4049 | 耗时=2355.0s
[Worker] k=6.881402 | MSE=45.6832 | Scale=307.2192 | 耗时=2355.3s
[Worker] k=6.355101 | MSE=98.4422 | Scale=325.0859 | 耗时=2355.3s
[Worker] k=10.503090 | MSE=49.4171 | Scale=318.6878 | 耗时=2355.9s
[Worker] k=6.225066 | MSE=35.4767 | Scale=323.9860 | 耗时=2356.0s
[Worker] k=7.915643 | MSE=55.3317 | Scale=318.9091 | 耗时=2356.2s
[Worker] k=9.421942 | MSE=11.5581 | Scale=319.8396 | 耗时=2356.4s
[Worker] k=10.898723 | MSE=78.6408 | Scale=324.9924 | 耗时=2356.6s
[Worker] k=3.131918 | MSE=87.0925 | Scale=327.5435 | 耗时=2356.7s
[Worker] k=9.233200 | MSE=84.9847 | Scale=319.2919 | 耗时=2357.0s
[Worker] k=7.554811 | MSE=97.5646 | Scale=319.6388 | 耗时=2357.0s
[Worker] k=11.022880 | MSE=109.8432 | Scale=334.2497 | 耗时=2358.2s
[Worker] k=7.229838 | MSE=47.2218 | Scale=321.6967 | 耗时=2358.3s
[Worker] k=12.715899 | MSE=131.8177 | Scale=336.2351 | 耗时=2358.6s
[Worker] k=3.736254 | MSE=52.2343 | Scale=321.5904 | 耗时=2358.8s
[Worker] k=9.352792 | MSE=59.7065 | Scale=319.3341 | 耗时=2359.0s
[Worker] k=8.684953 | MSE=68.6326 | Scale=320.8816 | 耗时=2359.5s
[Worker] k=6.842896 | MSE=24.1784 | Scale=325.8745 | 耗时=2359.7s
[Worker] k=5.075418 | MSE=60.4383 | Scale=312.6535 | 耗时=2359.8s
[Worker] k=5.328570 | MSE=33.7035 | Scale=315.8370 | 耗时=2359.9s
[Worker] k=3.138387 | MSE=37.6916 | Scale=318.2323 | 耗时=2360.2s
[Worker] k=6.183455 | MSE=75.5436 | Scale=322.9698 | 耗时=2360.7s
[Worker] k=14.022210 | MSE=94.4479 | Scale=334.1193 | 耗时=2360.9s
[Worker] k=6.640959 | MSE=38.2474 | Scale=320.4573 | 耗时=2362.0s
[Worker] k=8.660754 | MSE=69.1428 | Scale=324.5320 | 耗时=2362.2s
[Worker] k=3.523959 | MSE=40.8189 | Scale=311.0848 | 耗时=2362.6s
[Worker] k=9.245296 | MSE=86.0870 | Scale=325.0700 | 耗时=2362.9s
[Worker] k=7.780144 | MSE=79.1835 | Scale=325.5085 | 耗时=2363.0s
[Worker] k=8.142262 | MSE=107.1287 | Scale=330.5472 | 耗时=2363.0s
[Worker] k=6.702178 | MSE=95.5932 | Scale=329.2043 | 耗时=2363.6s
[Worker] k=3.960126 | MSE=49.8973 | Scale=317.7178 | 耗时=2364.0s
[Worker] k=13.197038 | MSE=54.4270 | Scale=324.5270 | 耗时=2364.0s
[Worker] k=2.800130 | MSE=43.6979 | Scale=318.9705 | 耗时=2364.0s
[Worker] k=7.336956 | MSE=97.5120 | Scale=329.6850 | 耗时=2364.3s
[Worker] k=5.367053 | MSE=125.8536 | Scale=333.8634 | 耗时=2365.4s
[Worker] k=8.337623 | MSE=55.7103 | Scale=326.1058 | 耗时=2365.9s
[Worker] k=10.127154 | MSE=55.5492 | Scale=320.8896 | 耗时=2366.0s
[Worker] k=10.662049 | MSE=68.5079 | Scale=327.2932 | 耗时=2366.0s
[Worker] k=2.764069 | MSE=53.2249 | Scale=316.7865 | 耗时=2366.1s
[Worker] k=9.629656 | MSE=44.3513 | Scale=325.7738 | 耗时=2366.3s
[Worker] k=9.129240 | MSE=85.9791 | Scale=321.3293 | 耗时=2366.6s
[Worker] k=5.947177 | MSE=62.6158 | Scale=318.1738 | 耗时=2366.7s
[Worker] k=13.966613 | MSE=96.7278 | Scale=331.6889 | 耗时=2366.8s
[Worker] k=8.804641 | MSE=56.5907 | Scale=314.7844 | 耗时=2366.8s
differential_evolution step 7: f(x)= 10.838190456712612
[Worker] k=3.233158 | MSE=52.7875 | Scale=323.1178 | 耗时=1937.9s
[Worker] k=10.685609 | MSE=60.2587 | Scale=328.3415 | 耗时=2014.0s
[Worker] k=4.033616 | MSE=98.7141 | Scale=330.1050 | 耗时=2081.0s
[Worker] k=6.721312 | MSE=42.5610 | Scale=302.0972 | 耗时=2083.1s
[Worker] k=6.525288 | MSE=71.1862 | Scale=318.5122 | 耗时=2092.0s
[Worker] k=4.753829 | MSE=85.2806 | Scale=316.1554 | 耗时=2094.9s
[Worker] k=5.707950 | MSE=90.2954 | Scale=314.9059 | 耗时=2137.8s
[Worker] k=6.257051 | MSE=113.5664 | Scale=326.6267 | 耗时=2143.0s
[Worker] k=5.513048 | MSE=113.6022 | Scale=323.1608 | 耗时=2149.2s
[Worker] k=4.498798 | MSE=69.4532 | Scale=322.1309 | 耗时=2172.4s
[Worker] k=3.483560 | MSE=83.6750 | Scale=322.4360 | 耗时=2177.3s
[Worker] k=6.184623 | MSE=68.2984 | Scale=319.2800 | 耗时=2196.9s
[Worker] k=10.789963 | MSE=82.0504 | Scale=326.8014 | 耗时=2202.3s
[Worker] k=8.709132 | MSE=85.1569 | Scale=318.7833 | 耗时=2203.8s
[Worker] k=9.806951 | MSE=82.3297 | Scale=330.8648 | 耗时=2214.5s
[Worker] k=10.789746 | MSE=86.5756 | Scale=329.7373 | 耗时=2214.7s
[Worker] k=4.900416 | MSE=54.4803 | Scale=321.5186 | 耗时=2218.9s
[Worker] k=8.278011 | MSE=55.8732 | Scale=327.4911 | 耗时=2227.6s
[Worker] k=8.106854 | MSE=86.8871 | Scale=322.9905 | 耗时=2227.8s
[Worker] k=9.835983 | MSE=43.6494 | Scale=314.0549 | 耗时=2229.6s
[Worker] k=9.937920 | MSE=77.7103 | Scale=324.0451 | 耗时=2231.9s
[Worker] k=10.062812 | MSE=72.8535 | Scale=317.1600 | 耗时=2232.0s
[Worker] k=14.111555 | MSE=50.7257 | Scale=335.6632 | 耗时=2234.9s
[Worker] k=6.037424 | MSE=59.7122 | Scale=326.9876 | 耗时=2238.1s
[Worker] k=11.254796 | MSE=63.2177 | Scale=321.8359 | 耗时=2244.9s
[Worker] k=10.007211 | MSE=83.0326 | Scale=314.3477 | 耗时=2247.6s
[Worker] k=4.782646 | MSE=40.1237 | Scale=312.3817 | 耗时=2248.9s
[Worker] k=14.133035 | MSE=168.4799 | Scale=342.0360 | 耗时=2251.5s
[Worker] k=7.239111 | MSE=31.3668 | Scale=317.2599 | 耗时=2254.2s
[Worker] k=8.543876 | MSE=55.3315 | Scale=334.3297 | 耗时=2254.4s
[Worker] k=5.850560 | MSE=96.8435 | Scale=315.8148 | 耗时=2256.3s
[Worker] k=10.488859 | MSE=90.7843 | Scale=325.0374 | 耗时=2256.5s
[Worker] k=8.523496 | MSE=58.7751 | Scale=325.3706 | 耗时=2257.1s
[Worker] k=4.329529 | MSE=60.7251 | Scale=319.4893 | 耗时=2259.5s
[Worker] k=10.330538 | MSE=82.5056 | Scale=321.4539 | 耗时=2259.8s
[Worker] k=6.473594 | MSE=98.3976 | Scale=317.9172 | 耗时=2259.9s
[Worker] k=10.088043 | MSE=83.2309 | Scale=327.3188 | 耗时=2261.7s
[Worker] k=3.949625 | MSE=26.5448 | Scale=307.1300 | 耗时=2262.4s
[Worker] k=4.221641 | MSE=36.3638 | Scale=313.7141 | 耗时=2266.9s
[Worker] k=7.706169 | MSE=64.1068 | Scale=325.4066 | 耗时=2267.0s
[Worker] k=4.879137 | MSE=81.1905 | Scale=323.7778 | 耗时=2268.7s
[Worker] k=7.003259 | MSE=59.8539 | Scale=322.1146 | 耗时=2269.5s
[Worker] k=10.506534 | MSE=54.9773 | Scale=323.9452 | 耗时=2270.5s
[Worker] k=8.421366 | MSE=65.3707 | Scale=328.4212 | 耗时=2270.7s
[Worker] k=9.500080 | MSE=14.8710 | Scale=309.6328 | 耗时=2273.3s
[Worker] k=7.612503 | MSE=68.0789 | Scale=318.8476 | 耗时=2278.6s
[Worker] k=2.697208 | MSE=51.3210 | Scale=319.1823 | 耗时=2278.9s
[Worker] k=14.923608 | MSE=43.3498 | Scale=316.5199 | 耗时=2279.4s
[Worker] k=9.128602 | MSE=41.5229 | Scale=330.2045 | 耗时=2281.4s
[Worker] k=7.996070 | MSE=73.0356 | Scale=324.5116 | 耗时=2285.5s
[Worker] k=4.348094 | MSE=87.2734 | Scale=328.8754 | 耗时=2288.0s
[Worker] k=6.041625 | MSE=96.3176 | Scale=336.1757 | 耗时=2288.9s
[Worker] k=3.966647 | MSE=92.5521 | Scale=324.2966 | 耗时=2294.0s
[Worker] k=9.356803 | MSE=53.3532 | Scale=317.3949 | 耗时=2298.8s
[Worker] k=13.784029 | MSE=39.3151 | Scale=320.7158 | 耗时=2301.9s
[Worker] k=5.842987 | MSE=114.0539 | Scale=324.3014 | 耗时=2302.1s
[Worker] k=9.543886 | MSE=42.9110 | Scale=331.5337 | 耗时=2302.4s
[Worker] k=6.634343 | MSE=39.8011 | Scale=315.1352 | 耗时=2303.6s
[Worker] k=2.687522 | MSE=127.4985 | Scale=323.1052 | 耗时=2304.8s
[Worker] k=3.810662 | MSE=85.5404 | Scale=329.5635 | 耗时=2306.3s
[Worker] k=9.267488 | MSE=116.2480 | Scale=331.7605 | 耗时=2306.5s
[Worker] k=4.270280 | MSE=60.8748 | Scale=325.6400 | 耗时=2307.7s
[Worker] k=6.812813 | MSE=91.5970 | Scale=322.3143 | 耗时=2308.5s
[Worker] k=3.032585 | MSE=66.7600 | Scale=339.4905 | 耗时=2308.6s
[Worker] k=4.678770 | MSE=107.8619 | Scale=313.4137 | 耗时=2309.8s
[Worker] k=2.570439 | MSE=149.7550 | Scale=327.0834 | 耗时=2310.0s
[Worker] k=9.877271 | MSE=50.7596 | Scale=310.3381 | 耗时=2310.6s
[Worker] k=2.686711 | MSE=31.5744 | Scale=309.6931 | 耗时=2311.1s
[Worker] k=7.206538 | MSE=81.8652 | Scale=326.8502 | 耗时=2313.0s
[Worker] k=7.300536 | MSE=36.7886 | Scale=324.5543 | 耗时=2314.5s
[Worker] k=3.857575 | MSE=112.8074 | Scale=334.1750 | 耗时=2315.8s
[Worker] k=4.568477 | MSE=45.1550 | Scale=324.3297 | 耗时=2316.1s
[Worker] k=5.577072 | MSE=69.1385 | Scale=314.9110 | 耗时=2317.0s
[Worker] k=11.391975 | MSE=118.1397 | Scale=327.0926 | 耗时=2317.6s
[Worker] k=6.887571 | MSE=88.8545 | Scale=319.3582 | 耗时=2321.4s
[Worker] k=6.957086 | MSE=53.3029 | Scale=320.5561 | 耗时=2325.0s
[Worker] k=4.645237 | MSE=49.2158 | Scale=310.5316 | 耗时=2325.1s
[Worker] k=10.130135 | MSE=116.3793 | Scale=328.7266 | 耗时=2325.8s
[Worker] k=9.839732 | MSE=19.3638 | Scale=306.0553 | 耗时=2326.1s
[Worker] k=6.505471 | MSE=92.2931 | Scale=330.8730 | 耗时=2326.8s
[Worker] k=11.610753 | MSE=100.5820 | Scale=334.1342 | 耗时=2327.9s
[Worker] k=10.205330 | MSE=54.2398 | Scale=328.0086 | 耗时=2329.8s
[Worker] k=9.369561 | MSE=41.4003 | Scale=331.1743 | 耗时=2330.3s
[Worker] k=4.096177 | MSE=57.0439 | Scale=318.3970 | 耗时=2330.8s
[Worker] k=8.020265 | MSE=98.4571 | Scale=331.1136 | 耗时=2336.5s
[Worker] k=4.593454 | MSE=30.9440 | Scale=317.1105 | 耗时=2337.8s
[Worker] k=8.200502 | MSE=62.2729 | Scale=315.1154 | 耗时=2338.6s
[Worker] k=5.515177 | MSE=185.1378 | Scale=333.9809 | 耗时=2338.7s
[Worker] k=6.978251 | MSE=65.5569 | Scale=324.4823 | 耗时=2338.7s
[Worker] k=12.899276 | MSE=66.2481 | Scale=337.7590 | 耗时=2340.3s
[Worker] k=10.583931 | MSE=122.4058 | Scale=332.4196 | 耗时=2340.5s
[Worker] k=8.528799 | MSE=70.9825 | Scale=322.7430 | 耗时=2342.7s
[Worker] k=7.996883 | MSE=93.9945 | Scale=326.3263 | 耗时=2342.8s
[Worker] k=5.240746 | MSE=118.7022 | Scale=331.7851 | 耗时=2342.9s
[Worker] k=2.829116 | MSE=39.4085 | Scale=319.3004 | 耗时=2343.5s
[Worker] k=6.412352 | MSE=60.2963 | Scale=325.3510 | 耗时=2344.2s
[Worker] k=2.823179 | MSE=49.7222 | Scale=325.5635 | 耗时=2344.2s
[Worker] k=9.209505 | MSE=29.8782 | Scale=313.4377 | 耗时=2344.4s
[Worker] k=3.992148 | MSE=37.4901 | Scale=330.0482 | 耗时=2344.7s
[Worker] k=2.593676 | MSE=53.9873 | Scale=312.3510 | 耗时=2345.3s
[Worker] k=3.493874 | MSE=76.3114 | Scale=314.8119 | 耗时=2346.5s
[Worker] k=6.959751 | MSE=151.8201 | Scale=334.8971 | 耗时=2347.1s
[Worker] k=2.824615 | MSE=65.4188 | Scale=323.7040 | 耗时=2347.9s
[Worker] k=4.996003 | MSE=89.1512 | Scale=323.9795 | 耗时=2348.4s
[Worker] k=8.466019 | MSE=138.0392 | Scale=327.2783 | 耗时=2348.5s
[Worker] k=5.203110 | MSE=38.1385 | Scale=319.9650 | 耗时=2350.2s
[Worker] k=4.064016 | MSE=66.7721 | Scale=327.9415 | 耗时=2350.4s
[Worker] k=4.190046 | MSE=77.4581 | Scale=320.0113 | 耗时=2350.4s
[Worker] k=3.098324 | MSE=111.7437 | Scale=320.7325 | 耗时=2351.3s
[Worker] k=7.814583 | MSE=64.0454 | Scale=318.0735 | 耗时=2352.3s
[Worker] k=11.255453 | MSE=65.2477 | Scale=336.8017 | 耗时=2352.4s
[Worker] k=8.432271 | MSE=92.6555 | Scale=323.5517 | 耗时=2353.6s
[Worker] k=6.326019 | MSE=41.4722 | Scale=328.6120 | 耗时=2353.8s
[Worker] k=6.676467 | MSE=80.6123 | Scale=316.0790 | 耗时=2353.9s
[Worker] k=8.584856 | MSE=33.3497 | Scale=319.8233 | 耗时=2354.3s
[Worker] k=5.340038 | MSE=50.5834 | Scale=305.1816 | 耗时=2354.7s
[Worker] k=3.061281 | MSE=52.7468 | Scale=316.9956 | 耗时=2355.4s
[Worker] k=10.347765 | MSE=72.8354 | Scale=333.9287 | 耗时=2356.2s
[Worker] k=7.624474 | MSE=28.1577 | Scale=322.3191 | 耗时=2356.3s
[Worker] k=6.177908 | MSE=50.8816 | Scale=318.5698 | 耗时=2356.5s
[Worker] k=9.472327 | MSE=62.5454 | Scale=323.4766 | 耗时=2357.9s
[Worker] k=8.377548 | MSE=60.0448 | Scale=321.2364 | 耗时=2358.3s
[Worker] k=11.026286 | MSE=67.6202 | Scale=333.4453 | 耗时=2358.5s
[Worker] k=10.646238 | MSE=101.8104 | Scale=318.7192 | 耗时=2362.7s
[Worker] k=4.032425 | MSE=50.9772 | Scale=321.6840 | 耗时=2363.6s
[Worker] k=4.054650 | MSE=65.6860 | Scale=326.2944 | 耗时=2364.4s
[Worker] k=5.169381 | MSE=50.1739 | Scale=316.9438 | 耗时=2365.0s
[Worker] k=4.265620 | MSE=84.9659 | Scale=325.0613 | 耗时=2366.8s
[Worker] k=9.457825 | MSE=116.8508 | Scale=331.3901 | 耗时=2367.6s
[Worker] k=8.267007 | MSE=71.9665 | Scale=321.9821 | 耗时=2368.6s
[Worker] k=4.504154 | MSE=72.4696 | Scale=319.0338 | 耗时=2369.7s
[Worker] k=6.631738 | MSE=46.4263 | Scale=312.2967 | 耗时=2369.9s
[Worker] k=9.181895 | MSE=69.5043 | Scale=329.4401 | 耗时=2370.1s
[Worker] k=3.608849 | MSE=77.3912 | Scale=318.2032 | 耗时=2376.6s
[Worker] k=10.186878 | MSE=70.9831 | Scale=321.6714 | 耗时=2377.0s
[Worker] k=4.710558 | MSE=91.0619 | Scale=322.1774 | 耗时=2377.7s
[Worker] k=5.940654 | MSE=39.1700 | Scale=318.0583 | 耗时=2378.1s
[Worker] k=10.612755 | MSE=42.4970 | Scale=315.0990 | 耗时=2378.7s
[Worker] k=13.781592 | MSE=37.6035 | Scale=326.0850 | 耗时=2378.8s
[Worker] k=9.216665 | MSE=63.5992 | Scale=317.6986 | 耗时=2379.4s
[Worker] k=9.918169 | MSE=54.8160 | Scale=325.4558 | 耗时=2379.5s
[Worker] k=6.930077 | MSE=30.3392 | Scale=314.5652 | 耗时=2379.7s
[Worker] k=7.735251 | MSE=32.5825 | Scale=320.2890 | 耗时=2380.8s
[Worker] k=7.961368 | MSE=106.9213 | Scale=316.2241 | 耗时=2382.0s
[Worker] k=2.064005 | MSE=103.0277 | Scale=329.0762 | 耗时=2383.6s
[Worker] k=6.264376 | MSE=15.6555 | Scale=309.1355 | 耗时=2386.3s
[Worker] k=2.418620 | MSE=55.9840 | Scale=321.9507 | 耗时=2386.7s
[Worker] k=12.533202 | MSE=88.2617 | Scale=333.9969 | 耗时=2387.1s
[Worker] k=9.114515 | MSE=40.2110 | Scale=311.1485 | 耗时=2387.3s
[Worker] k=11.181581 | MSE=53.7817 | Scale=314.7235 | 耗时=2387.5s
[Worker] k=12.629386 | MSE=105.5554 | Scale=343.7825 | 耗时=2388.8s
[Worker] k=3.753059 | MSE=49.1061 | Scale=312.1011 | 耗时=2390.0s
[Worker] k=2.593683 | MSE=75.0393 | Scale=324.7393 | 耗时=2390.0s
[Worker] k=13.652631 | MSE=114.0692 | Scale=342.1806 | 耗时=2390.1s
[Worker] k=6.458701 | MSE=28.6655 | Scale=313.8806 | 耗时=2390.1s
[Worker] k=7.758648 | MSE=36.8841 | Scale=314.1913 | 耗时=2390.9s
[Worker] k=3.729380 | MSE=24.0560 | Scale=323.6465 | 耗时=2391.5s
[Worker] k=7.900477 | MSE=45.6450 | Scale=327.1838 | 耗时=2393.1s
[Worker] k=8.258417 | MSE=72.5178 | Scale=315.0925 | 耗时=2393.1s
[Worker] k=6.022376 | MSE=34.5783 | Scale=314.6634 | 耗时=2394.3s
[Worker] k=2.809816 | MSE=61.9121 | Scale=316.7878 | 耗时=2394.5s
[Worker] k=14.916812 | MSE=113.8183 | Scale=333.6885 | 耗时=2395.8s
[Worker] k=5.993196 | MSE=39.8016 | Scale=320.3869 | 耗时=2396.0s
[Worker] k=5.542013 | MSE=39.7409 | Scale=311.0709 | 耗时=2396.4s
[Worker] k=7.744419 | MSE=56.9145 | Scale=326.2184 | 耗时=2396.9s
[Worker] k=14.211344 | MSE=32.6702 | Scale=318.2509 | 耗时=2396.9s
[Worker] k=7.197064 | MSE=103.8628 | Scale=333.2289 | 耗时=2397.0s
[Worker] k=5.047496 | MSE=72.1417 | Scale=314.7885 | 耗时=2398.1s
[Worker] k=10.251901 | MSE=84.1291 | Scale=321.8858 | 耗时=2398.5s
[Worker] k=6.115920 | MSE=42.0254 | Scale=317.3932 | 耗时=2399.0s
[Worker] k=7.972179 | MSE=119.3724 | Scale=331.3780 | 耗时=2399.3s
[Worker] k=6.566914 | MSE=111.8971 | Scale=324.1890 | 耗时=2399.3s
[Worker] k=3.526802 | MSE=97.8052 | Scale=323.6333 | 耗时=2399.8s
[Worker] k=5.261650 | MSE=133.0234 | Scale=333.6845 | 耗时=2400.1s
[Worker] k=11.323913 | MSE=98.6805 | Scale=327.2674 | 耗时=2402.2s
[Worker] k=8.179514 | MSE=108.0434 | Scale=321.9869 | 耗时=2402.4s
[Worker] k=9.551937 | MSE=58.9174 | Scale=310.8861 | 耗时=2402.6s
[Worker] k=8.022928 | MSE=161.6442 | Scale=328.0939 | 耗时=2402.8s
[Worker] k=6.784787 | MSE=72.3670 | Scale=322.2843 | 耗时=2403.5s
[Worker] k=4.472306 | MSE=58.9411 | Scale=318.9045 | 耗时=2403.5s
[Worker] k=9.929506 | MSE=135.3294 | Scale=324.2284 | 耗时=2404.0s
[Worker] k=10.176669 | MSE=110.3203 | Scale=327.8227 | 耗时=2404.9s
[Worker] k=9.456978 | MSE=44.8156 | Scale=328.6332 | 耗时=2405.7s
[Worker] k=10.541273 | MSE=51.8655 | Scale=321.1445 | 耗时=2406.6s
[Worker] k=8.100754 | MSE=95.4537 | Scale=332.3304 | 耗时=2408.1s
[Worker] k=11.957444 | MSE=121.8383 | Scale=327.6513 | 耗时=2408.4s
[Worker] k=6.984870 | MSE=114.9727 | Scale=337.2907 | 耗时=2409.1s
[Worker] k=4.174588 | MSE=94.6689 | Scale=319.7621 | 耗时=2409.1s
[Worker] k=7.332220 | MSE=127.8561 | Scale=320.9633 | 耗时=2409.4s
[Worker] k=3.249030 | MSE=74.6863 | Scale=319.2128 | 耗时=2409.9s
[Worker] k=6.072899 | MSE=62.4192 | Scale=328.8237 | 耗时=2410.3s
[Worker] k=9.813332 | MSE=19.8505 | Scale=309.5078 | 耗时=2410.7s
[Worker] k=4.490407 | MSE=48.6764 | Scale=313.2254 | 耗时=2411.8s
[Worker] k=14.603038 | MSE=69.7571 | Scale=328.7177 | 耗时=2412.2s
[Worker] k=6.624563 | MSE=74.3247 | Scale=328.0793 | 耗时=2412.3s
[Worker] k=13.917322 | MSE=64.7430 | Scale=308.1111 | 耗时=2412.7s
[Worker] k=10.677768 | MSE=106.1961 | Scale=343.2175 | 耗时=2413.0s
[Worker] k=6.863307 | MSE=35.3377 | Scale=316.5399 | 耗时=2413.2s
[Worker] k=9.669923 | MSE=90.2660 | Scale=321.3591 | 耗时=2413.4s
[Worker] k=3.466940 | MSE=69.4704 | Scale=320.5607 | 耗时=2413.5s
[Worker] k=5.424329 | MSE=62.8210 | Scale=319.2683 | 耗时=2413.5s
[Worker] k=7.918273 | MSE=104.3983 | Scale=328.6908 | 耗时=2413.8s
[Worker] k=10.945153 | MSE=99.4549 | Scale=324.0933 | 耗时=2415.1s
[Worker] k=2.506495 | MSE=30.3230 | Scale=311.4732 | 耗时=2415.3s
[Worker] k=3.652022 | MSE=63.1483 | Scale=326.0363 | 耗时=2415.4s
[Worker] k=10.318793 | MSE=84.5769 | Scale=323.4831 | 耗时=2415.5s
[Worker] k=6.602904 | MSE=25.4758 | Scale=323.5284 | 耗时=2415.8s
[Worker] k=8.777422 | MSE=23.7014 | Scale=317.4546 | 耗时=2416.7s
[Worker] k=12.491693 | MSE=45.8402 | Scale=319.6533 | 耗时=2417.8s
[Worker] k=7.973107 | MSE=56.4352 | Scale=332.5664 | 耗时=2417.8s
[Worker] k=2.442025 | MSE=46.4770 | Scale=309.5069 | 耗时=2419.1s
[Worker] k=3.791862 | MSE=78.7742 | Scale=312.1952 | 耗时=2419.5s
[Worker] k=7.579959 | MSE=64.3623 | Scale=325.7556 | 耗时=2419.6s
[Worker] k=9.232602 | MSE=81.6131 | Scale=326.7013 | 耗时=2420.5s
[Worker] k=5.687890 | MSE=94.2345 | Scale=321.5905 | 耗时=2421.1s
[Worker] k=4.767088 | MSE=105.3410 | Scale=322.2178 | 耗时=2421.1s
[Worker] k=3.641055 | MSE=66.3404 | Scale=317.3778 | 耗时=2421.4s
[Worker] k=3.018311 | MSE=51.0530 | Scale=321.1315 | 耗时=2421.8s
[Worker] k=5.767491 | MSE=48.5830 | Scale=329.4780 | 耗时=2421.8s
[Worker] k=6.246972 | MSE=70.9986 | Scale=337.2451 | 耗时=2423.4s
[Worker] k=8.798995 | MSE=90.5156 | Scale=325.6171 | 耗时=2424.0s
[Worker] k=9.985456 | MSE=80.2098 | Scale=326.9824 | 耗时=2424.1s
[Worker] k=12.765279 | MSE=17.5994 | Scale=318.9257 | 耗时=2424.1s
[Worker] k=12.048742 | MSE=95.0042 | Scale=323.6720 | 耗时=2424.4s
[Worker] k=7.737118 | MSE=89.6888 | Scale=331.1292 | 耗时=2424.7s
[Worker] k=8.812198 | MSE=62.2072 | Scale=321.6633 | 耗时=2424.8s
[Worker] k=5.601611 | MSE=71.0567 | Scale=311.1065 | 耗时=2425.1s
[Worker] k=6.177291 | MSE=53.0954 | Scale=324.4441 | 耗时=2425.2s
[Worker] k=8.815842 | MSE=47.1337 | Scale=324.8646 | 耗时=2426.1s
[Worker] k=5.502560 | MSE=101.1970 | Scale=325.8897 | 耗时=2426.2s
[Worker] k=3.669653 | MSE=60.3098 | Scale=315.2814 | 耗时=2426.4s
[Worker] k=2.263451 | MSE=65.7987 | Scale=332.5413 | 耗时=2426.4s
[Worker] k=7.444232 | MSE=142.2585 | Scale=335.3898 | 耗时=2427.7s
[Worker] k=11.706236 | MSE=77.6664 | Scale=324.8297 | 耗时=2428.3s
[Worker] k=8.572071 | MSE=97.0344 | Scale=333.2301 | 耗时=2429.6s
[Worker] k=5.372299 | MSE=73.7771 | Scale=323.6198 | 耗时=2430.1s
[Worker] k=5.384867 | MSE=52.3539 | Scale=315.9804 | 耗时=2430.5s
[Worker] k=6.117657 | MSE=63.8226 | Scale=321.9294 | 耗时=2430.5s
[Worker] k=8.278188 | MSE=93.6718 | Scale=330.0611 | 耗时=2430.6s
[Worker] k=9.348113 | MSE=46.4728 | Scale=330.5286 | 耗时=2430.7s
[Worker] k=2.414824 | MSE=94.4143 | Scale=323.0669 | 耗时=2430.8s
[Worker] k=9.296832 | MSE=107.6426 | Scale=319.7621 | 耗时=2431.6s
[Worker] k=7.875386 | MSE=49.7774 | Scale=315.4163 | 耗时=2432.1s
[Worker] k=7.588972 | MSE=62.8829 | Scale=312.2459 | 耗时=2432.2s
[Worker] k=6.654500 | MSE=68.8445 | Scale=321.6381 | 耗时=2432.6s
[Worker] k=7.650998 | MSE=43.1581 | Scale=322.1122 | 耗时=2434.0s
[Worker] k=10.371630 | MSE=56.4986 | Scale=316.7962 | 耗时=2434.0s
[Worker] k=5.864858 | MSE=18.3320 | Scale=312.0958 | 耗时=2434.1s
[Worker] k=5.774536 | MSE=108.7749 | Scale=330.5417 | 耗时=2434.2s
[Worker] k=2.357583 | MSE=70.7583 | Scale=325.9802 | 耗时=2434.6s
[Worker] k=11.338379 | MSE=69.8439 | Scale=328.4725 | 耗时=2434.7s
[Worker] k=8.377486 | MSE=19.7112 | Scale=310.0722 | 耗时=2434.9s
[Worker] k=4.127620 | MSE=62.0843 | Scale=329.1671 | 耗时=2435.1s
[Worker] k=13.922411 | MSE=47.9278 | Scale=335.5630 | 耗时=2435.2s
[Worker] k=12.542662 | MSE=189.5503 | Scale=333.5645 | 耗时=2435.3s
[Worker] k=9.289058 | MSE=212.4657 | Scale=329.7455 | 耗时=2435.3s
differential_evolution step 8: f(x)= 10.838190456712612
[Worker] k=11.436177 | MSE=59.8150 | Scale=331.9208 | 耗时=2142.4s
[Worker] k=11.646259 | MSE=72.1613 | Scale=324.5640 | 耗时=2143.6s
[Worker] k=12.072611 | MSE=97.7199 | Scale=340.9206 | 耗时=2147.8s
[Worker] k=7.491105 | MSE=23.6469 | Scale=324.9538 | 耗时=2149.6s
[Worker] k=8.120239 | MSE=64.8316 | Scale=326.7235 | 耗时=2150.6s
[Worker] k=4.419442 | MSE=96.3957 | Scale=317.6411 | 耗时=2154.5s
[Worker] k=10.445746 | MSE=140.9865 | Scale=323.1042 | 耗时=2158.7s
[Worker] k=6.605063 | MSE=73.3013 | Scale=329.9788 | 耗时=2162.1s
[Worker] k=10.579769 | MSE=133.5297 | Scale=331.8992 | 耗时=2170.4s
[Worker] k=9.433121 | MSE=77.3132 | Scale=320.7809 | 耗时=2181.0s
[Worker] k=7.051730 | MSE=116.7874 | Scale=330.4879 | 耗时=2186.2s
[Worker] k=7.561489 | MSE=96.3282 | Scale=334.5155 | 耗时=2203.7s
[Worker] k=7.444532 | MSE=124.2904 | Scale=338.7635 | 耗时=2209.0s
[Worker] k=8.201988 | MSE=120.6482 | Scale=335.6459 | 耗时=2209.4s
[Worker] k=9.933793 | MSE=70.5323 | Scale=328.6604 | 耗时=2210.8s
[Worker] k=5.988284 | MSE=49.1291 | Scale=324.4736 | 耗时=2211.2s
[Worker] k=11.428836 | MSE=32.6863 | Scale=312.2320 | 耗时=2213.3s
[Worker] k=5.129989 | MSE=116.5814 | Scale=330.5358 | 耗时=2213.7s
[Worker] k=4.932996 | MSE=46.4653 | Scale=313.6043 | 耗时=2219.8s
[Worker] k=4.591597 | MSE=76.5729 | Scale=322.8034 | 耗时=2220.6s
[Worker] k=8.550228 | MSE=37.3593 | Scale=320.2100 | 耗时=2224.3s
[Worker] k=9.835533 | MSE=120.2831 | Scale=329.9273 | 耗时=2232.1s
[Worker] k=6.629044 | MSE=46.4558 | Scale=322.4989 | 耗时=2232.4s
[Worker] k=3.731935 | MSE=104.6322 | Scale=321.3745 | 耗时=2234.1s
[Worker] k=10.036358 | MSE=76.8325 | Scale=329.5476 | 耗时=2236.8s
[Worker] k=8.040744 | MSE=76.8867 | Scale=319.9055 | 耗时=2245.8s
[Worker] k=14.160753 | MSE=141.7231 | Scale=339.5291 | 耗时=2247.0s
[Worker] k=9.635275 | MSE=144.6207 | Scale=331.5181 | 耗时=2247.1s
[Worker] k=9.951634 | MSE=79.6976 | Scale=319.0596 | 耗时=2247.2s
[Worker] k=8.210079 | MSE=51.3684 | Scale=330.1259 | 耗时=2249.6s
[Worker] k=6.055252 | MSE=67.6603 | Scale=304.9508 | 耗时=2251.8s
[Worker] k=3.096642 | MSE=62.8882 | Scale=317.5272 | 耗时=2252.1s
[Worker] k=11.241058 | MSE=24.1903 | Scale=325.1714 | 耗时=2252.5s
[Worker] k=6.969094 | MSE=98.1379 | Scale=331.4552 | 耗时=2252.9s
[Worker] k=3.831829 | MSE=82.0133 | Scale=325.9607 | 耗时=2252.9s
[Worker] k=11.076668 | MSE=51.5308 | Scale=320.3868 | 耗时=2253.6s
[Worker] k=5.591389 | MSE=100.0263 | Scale=335.2476 | 耗时=2254.4s
[Worker] k=2.751493 | MSE=39.5394 | Scale=315.6301 | 耗时=2257.2s
[Worker] k=6.615782 | MSE=90.9353 | Scale=321.6187 | 耗时=2259.3s
[Worker] k=8.439684 | MSE=85.3290 | Scale=326.0782 | 耗时=2259.5s
[Worker] k=6.483349 | MSE=48.4880 | Scale=322.8055 | 耗时=2261.4s
[Worker] k=8.320864 | MSE=26.7353 | Scale=312.4391 | 耗时=2263.1s
[Worker] k=8.422725 | MSE=62.1895 | Scale=328.6612 | 耗时=2263.5s
[Worker] k=5.487397 | MSE=78.0848 | Scale=314.8626 | 耗时=2265.9s
[Worker] k=7.422731 | MSE=87.9002 | Scale=317.1206 | 耗时=2267.3s
[Worker] k=10.240174 | MSE=115.6832 | Scale=326.0450 | 耗时=2276.1s
[Worker] k=4.700665 | MSE=33.6259 | Scale=317.5323 | 耗时=2276.8s
[Worker] k=7.521479 | MSE=59.3407 | Scale=330.7951 | 耗时=2278.6s
[Worker] k=6.530401 | MSE=60.8167 | Scale=321.6155 | 耗时=2282.6s
[Worker] k=12.367347 | MSE=32.0502 | Scale=330.9230 | 耗时=2283.1s
[Worker] k=8.101924 | MSE=47.7283 | Scale=328.4396 | 耗时=2284.5s
[Worker] k=9.730877 | MSE=40.3272 | Scale=318.1582 | 耗时=2285.5s
[Worker] k=5.490632 | MSE=79.5937 | Scale=329.7758 | 耗时=2286.0s
[Worker] k=9.100563 | MSE=42.7409 | Scale=324.0885 | 耗时=2286.6s
[Worker] k=4.785029 | MSE=67.4924 | Scale=328.7519 | 耗时=2288.3s
[Worker] k=7.655288 | MSE=56.8899 | Scale=319.3821 | 耗时=2290.7s
[Worker] k=9.717759 | MSE=91.3914 | Scale=328.9947 | 耗时=2292.3s
[Worker] k=6.726740 | MSE=20.8771 | Scale=308.6501 | 耗时=2296.2s
[Worker] k=6.584896 | MSE=53.3798 | Scale=315.8814 | 耗时=2299.9s
[Worker] k=9.411496 | MSE=76.5514 | Scale=320.3207 | 耗时=2305.3s
[Worker] k=6.364793 | MSE=38.9841 | Scale=325.5318 | 耗时=2305.9s
[Worker] k=8.271535 | MSE=74.5319 | Scale=320.7707 | 耗时=2306.0s
[Worker] k=4.573998 | MSE=48.5306 | Scale=302.8010 | 耗时=2307.3s
[Worker] k=9.020500 | MSE=115.0038 | Scale=320.6466 | 耗时=2308.7s
[Worker] k=3.038030 | MSE=73.5665 | Scale=314.4898 | 耗时=2310.4s
[Worker] k=3.842667 | MSE=41.6742 | Scale=317.0167 | 耗时=2311.6s
[Worker] k=8.322236 | MSE=74.0038 | Scale=324.9046 | 耗时=2312.5s
[Worker] k=6.524066 | MSE=31.9476 | Scale=303.7194 | 耗时=2313.0s
[Worker] k=6.768236 | MSE=91.4580 | Scale=309.7499 | 耗时=2313.4s
[Worker] k=6.184994 | MSE=139.8521 | Scale=337.6124 | 耗时=2314.3s
[Worker] k=2.406363 | MSE=56.7548 | Scale=307.1394 | 耗时=2314.3s
[Worker] k=3.304857 | MSE=48.5406 | Scale=310.8112 | 耗时=2314.5s
[Worker] k=7.125073 | MSE=55.8084 | Scale=311.4237 | 耗时=2315.1s
[Worker] k=6.616667 | MSE=52.6950 | Scale=320.3328 | 耗时=2316.6s
[Worker] k=10.117732 | MSE=90.4186 | Scale=332.5667 | 耗时=2318.6s
[Worker] k=10.878094 | MSE=83.7591 | Scale=315.4729 | 耗时=2318.7s
[Worker] k=11.714400 | MSE=109.9100 | Scale=316.7953 | 耗时=2320.6s
[Worker] k=6.296991 | MSE=60.5476 | Scale=313.9926 | 耗时=2322.3s
[Worker] k=5.419410 | MSE=66.3708 | Scale=315.8002 | 耗时=2322.6s
[Worker] k=9.855903 | MSE=61.4487 | Scale=329.1803 | 耗时=2323.0s
[Worker] k=8.936082 | MSE=44.4545 | Scale=321.5034 | 耗时=2325.0s
[Worker] k=10.346731 | MSE=95.7185 | Scale=325.5126 | 耗时=2325.5s
[Worker] k=7.589737 | MSE=57.8644 | Scale=320.1682 | 耗时=2326.4s
[Worker] k=9.722075 | MSE=90.0295 | Scale=318.1783 | 耗时=2327.0s
[Worker] k=5.849949 | MSE=85.0625 | Scale=331.9277 | 耗时=2327.3s
[Worker] k=6.012675 | MSE=143.7995 | Scale=323.1529 | 耗时=2328.4s
[Worker] k=7.002831 | MSE=128.8122 | Scale=321.0478 | 耗时=2329.0s
[Worker] k=7.204535 | MSE=40.2889 | Scale=324.6881 | 耗时=2329.9s
[Worker] k=5.711776 | MSE=125.2518 | Scale=323.8265 | 耗时=2330.3s
[Worker] k=5.471463 | MSE=57.2963 | Scale=313.9738 | 耗时=2331.2s
[Worker] k=7.532293 | MSE=88.1340 | Scale=327.9645 | 耗时=2332.2s
[Worker] k=9.349850 | MSE=37.8176 | Scale=328.1183 | 耗时=2332.7s
[Worker] k=13.320949 | MSE=60.2854 | Scale=316.2899 | 耗时=2334.0s
[Worker] k=6.475551 | MSE=130.1035 | Scale=333.5471 | 耗时=2334.1s
[Worker] k=6.059450 | MSE=61.5113 | Scale=322.6189 | 耗时=2334.1s
[Worker] k=11.664296 | MSE=38.1861 | Scale=332.7753 | 耗时=2335.8s
[Worker] k=8.815194 | MSE=81.4610 | Scale=337.1856 | 耗时=2337.1s
[Worker] k=7.588145 | MSE=30.4690 | Scale=324.6652 | 耗时=2337.7s
[Worker] k=13.813701 | MSE=58.4862 | Scale=329.7920 | 耗时=2339.5s
[Worker] k=8.079815 | MSE=113.3315 | Scale=322.8265 | 耗时=2340.4s
[Worker] k=10.490736 | MSE=163.5280 | Scale=337.0611 | 耗时=2341.6s
[Worker] k=6.258610 | MSE=72.1058 | Scale=317.6486 | 耗时=2342.2s
[Worker] k=8.237745 | MSE=70.4960 | Scale=326.1832 | 耗时=2343.1s
[Worker] k=9.106303 | MSE=140.9229 | Scale=332.9386 | 耗时=2344.4s
[Worker] k=8.845898 | MSE=60.5747 | Scale=318.9669 | 耗时=2345.0s
[Worker] k=9.751096 | MSE=127.8093 | Scale=323.6177 | 耗时=2345.4s
[Worker] k=8.900352 | MSE=115.7812 | Scale=337.5908 | 耗时=2347.3s
[Worker] k=5.399712 | MSE=43.8754 | Scale=316.5958 | 耗时=2348.6s
[Worker] k=5.727211 | MSE=94.3805 | Scale=322.3538 | 耗时=2350.2s
[Worker] k=8.988816 | MSE=98.6513 | Scale=326.3787 | 耗时=2350.2s
[Worker] k=9.333435 | MSE=85.0012 | Scale=318.1872 | 耗时=2352.4s
[Worker] k=8.873063 | MSE=47.0432 | Scale=325.4743 | 耗时=2352.7s
[Worker] k=8.637264 | MSE=116.8942 | Scale=334.7920 | 耗时=2356.5s
[Worker] k=6.429184 | MSE=48.0057 | Scale=328.2482 | 耗时=2356.9s
[Worker] k=12.261220 | MSE=93.7613 | Scale=330.5217 | 耗时=2356.9s
[Worker] k=11.119556 | MSE=54.4820 | Scale=316.1464 | 耗时=2357.7s
[Worker] k=5.128338 | MSE=60.4248 | Scale=306.1244 | 耗时=2358.4s
[Worker] k=11.030290 | MSE=175.4138 | Scale=338.1630 | 耗时=2358.7s
[Worker] k=9.522830 | MSE=116.9357 | Scale=334.5504 | 耗时=2358.7s
[Worker] k=10.709619 | MSE=111.2827 | Scale=331.3290 | 耗时=2359.4s
[Worker] k=11.669181 | MSE=138.1882 | Scale=328.1206 | 耗时=2359.8s
[Worker] k=9.427471 | MSE=31.3824 | Scale=314.6819 | 耗时=2360.2s
[Worker] k=7.496813 | MSE=45.6062 | Scale=320.5120 | 耗时=2360.4s
[Worker] k=9.549488 | MSE=31.8801 | Scale=323.6471 | 耗时=2360.4s
[Worker] k=8.183178 | MSE=37.6750 | Scale=321.9331 | 耗时=2360.6s
[Worker] k=7.516970 | MSE=139.2148 | Scale=329.3528 | 耗时=2361.7s
[Worker] k=6.297522 | MSE=112.6323 | Scale=332.9947 | 耗时=2362.6s
[Worker] k=9.022902 | MSE=26.1099 | Scale=318.7682 | 耗时=2362.6s
[Worker] k=5.114824 | MSE=88.1832 | Scale=322.9441 | 耗时=2362.7s
[Worker] k=6.959741 | MSE=68.1792 | Scale=327.3791 | 耗时=2363.0s
[Worker] k=6.469706 | MSE=65.1856 | Scale=331.3601 | 耗时=2363.7s
[Worker] k=9.623060 | MSE=223.7500 | Scale=348.4780 | 耗时=2365.9s
[Worker] k=8.985730 | MSE=47.3345 | Scale=319.3716 | 耗时=2366.4s
[Worker] k=6.514428 | MSE=68.3238 | Scale=317.1044 | 耗时=2368.4s
[Worker] k=7.826690 | MSE=66.0265 | Scale=323.9093 | 耗时=2368.8s
[Worker] k=5.873294 | MSE=50.3703 | Scale=319.4611 | 耗时=2369.5s
[Worker] k=12.300188 | MSE=117.2378 | Scale=322.4533 | 耗时=2370.1s
[Worker] k=6.321825 | MSE=56.7437 | Scale=311.3957 | 耗时=2372.4s
[Worker] k=7.841724 | MSE=73.0615 | Scale=326.3286 | 耗时=2373.3s
[Worker] k=7.593593 | MSE=62.4350 | Scale=313.4220 | 耗时=2373.8s
[Worker] k=11.308616 | MSE=100.2512 | Scale=322.8924 | 耗时=2374.5s
[Worker] k=7.259036 | MSE=73.1553 | Scale=312.9345 | 耗时=2374.7s
[Worker] k=7.590859 | MSE=32.9330 | Scale=310.0040 | 耗时=2374.7s
[Worker] k=8.065850 | MSE=75.2337 | Scale=324.6606 | 耗时=2374.8s
[Worker] k=8.617871 | MSE=23.8950 | Scale=305.7972 | 耗时=2375.0s
[Worker] k=10.599707 | MSE=60.5201 | Scale=305.9510 | 耗时=2375.3s
[Worker] k=12.690871 | MSE=73.8384 | Scale=321.4613 | 耗时=2375.5s
[Worker] k=5.578297 | MSE=76.1223 | Scale=318.1412 | 耗时=2376.0s
[Worker] k=7.405726 | MSE=32.6119 | Scale=320.4532 | 耗时=2376.2s
[Worker] k=4.752600 | MSE=40.7498 | Scale=309.1227 | 耗时=2376.2s
[Worker] k=7.619519 | MSE=103.0376 | Scale=324.8543 | 耗时=2376.5s
[Worker] k=4.302796 | MSE=130.5150 | Scale=337.6783 | 耗时=2376.8s
[Worker] k=6.560997 | MSE=49.1005 | Scale=331.7233 | 耗时=2376.9s
[Worker] k=8.294166 | MSE=110.0203 | Scale=320.6717 | 耗时=2377.6s
[Worker] k=10.557241 | MSE=72.3967 | Scale=328.0222 | 耗时=2377.6s
[Worker] k=7.189073 | MSE=81.6067 | Scale=326.8362 | 耗时=2378.5s
[Worker] k=5.776393 | MSE=68.4574 | Scale=329.5160 | 耗时=2379.2s
[Worker] k=4.056553 | MSE=83.7811 | Scale=332.2830 | 耗时=2380.0s
[Worker] k=9.334445 | MSE=31.0831 | Scale=318.2360 | 耗时=2380.3s
[Worker] k=5.597544 | MSE=57.6420 | Scale=321.3988 | 耗时=2380.4s
[Worker] k=10.873720 | MSE=74.0452 | Scale=340.3048 | 耗时=2380.6s
[Worker] k=5.279502 | MSE=74.2885 | Scale=321.2118 | 耗时=2380.9s
[Worker] k=5.017503 | MSE=44.3045 | Scale=315.4068 | 耗时=2381.6s
[Worker] k=6.206859 | MSE=96.4850 | Scale=335.6121 | 耗时=2383.1s
[Worker] k=8.756670 | MSE=38.5352 | Scale=311.5382 | 耗时=2383.2s
[Worker] k=10.048885 | MSE=78.9767 | Scale=325.2728 | 耗时=2384.3s
[Worker] k=7.850443 | MSE=60.1870 | Scale=320.6409 | 耗时=2385.0s
[Worker] k=8.320189 | MSE=96.9194 | Scale=328.3282 | 耗时=2385.2s
[Worker] k=7.684570 | MSE=126.6518 | Scale=335.4871 | 耗时=2385.6s
[Worker] k=8.131888 | MSE=76.5546 | Scale=330.7289 | 耗时=2386.2s
[Worker] k=7.522663 | MSE=20.4475 | Scale=305.8876 | 耗时=2386.2s
[Worker] k=7.315058 | MSE=55.9542 | Scale=322.1855 | 耗时=2386.7s
[Worker] k=3.722256 | MSE=87.0766 | Scale=325.6364 | 耗时=2386.8s
[Worker] k=7.331615 | MSE=89.9621 | Scale=313.8061 | 耗时=2386.8s
[Worker] k=4.861363 | MSE=145.3277 | Scale=327.8798 | 耗时=2386.8s
[Worker] k=4.381948 | MSE=120.9962 | Scale=319.0979 | 耗时=2387.9s
[Worker] k=8.600929 | MSE=62.3569 | Scale=318.7210 | 耗时=2389.4s
[Worker] k=11.375571 | MSE=144.2034 | Scale=330.6119 | 耗时=2389.4s
[Worker] k=6.721548 | MSE=37.7996 | Scale=319.9057 | 耗时=2389.8s
[Worker] k=8.228110 | MSE=106.4289 | Scale=329.7341 | 耗时=2390.2s
[Worker] k=3.584110 | MSE=44.1502 | Scale=314.8191 | 耗时=2390.6s
[Worker] k=9.938183 | MSE=59.3476 | Scale=328.0031 | 耗时=2390.7s
[Worker] k=7.762865 | MSE=62.1352 | Scale=331.3930 | 耗时=2393.6s
[Worker] k=8.652335 | MSE=45.9267 | Scale=325.3608 | 耗时=2394.2s
[Worker] k=9.233105 | MSE=47.7927 | Scale=312.3155 | 耗时=2394.7s
[Worker] k=4.497815 | MSE=79.0634 | Scale=316.1367 | 耗时=2395.3s
[Worker] k=8.744957 | MSE=50.0276 | Scale=325.9501 | 耗时=2395.6s
[Worker] k=10.224938 | MSE=57.1693 | Scale=324.3042 | 耗时=2395.9s
[Worker] k=8.569046 | MSE=101.7114 | Scale=330.2525 | 耗时=2396.6s[Worker] k=10.733800 | MSE=69.8731 | Scale=325.7825 | 耗时=2396.6s

[Worker] k=5.384874 | MSE=73.7180 | Scale=316.2952 | 耗时=2396.7s
[Worker] k=7.552023 | MSE=41.0936 | Scale=327.7764 | 耗时=2396.9s
[Worker] k=7.114102 | MSE=33.0909 | Scale=316.0653 | 耗时=2397.4s
[Worker] k=8.594800 | MSE=96.5719 | Scale=335.1909 | 耗时=2397.4s
[Worker] k=9.805494 | MSE=51.4964 | Scale=322.6049 | 耗时=2397.8s
[Worker] k=14.376947 | MSE=43.2455 | Scale=334.3453 | 耗时=2398.6s
[Worker] k=6.313656 | MSE=74.3748 | Scale=331.8047 | 耗时=2398.7s
[Worker] k=8.973757 | MSE=30.0460 | Scale=310.3282 | 耗时=2400.0s
[Worker] k=5.391364 | MSE=75.4011 | Scale=322.5930 | 耗时=2400.4s
[Worker] k=7.825777 | MSE=38.9348 | Scale=329.6421 | 耗时=2400.6s
[Worker] k=8.438876 | MSE=96.4321 | Scale=317.3471 | 耗时=2400.9s
[Worker] k=9.426989 | MSE=35.9231 | Scale=317.3841 | 耗时=2400.9s
[Worker] k=10.157627 | MSE=22.5071 | Scale=316.8397 | 耗时=2401.2s
[Worker] k=7.230354 | MSE=21.7102 | Scale=309.1711 | 耗时=2401.2s
[Worker] k=7.955760 | MSE=84.8098 | Scale=325.5972 | 耗时=2401.3s
[Worker] k=7.597983 | MSE=104.9925 | Scale=325.9242 | 耗时=2402.0s
[Worker] k=10.399779 | MSE=40.2455 | Scale=317.1247 | 耗时=2402.1s
[Worker] k=7.115087 | MSE=54.1704 | Scale=330.0818 | 耗时=2402.5s
[Worker] k=3.702044 | MSE=56.0274 | Scale=322.7286 | 耗时=2402.7s
[Worker] k=9.489919 | MSE=86.7238 | Scale=319.9023 | 耗时=2402.7s
[Worker] k=7.067348 | MSE=28.5690 | Scale=317.0874 | 耗时=2403.1s
[Worker] k=13.186054 | MSE=116.5551 | Scale=326.2918 | 耗时=2403.3s
[Worker] k=4.257584 | MSE=112.9783 | Scale=325.1766 | 耗时=2403.3s
[Worker] k=8.583219 | MSE=53.1130 | Scale=323.7015 | 耗时=2403.8s
[Worker] k=7.873656 | MSE=214.9182 | Scale=347.7626 | 耗时=2403.8s
[Worker] k=5.684323 | MSE=123.8499 | Scale=319.4644 | 耗时=2404.7s
[Worker] k=5.483084 | MSE=108.1391 | Scale=318.7738 | 耗时=2405.0s
[Worker] k=6.823886 | MSE=163.2718 | Scale=332.5610 | 耗时=2405.3s
[Worker] k=6.458700 | MSE=61.7200 | Scale=313.3394 | 耗时=2407.6s
[Worker] k=10.591558 | MSE=152.0894 | Scale=329.7681 | 耗时=2408.4s
[Worker] k=8.895098 | MSE=37.2241 | Scale=327.3385 | 耗时=2409.2s
[Worker] k=9.631353 | MSE=174.9505 | Scale=344.8220 | 耗时=2410.0s
[Worker] k=5.572343 | MSE=58.5757 | Scale=321.4233 | 耗时=2410.2s
[Worker] k=8.670510 | MSE=35.0666 | Scale=324.4459 | 耗时=2411.0s
[Worker] k=6.066771 | MSE=34.7283 | Scale=324.6999 | 耗时=2411.4s
[Worker] k=5.841505 | MSE=78.8014 | Scale=336.3246 | 耗时=2412.6s
[Worker] k=6.796754 | MSE=22.2840 | Scale=306.5261 | 耗时=2412.6s
[Worker] k=8.747772 | MSE=91.4175 | Scale=321.3558 | 耗时=2412.7s
[Worker] k=8.685222 | MSE=76.6955 | Scale=327.6036 | 耗时=2413.1s
[Worker] k=5.273370 | MSE=46.1341 | Scale=311.9580 | 耗时=2413.6s
[Worker] k=7.275000 | MSE=61.7961 | Scale=330.9847 | 耗时=2414.0s
[Worker] k=7.090499 | MSE=106.9474 | Scale=341.8141 | 耗时=2415.1s
[Worker] k=9.219162 | MSE=48.8074 | Scale=314.5226 | 耗时=2415.3s
[Worker] k=5.864526 | MSE=117.2799 | Scale=325.0956 | 耗时=2416.3s
[Worker] k=10.884095 | MSE=124.3370 | Scale=331.1635 | 耗时=2416.9s
[Worker] k=9.303223 | MSE=58.3419 | Scale=331.4355 | 耗时=2417.0s
[Worker] k=9.158518 | MSE=83.7289 | Scale=325.9667 | 耗时=2417.3s
[Worker] k=5.586556 | MSE=42.2372 | Scale=312.7341 | 耗时=2417.9s
[Worker] k=4.761477 | MSE=66.8684 | Scale=324.2824 | 耗时=2418.7s
[Worker] k=6.924884 | MSE=103.8299 | Scale=327.1315 | 耗时=2418.9s
[Worker] k=5.554735 | MSE=57.8512 | Scale=323.3223 | 耗时=2419.6s
[Worker] k=7.840619 | MSE=91.0616 | Scale=334.4271 | 耗时=2420.1s
[Worker] k=6.966540 | MSE=40.5621 | Scale=311.4621 | 耗时=2421.3s
[Worker] k=5.642481 | MSE=81.5747 | Scale=321.3484 | 耗时=2421.4s
[Worker] k=3.062389 | MSE=132.5169 | Scale=339.5121 | 耗时=2422.3s
[Worker] k=3.195117 | MSE=39.1448 | Scale=309.0826 | 耗时=2423.1s
[Worker] k=6.762743 | MSE=61.0747 | Scale=314.7519 | 耗时=2423.5s
[Worker] k=4.549847 | MSE=92.2349 | Scale=331.5737 | 耗时=2423.5s
[Worker] k=5.999260 | MSE=43.2939 | Scale=327.6736 | 耗时=2423.9s
[Worker] k=8.325989 | MSE=37.0440 | Scale=314.9297 | 耗时=2424.0s
[Worker] k=8.242151 | MSE=52.5011 | Scale=321.5152 | 耗时=2424.2s
[Worker] k=10.307627 | MSE=50.4342 | Scale=325.5505 | 耗时=2424.2s
[Worker] k=4.786330 | MSE=30.5763 | Scale=315.6295 | 耗时=2424.8s
[Worker] k=11.338210 | MSE=84.8905 | Scale=333.7240 | 耗时=2424.9s
[Worker] k=6.699252 | MSE=54.4512 | Scale=321.1345 | 耗时=2425.0s
[Worker] k=11.538467 | MSE=117.0608 | Scale=330.7829 | 耗时=2425.1s
differential_evolution step 9: f(x)= 10.838190456712612
[Worker] k=7.317947 | MSE=34.7126 | Scale=319.6109 | 耗时=2051.5s
[Worker] k=4.146597 | MSE=68.9981 | Scale=324.9610 | 耗时=2109.3s
[Worker] k=10.993436 | MSE=99.4108 | Scale=331.6692 | 耗时=2115.6s
[Worker] k=11.348453 | MSE=185.7825 | Scale=339.7495 | 耗时=2121.9s
[Worker] k=7.976281 | MSE=131.3019 | Scale=329.6955 | 耗时=2130.1s
[Worker] k=12.527388 | MSE=49.7601 | Scale=333.9099 | 耗时=2130.4s
[Worker] k=8.824786 | MSE=110.0908 | Scale=325.6144 | 耗时=2131.1s
[Worker] k=5.262342 | MSE=74.2184 | Scale=327.3566 | 耗时=2133.0s
[Worker] k=7.243108 | MSE=90.0290 | Scale=330.7235 | 耗时=2145.0s
[Worker] k=5.406352 | MSE=56.4954 | Scale=313.9253 | 耗时=2161.5s
[Worker] k=6.338726 | MSE=18.6812 | Scale=320.7308 | 耗时=2163.0s
[Worker] k=8.698985 | MSE=66.0150 | Scale=321.2130 | 耗时=2167.9s
[Worker] k=6.020896 | MSE=121.3273 | Scale=336.9679 | 耗时=2170.1s
[Worker] k=3.710685 | MSE=85.2834 | Scale=320.2253 | 耗时=2171.3s
[Worker] k=6.035763 | MSE=98.4719 | Scale=329.3857 | 耗时=2171.4s
[Worker] k=7.866350 | MSE=48.0173 | Scale=311.2199 | 耗时=2173.7s
[Worker] k=8.434000 | MSE=43.9780 | Scale=321.7786 | 耗时=2177.3s
[Worker] k=3.933128 | MSE=54.5213 | Scale=312.6060 | 耗时=2180.3s
[Worker] k=9.499827 | MSE=33.9873 | Scale=317.3332 | 耗时=2181.5s
[Worker] k=8.317716 | MSE=69.5568 | Scale=323.5639 | 耗时=2182.0s
[Worker] k=8.123325 | MSE=115.1543 | Scale=320.1461 | 耗时=2182.2s
[Worker] k=7.651391 | MSE=106.8399 | Scale=325.4585 | 耗时=2184.8s
[Worker] k=6.071947 | MSE=100.3307 | Scale=319.7239 | 耗时=2185.9s
[Worker] k=9.563563 | MSE=43.0334 | Scale=322.2721 | 耗时=2188.1s
[Worker] k=5.313195 | MSE=79.9906 | Scale=327.3375 | 耗时=2195.3s
[Worker] k=5.136129 | MSE=156.1349 | Scale=327.6499 | 耗时=2196.9s
[Worker] k=11.025622 | MSE=19.5750 | Scale=321.8191 | 耗时=2198.4s
[Worker] k=12.228514 | MSE=63.7958 | Scale=328.1140 | 耗时=2200.0s
[Worker] k=8.391438 | MSE=77.1275 | Scale=318.3770 | 耗时=2200.1s
[Worker] k=5.399160 | MSE=110.7951 | Scale=330.5391 | 耗时=2201.8s
[Worker] k=5.965709 | MSE=44.7508 | Scale=314.2733 | 耗时=2203.4s
[Worker] k=9.181434 | MSE=55.2065 | Scale=305.8025 | 耗时=2204.4s
[Worker] k=2.047856 | MSE=70.4453 | Scale=319.5922 | 耗时=2204.6s
[Worker] k=9.482635 | MSE=82.6683 | Scale=339.2479 | 耗时=2205.2s
[Worker] k=6.956433 | MSE=64.0863 | Scale=308.0932 | 耗时=2206.6s
[Worker] k=9.541563 | MSE=44.9940 | Scale=312.5906 | 耗时=2211.5s
[Worker] k=3.110021 | MSE=82.8325 | Scale=329.3579 | 耗时=2218.8s
[Worker] k=5.289109 | MSE=73.4464 | Scale=325.6822 | 耗时=2220.5s
[Worker] k=4.140062 | MSE=131.1031 | Scale=320.3976 | 耗时=2220.9s
[Worker] k=10.703120 | MSE=105.5946 | Scale=340.2545 | 耗时=2226.8s
[Worker] k=5.429469 | MSE=50.2382 | Scale=318.1562 | 耗时=2230.4s
[Worker] k=4.061549 | MSE=89.7044 | Scale=322.7712 | 耗时=2230.5s
[Worker] k=9.751175 | MSE=84.1837 | Scale=332.4280 | 耗时=2230.6s
[Worker] k=4.439309 | MSE=133.4879 | Scale=327.4441 | 耗时=2231.2s
[Worker] k=8.493454 | MSE=80.4958 | Scale=332.2048 | 耗时=2231.5s
[Worker] k=5.998816 | MSE=91.5486 | Scale=336.7360 | 耗时=2231.8s
[Worker] k=8.922468 | MSE=46.5236 | Scale=321.3759 | 耗时=2233.1s
[Worker] k=8.781868 | MSE=20.4082 | Scale=313.2724 | 耗时=2233.3s
[Worker] k=9.593155 | MSE=13.8051 | Scale=302.6621 | 耗时=2234.9s
[Worker] k=7.492896 | MSE=47.8641 | Scale=307.7235 | 耗时=2236.0s
[Worker] k=4.516637 | MSE=94.8718 | Scale=314.9899 | 耗时=2238.0s
[Worker] k=6.623039 | MSE=73.0398 | Scale=330.1493 | 耗时=2238.9s
[Worker] k=8.888762 | MSE=70.4971 | Scale=330.0219 | 耗时=2239.1s[Worker] k=7.822166 | MSE=33.8273 | Scale=319.9260 | 耗时=2239.1s

[Worker] k=12.317491 | MSE=90.9890 | Scale=328.0432 | 耗时=2240.2s
[Worker] k=5.795849 | MSE=32.9386 | Scale=311.2602 | 耗时=2241.2s
[Worker] k=3.559297 | MSE=36.4733 | Scale=314.7720 | 耗时=2242.2s
[Worker] k=9.530610 | MSE=78.5747 | Scale=333.3372 | 耗时=2243.1s
[Worker] k=6.713137 | MSE=68.3708 | Scale=320.2737 | 耗时=2243.9s
[Worker] k=9.020641 | MSE=34.4442 | Scale=333.5285 | 耗时=2244.3s
[Worker] k=7.437148 | MSE=83.1380 | Scale=330.9420 | 耗时=2245.4s
[Worker] k=6.721941 | MSE=81.0189 | Scale=318.8341 | 耗时=2246.2s
[Worker] k=6.303887 | MSE=101.6751 | Scale=321.8452 | 耗时=2246.6s
[Worker] k=8.448237 | MSE=70.9500 | Scale=320.6307 | 耗时=2248.5s
[Worker] k=7.863445 | MSE=109.2580 | Scale=328.4497 | 耗时=2248.6s
[Worker] k=9.297453 | MSE=115.1844 | Scale=326.6305 | 耗时=2251.4s
[Worker] k=9.502046 | MSE=78.7908 | Scale=320.6401 | 耗时=2251.6s
[Worker] k=10.732180 | MSE=93.6114 | Scale=327.5516 | 耗时=2251.7s
[Worker] k=6.879017 | MSE=29.7734 | Scale=334.7891 | 耗时=2252.3s
[Worker] k=6.157829 | MSE=127.4693 | Scale=325.8556 | 耗时=2254.6s
[Worker] k=7.346640 | MSE=59.1190 | Scale=314.7143 | 耗时=2260.4s
[Worker] k=3.616227 | MSE=36.9769 | Scale=323.5552 | 耗时=2264.0s
[Worker] k=5.799572 | MSE=56.9601 | Scale=318.7345 | 耗时=2265.4s
[Worker] k=7.318362 | MSE=65.3440 | Scale=322.4989 | 耗时=2265.5s
[Worker] k=12.127686 | MSE=86.6855 | Scale=329.0359 | 耗时=2266.8s
[Worker] k=2.786761 | MSE=129.4077 | Scale=324.6363 | 耗时=2266.9s
[Worker] k=3.845474 | MSE=59.0917 | Scale=307.4067 | 耗时=2267.0s
[Worker] k=10.319220 | MSE=111.8664 | Scale=338.9182 | 耗时=2267.8s
[Worker] k=11.689644 | MSE=115.7879 | Scale=339.1366 | 耗时=2268.4s
[Worker] k=6.204229 | MSE=93.6381 | Scale=327.4915 | 耗时=2269.5s
[Worker] k=8.699705 | MSE=22.3217 | Scale=328.1775 | 耗时=2270.2s
[Worker] k=7.592856 | MSE=72.3342 | Scale=322.0549 | 耗时=2270.6s
[Worker] k=6.266260 | MSE=54.7549 | Scale=304.4443 | 耗时=2271.7s
[Worker] k=7.565972 | MSE=53.6859 | Scale=320.4405 | 耗时=2272.1s
[Worker] k=6.914994 | MSE=62.7859 | Scale=323.5282 | 耗时=2273.5s
[Worker] k=11.686407 | MSE=56.6543 | Scale=326.0418 | 耗时=2274.7s
[Worker] k=6.943947 | MSE=109.6318 | Scale=321.2595 | 耗时=2275.2s
[Worker] k=4.768092 | MSE=119.8818 | Scale=322.7448 | 耗时=2276.3s
[Worker] k=4.370256 | MSE=46.1212 | Scale=314.1772 | 耗时=2276.8s
[Worker] k=3.463543 | MSE=81.0140 | Scale=315.4081 | 耗时=2279.2s
[Worker] k=6.341238 | MSE=103.5345 | Scale=322.8887 | 耗时=2279.9s
[Worker] k=13.362155 | MSE=49.9036 | Scale=310.9574 | 耗时=2280.4s
[Worker] k=10.150990 | MSE=60.1119 | Scale=318.4834 | 耗时=2280.8s
[Worker] k=3.688768 | MSE=31.7943 | Scale=316.2020 | 耗时=2281.0s
[Worker] k=4.774704 | MSE=146.3675 | Scale=346.1114 | 耗时=2281.2s
[Worker] k=10.924695 | MSE=67.7107 | Scale=316.4292 | 耗时=2283.7s
[Worker] k=7.794951 | MSE=100.8218 | Scale=337.1397 | 耗时=2283.7s
[Worker] k=8.326563 | MSE=53.7552 | Scale=321.9476 | 耗时=2284.0s
[Worker] k=7.492857 | MSE=56.4982 | Scale=316.9356 | 耗时=2284.6s
[Worker] k=7.926118 | MSE=61.2555 | Scale=315.0022 | 耗时=2285.2s
[Worker] k=7.074773 | MSE=127.6050 | Scale=340.8206 | 耗时=2286.0s
[Worker] k=11.222426 | MSE=58.7184 | Scale=322.7897 | 耗时=2286.6s
[Worker] k=9.139900 | MSE=39.5283 | Scale=316.9577 | 耗时=2286.8s
[Worker] k=7.750655 | MSE=175.9626 | Scale=334.5420 | 耗时=2287.8s
[Worker] k=10.592165 | MSE=184.4177 | Scale=336.0336 | 耗时=2287.9s
[Worker] k=3.443936 | MSE=26.6627 | Scale=321.0903 | 耗时=2288.2s
[Worker] k=5.667348 | MSE=93.3194 | Scale=324.7721 | 耗时=2288.3s
[Worker] k=4.596751 | MSE=46.3119 | Scale=325.3180 | 耗时=2289.2s
[Worker] k=5.584601 | MSE=101.8751 | Scale=326.7625 | 耗时=2289.4s
[Worker] k=7.207304 | MSE=56.5658 | Scale=322.4434 | 耗时=2289.5s
[Worker] k=3.676766 | MSE=51.0930 | Scale=324.5599 | 耗时=2289.7s
[Worker] k=6.670047 | MSE=98.9950 | Scale=323.4211 | 耗时=2289.9s
[Worker] k=7.260869 | MSE=126.9103 | Scale=339.3028 | 耗时=2290.0s
[Worker] k=8.037170 | MSE=114.1288 | Scale=321.1450 | 耗时=2290.3s
[Worker] k=2.443183 | MSE=101.2920 | Scale=319.3605 | 耗时=2292.4s
[Worker] k=7.762025 | MSE=78.8322 | Scale=320.4558 | 耗时=2292.4s
[Worker] k=7.261040 | MSE=36.7998 | Scale=326.1553 | 耗时=2293.4s
[Worker] k=7.770916 | MSE=133.2234 | Scale=334.1335 | 耗时=2293.4s
[Worker] k=8.073962 | MSE=66.8349 | Scale=328.5532 | 耗时=2293.9s
[Worker] k=3.228009 | MSE=92.6425 | Scale=328.2254 | 耗时=2294.2s
[Worker] k=3.927269 | MSE=104.6108 | Scale=328.3748 | 耗时=2294.3s
[Worker] k=8.287199 | MSE=157.7233 | Scale=336.0960 | 耗时=2294.5s
[Worker] k=4.523744 | MSE=78.0739 | Scale=321.3011 | 耗时=2297.1s
[Worker] k=9.335719 | MSE=62.3370 | Scale=319.0893 | 耗时=2297.8s
[Worker] k=7.057779 | MSE=60.6742 | Scale=322.1007 | 耗时=2298.1s
[Worker] k=7.218092 | MSE=35.2656 | Scale=312.7353 | 耗时=2299.6s
[Worker] k=6.135497 | MSE=67.7853 | Scale=316.6362 | 耗时=2302.1s
[Worker] k=8.676710 | MSE=81.4222 | Scale=330.3191 | 耗时=2302.9s
[Worker] k=8.593699 | MSE=96.7705 | Scale=316.6265 | 耗时=2303.6s
[Worker] k=7.968462 | MSE=29.4232 | Scale=314.9002 | 耗时=2303.9s
[Worker] k=8.546904 | MSE=73.8737 | Scale=317.6761 | 耗时=2304.0s
[Worker] k=7.702922 | MSE=44.1958 | Scale=320.8335 | 耗时=2304.6s
[Worker] k=4.952025 | MSE=42.5262 | Scale=322.7164 | 耗时=2304.7s
[Worker] k=5.763092 | MSE=65.6712 | Scale=320.2061 | 耗时=2305.3s
[Worker] k=9.249592 | MSE=64.4190 | Scale=339.0639 | 耗时=2305.8s
[Worker] k=6.871377 | MSE=61.5572 | Scale=322.4411 | 耗时=2306.3s
[Worker] k=6.687174 | MSE=82.5297 | Scale=321.6783 | 耗时=2306.7s
[Worker] k=9.758594 | MSE=67.1932 | Scale=324.4287 | 耗时=2306.8s
[Worker] k=6.776942 | MSE=118.5808 | Scale=326.0303 | 耗时=2306.8s
[Worker] k=9.418214 | MSE=39.5796 | Scale=320.8486 | 耗时=2308.0s
[Worker] k=6.269667 | MSE=108.0968 | Scale=329.8751 | 耗时=2309.0s
[Worker] k=6.197246 | MSE=46.9304 | Scale=309.6729 | 耗时=2309.4s
[Worker] k=13.785195 | MSE=92.7373 | Scale=341.2620 | 耗时=2309.5s
[Worker] k=8.663735 | MSE=46.2273 | Scale=328.5558 | 耗时=2309.5s
[Worker] k=6.455269 | MSE=84.3003 | Scale=322.6918 | 耗时=2310.0s
[Worker] k=12.942693 | MSE=53.6435 | Scale=345.7161 | 耗时=2310.3s
[Worker] k=9.873118 | MSE=108.3332 | Scale=328.5048 | 耗时=2310.4s
[Worker] k=6.313109 | MSE=140.1693 | Scale=333.9353 | 耗时=2310.7s
[Worker] k=7.749538 | MSE=51.5747 | Scale=323.9491 | 耗时=2311.0s
[Worker] k=8.824899 | MSE=73.1670 | Scale=320.2389 | 耗时=2311.1s
[Worker] k=7.528860 | MSE=164.1092 | Scale=333.6564 | 耗时=2311.6s
[Worker] k=12.034066 | MSE=65.5975 | Scale=319.2049 | 耗时=2312.1s
[Worker] k=8.497425 | MSE=29.1317 | Scale=319.7340 | 耗时=2312.5s
[Worker] k=7.420635 | MSE=51.8284 | Scale=318.7552 | 耗时=2313.2s
[Worker] k=10.045846 | MSE=26.8645 | Scale=334.0265 | 耗时=2313.8s
[Worker] k=4.778310 | MSE=144.2552 | Scale=331.4029 | 耗时=2316.5s
[Worker] k=5.046822 | MSE=53.7316 | Scale=328.2029 | 耗时=2316.6s
[Worker] k=2.996415 | MSE=27.5963 | Scale=305.7730 | 耗时=2316.7s
[Worker] k=4.162837 | MSE=73.1470 | Scale=318.7322 | 耗时=2317.6s
[Worker] k=8.916809 | MSE=24.6869 | Scale=326.4727 | 耗时=2318.3s
[Worker] k=10.636449 | MSE=136.5722 | Scale=330.1841 | 耗时=2319.3s
[Worker] k=11.743968 | MSE=94.1325 | Scale=331.8822 | 耗时=2319.5s
[Worker] k=13.051253 | MSE=58.9153 | Scale=327.0268 | 耗时=2319.8s
[Worker] k=6.260981 | MSE=86.6351 | Scale=329.3970 | 耗时=2319.9s
[Worker] k=10.995657 | MSE=40.3670 | Scale=320.3795 | 耗时=2320.2s
[Worker] k=4.755550 | MSE=25.6140 | Scale=313.5217 | 耗时=2320.2s
[Worker] k=6.103869 | MSE=82.4351 | Scale=324.1283 | 耗时=2321.1s
[Worker] k=10.817246 | MSE=78.8323 | Scale=329.3296 | 耗时=2322.5s
[Worker] k=5.750493 | MSE=40.6505 | Scale=318.3829 | 耗时=2323.5s
[Worker] k=13.199400 | MSE=77.3856 | Scale=326.8244 | 耗时=2323.4s
[Worker] k=6.970745 | MSE=87.9942 | Scale=324.0843 | 耗时=2323.7s
[Worker] k=4.982627 | MSE=188.8240 | Scale=323.8671 | 耗时=2324.4s
[Worker] k=6.980379 | MSE=45.3041 | Scale=321.2059 | 耗时=2324.9s
[Worker] k=6.020909 | MSE=24.4887 | Scale=315.4365 | 耗时=2324.9s
[Worker] k=5.919979 | MSE=146.0135 | Scale=330.4636 | 耗时=2324.9s
[Worker] k=7.902800 | MSE=110.6525 | Scale=331.0636 | 耗时=2325.0s
[Worker] k=8.278781 | MSE=99.8515 | Scale=327.2515 | 耗时=2325.5s
[Worker] k=3.568380 | MSE=30.1610 | Scale=322.4326 | 耗时=2326.4s
[Worker] k=8.340848 | MSE=90.9345 | Scale=328.3471 | 耗时=2326.4s
[Worker] k=7.512737 | MSE=188.7144 | Scale=342.9616 | 耗时=2327.6s
[Worker] k=6.072838 | MSE=74.8022 | Scale=321.4081 | 耗时=2327.7s
[Worker] k=5.764485 | MSE=46.5638 | Scale=314.1233 | 耗时=2327.8s
[Worker] k=3.968618 | MSE=67.0090 | Scale=329.7259 | 耗时=2328.9s
[Worker] k=8.819039 | MSE=19.3976 | Scale=308.9609 | 耗时=2329.0s
[Worker] k=8.363220 | MSE=52.7398 | Scale=317.6042 | 耗时=2329.2s
[Worker] k=4.071805 | MSE=61.9636 | Scale=319.6893 | 耗时=2329.4s
[Worker] k=9.517635 | MSE=70.3548 | Scale=322.0966 | 耗时=2330.0s
[Worker] k=13.867504 | MSE=93.6846 | Scale=338.4616 | 耗时=2330.3s
[Worker] k=10.400906 | MSE=56.9028 | Scale=327.4950 | 耗时=2331.1s
[Worker] k=12.175297 | MSE=30.8882 | Scale=313.2655 | 耗时=2331.2s
[Worker] k=7.321062 | MSE=145.0928 | Scale=323.8565 | 耗时=2331.6s
[Worker] k=9.680027 | MSE=50.4715 | Scale=325.5553 | 耗时=2331.7s
[Worker] k=6.995382 | MSE=94.9324 | Scale=320.7205 | 耗时=2332.2s
[Worker] k=6.795754 | MSE=47.4506 | Scale=312.6877 | 耗时=2332.6s
[Worker] k=7.358148 | MSE=82.3979 | Scale=326.4566 | 耗时=2332.9s
[Worker] k=10.518459 | MSE=43.5599 | Scale=329.6626 | 耗时=2333.7s
[Worker] k=5.362686 | MSE=108.7017 | Scale=333.6912 | 耗时=2333.9s
[Worker] k=10.631172 | MSE=39.6623 | Scale=311.5507 | 耗时=2334.4s
[Worker] k=12.566066 | MSE=36.0431 | Scale=323.7824 | 耗时=2335.5s
[Worker] k=7.753505 | MSE=48.2221 | Scale=320.3857 | 耗时=2335.9s
[Worker] k=7.757156 | MSE=92.2950 | Scale=326.4877 | 耗时=2336.6s
[Worker] k=7.513350 | MSE=133.7658 | Scale=310.5793 | 耗时=2336.6s
[Worker] k=7.868605 | MSE=131.7569 | Scale=332.9674 | 耗时=2337.1s
[Worker] k=10.805582 | MSE=46.4627 | Scale=317.2481 | 耗时=2337.7s
[Worker] k=7.107309 | MSE=122.2412 | Scale=334.0786 | 耗时=2337.7s
[Worker] k=10.242713 | MSE=171.2561 | Scale=340.3553 | 耗时=2338.1s
[Worker] k=5.011425 | MSE=41.6021 | Scale=316.9995 | 耗时=2338.6s
[Worker] k=5.315198 | MSE=27.8131 | Scale=314.7536 | 耗时=2339.2s
[Worker] k=4.590738 | MSE=44.9365 | Scale=315.5497 | 耗时=2339.9s
[Worker] k=3.703900 | MSE=38.0784 | Scale=316.8405 | 耗时=2340.2s
[Worker] k=7.496866 | MSE=42.7246 | Scale=310.1683 | 耗时=2340.4s
[Worker] k=8.463669 | MSE=53.5275 | Scale=315.6561 | 耗时=2340.6s
[Worker] k=3.694065 | MSE=57.5972 | Scale=326.8832 | 耗时=2341.2s
[Worker] k=6.902592 | MSE=41.2740 | Scale=328.0767 | 耗时=2342.3s
[Worker] k=6.538972 | MSE=31.1445 | Scale=316.6817 | 耗时=2342.5s
[Worker] k=9.363024 | MSE=82.5160 | Scale=335.4143 | 耗时=2342.6s
[Worker] k=10.473923 | MSE=57.9396 | Scale=323.8037 | 耗时=2342.7s
[Worker] k=9.412086 | MSE=48.9726 | Scale=315.2896 | 耗时=2343.3s
[Worker] k=12.991592 | MSE=43.3258 | Scale=333.6055 | 耗时=2343.6s
[Worker] k=11.360113 | MSE=120.2806 | Scale=314.1715 | 耗时=2343.9s
[Worker] k=8.780653 | MSE=60.8463 | Scale=328.9034 | 耗时=2344.2s
[Worker] k=8.127538 | MSE=162.7143 | Scale=336.6620 | 耗时=2345.1s
[Worker] k=10.998604 | MSE=45.7863 | Scale=323.1580 | 耗时=2345.3s
[Worker] k=7.387060 | MSE=83.1586 | Scale=325.9535 | 耗时=2346.1s
[Worker] k=3.359122 | MSE=143.4930 | Scale=315.3319 | 耗时=2346.3s
[Worker] k=6.287061 | MSE=62.7805 | Scale=324.3675 | 耗时=2347.0s
[Worker] k=14.000429 | MSE=46.0655 | Scale=311.4896 | 耗时=2347.7s
[Worker] k=6.157012 | MSE=46.0062 | Scale=321.2135 | 耗时=2348.2s
[Worker] k=3.146292 | MSE=84.1068 | Scale=320.7044 | 耗时=2348.5s
[Worker] k=5.973116 | MSE=78.2933 | Scale=321.0022 | 耗时=2349.0s
[Worker] k=4.494419 | MSE=66.3360 | Scale=325.3239 | 耗时=2349.0s
[Worker] k=8.503537 | MSE=25.7887 | Scale=315.0639 | 耗时=2349.9s
[Worker] k=8.878261 | MSE=84.5729 | Scale=331.1346 | 耗时=2350.0s
[Worker] k=6.890831 | MSE=14.2690 | Scale=301.3939 | 耗时=2350.2s
[Worker] k=6.516083 | MSE=102.6046 | Scale=329.1998 | 耗时=2350.7s
[Worker] k=7.075372 | MSE=40.9326 | Scale=332.6237 | 耗时=2351.3s
[Worker] k=7.324615 | MSE=58.2141 | Scale=336.0716 | 耗时=2351.4s
[Worker] k=11.896301 | MSE=76.2903 | Scale=326.7782 | 耗时=2352.4s
[Worker] k=5.754116 | MSE=56.0921 | Scale=322.4745 | 耗时=2352.9s
[Worker] k=8.675714 | MSE=63.9262 | Scale=311.5336 | 耗时=2353.0s
[Worker] k=7.934299 | MSE=52.5641 | Scale=319.6280 | 耗时=2353.4s
[Worker] k=6.735557 | MSE=42.2910 | Scale=311.7879 | 耗时=2353.5s
[Worker] k=5.046595 | MSE=57.1388 | Scale=321.1130 | 耗时=2353.7s
[Worker] k=5.955094 | MSE=66.9837 | Scale=315.8596 | 耗时=2353.8s
[Worker] k=10.997728 | MSE=106.0280 | Scale=329.9213 | 耗时=2354.2s
[Worker] k=7.161565 | MSE=67.2396 | Scale=322.5670 | 耗时=2354.2s
[Worker] k=4.024227 | MSE=54.8889 | Scale=310.7312 | 耗时=2354.3s
[Worker] k=9.170831 | MSE=31.6463 | Scale=306.5851 | 耗时=2355.1s
[Worker] k=7.446560 | MSE=35.2565 | Scale=313.5563 | 耗时=2355.3s
[Worker] k=8.173254 | MSE=100.4927 | Scale=321.5193 | 耗时=2355.4s
[Worker] k=3.782813 | MSE=13.8442 | Scale=313.7009 | 耗时=2355.6s
[Worker] k=7.630172 | MSE=76.9226 | Scale=326.9452 | 耗时=2355.9s
[Worker] k=11.222426 | MSE=58.7184 | Scale=322.7897 | 耗时=2356.1s
[Worker] k=9.528152 | MSE=36.4421 | Scale=323.0299 | 耗时=2356.2s
[Worker] k=7.319739 | MSE=96.6282 | Scale=329.0877 | 耗时=2356.2s
[Worker] k=4.361345 | MSE=56.2031 | Scale=305.9210 | 耗时=2356.4s
differential_evolution step 10: f(x)= 10.838190456712612
[Worker] k=4.476461 | MSE=45.1827 | Scale=321.5600 | 耗时=2077.9s
[Worker] k=7.984953 | MSE=115.6434 | Scale=340.1132 | 耗时=2093.5s
[Worker] k=8.419547 | MSE=77.0937 | Scale=332.1507 | 耗时=2095.8s
[Worker] k=5.714971 | MSE=91.5796 | Scale=327.0477 | 耗时=2098.9s
[Worker] k=10.982877 | MSE=101.0508 | Scale=332.3791 | 耗时=2106.3s
[Worker] k=9.736037 | MSE=46.4331 | Scale=313.7207 | 耗时=2116.3s
[Worker] k=7.547402 | MSE=19.1394 | Scale=318.1662 | 耗时=2117.8s
[Worker] k=10.218396 | MSE=93.8480 | Scale=331.2642 | 耗时=2129.3s
[Worker] k=9.679787 | MSE=40.4608 | Scale=344.0521 | 耗时=2146.7s
[Worker] k=6.280217 | MSE=17.2273 | Scale=309.5053 | 耗时=2148.3s
[Worker] k=12.351114 | MSE=65.0025 | Scale=322.3070 | 耗时=2160.4s
[Worker] k=3.817737 | MSE=91.3492 | Scale=320.4139 | 耗时=2163.0s
[Worker] k=8.502551 | MSE=82.9388 | Scale=328.8699 | 耗时=2175.7s
[Worker] k=11.276087 | MSE=161.5875 | Scale=340.9351 | 耗时=2178.5s
[Worker] k=8.972140 | MSE=174.5986 | Scale=338.3974 | 耗时=2183.9s
[Worker] k=6.339314 | MSE=83.0904 | Scale=334.4584 | 耗时=2186.4s
[Worker] k=6.470186 | MSE=74.4633 | Scale=330.8522 | 耗时=2189.5s
[Worker] k=4.900205 | MSE=130.3759 | Scale=327.0089 | 耗时=2202.6s
[Worker] k=11.914722 | MSE=94.7156 | Scale=332.0410 | 耗时=2204.0s
[Worker] k=8.219149 | MSE=103.0306 | Scale=323.6727 | 耗时=2210.5s
[Worker] k=10.819026 | MSE=37.3316 | Scale=325.7725 | 耗时=2213.5s
[Worker] k=5.507588 | MSE=101.3450 | Scale=324.6256 | 耗时=2214.5s
[Worker] k=7.363877 | MSE=30.4623 | Scale=317.1852 | 耗时=2216.0s
[Worker] k=8.925742 | MSE=43.7134 | Scale=331.7665 | 耗时=2226.9s
[Worker] k=10.611499 | MSE=101.1395 | Scale=323.0795 | 耗时=2229.4s
[Worker] k=12.180633 | MSE=52.9220 | Scale=317.4495 | 耗时=2231.6s
[Worker] k=5.672564 | MSE=55.6933 | Scale=314.8520 | 耗时=2233.3s
[Worker] k=10.154725 | MSE=84.3872 | Scale=337.6040 | 耗时=2234.7s
[Worker] k=9.542950 | MSE=84.3652 | Scale=322.3522 | 耗时=2235.0s
[Worker] k=5.795374 | MSE=59.9085 | Scale=320.5196 | 耗时=2237.2s
[Worker] k=5.135256 | MSE=91.1322 | Scale=322.8013 | 耗时=2238.7s
[Worker] k=7.102552 | MSE=26.3321 | Scale=320.4223 | 耗时=2239.7s
[Worker] k=11.154901 | MSE=120.5792 | Scale=330.8269 | 耗时=2240.7s
[Worker] k=4.974014 | MSE=62.2421 | Scale=322.4756 | 耗时=2242.4s
[Worker] k=6.176715 | MSE=53.8757 | Scale=326.0295 | 耗时=2243.1s
[Worker] k=12.823802 | MSE=59.9134 | Scale=321.9441 | 耗时=2244.1s
[Worker] k=8.585997 | MSE=92.5434 | Scale=329.6422 | 耗时=2245.9s
[Worker] k=9.478528 | MSE=84.9654 | Scale=336.6705 | 耗时=2246.2s
[Worker] k=4.161490 | MSE=108.1766 | Scale=318.3306 | 耗时=2246.9s
[Worker] k=3.467061 | MSE=104.5401 | Scale=332.9731 | 耗时=2247.0s
[Worker] k=14.183902 | MSE=109.5613 | Scale=334.0451 | 耗时=2247.0s
[Worker] k=7.015544 | MSE=71.5287 | Scale=320.6778 | 耗时=2247.4s
[Worker] k=7.747164 | MSE=61.6811 | Scale=316.5201 | 耗时=2247.8s
[Worker] k=6.664342 | MSE=91.1173 | Scale=328.8750 | 耗时=2248.3s
[Worker] k=5.287072 | MSE=81.4594 | Scale=331.0729 | 耗时=2249.0s
[Worker] k=12.022584 | MSE=53.2309 | Scale=328.0919 | 耗时=2249.1s
[Worker] k=12.835729 | MSE=71.9000 | Scale=334.5423 | 耗时=2249.8s
[Worker] k=11.088196 | MSE=41.6004 | Scale=317.7126 | 耗时=2250.4s
[Worker] k=9.300410 | MSE=74.9301 | Scale=326.9014 | 耗时=2250.6s
[Worker] k=2.873907 | MSE=42.4381 | Scale=312.5673 | 耗时=2250.7s
[Worker] k=2.562943 | MSE=28.0276 | Scale=318.8630 | 耗时=2250.8s
[Worker] k=9.934960 | MSE=20.9741 | Scale=320.5595 | 耗时=2251.6s
[Worker] k=8.605416 | MSE=36.5062 | Scale=315.0899 | 耗时=2252.6s
[Worker] k=4.599820 | MSE=58.9664 | Scale=321.1673 | 耗时=2253.0s
[Worker] k=9.014500 | MSE=60.6135 | Scale=324.1177 | 耗时=2255.1s
[Worker] k=7.411791 | MSE=68.4072 | Scale=326.4265 | 耗时=2255.9s
[Worker] k=7.341500 | MSE=93.0056 | Scale=334.0414 | 耗时=2257.0s
[Worker] k=9.715920 | MSE=43.4503 | Scale=321.1865 | 耗时=2258.8s
[Worker] k=10.532583 | MSE=97.2166 | Scale=330.0848 | 耗时=2260.0s
[Worker] k=7.371486 | MSE=79.4414 | Scale=324.9945 | 耗时=2261.0s
[Worker] k=6.319493 | MSE=118.7932 | Scale=317.3771 | 耗时=2261.2s
[Worker] k=9.189933 | MSE=37.0921 | Scale=323.3070 | 耗时=2262.5s
[Worker] k=8.924584 | MSE=85.1192 | Scale=327.6786 | 耗时=2264.4s
[Worker] k=7.967881 | MSE=104.3405 | Scale=325.4439 | 耗时=2267.4s
[Worker] k=10.152696 | MSE=93.8487 | Scale=318.5545 | 耗时=2267.8s
[Worker] k=9.937431 | MSE=81.1403 | Scale=326.1121 | 耗时=2268.3s
[Worker] k=2.068922 | MSE=117.0871 | Scale=334.2916 | 耗时=2268.6s
[Worker] k=11.815934 | MSE=40.7599 | Scale=314.9647 | 耗时=2269.0s
[Worker] k=12.465044 | MSE=62.0156 | Scale=324.8985 | 耗时=2269.0s
[Worker] k=7.453871 | MSE=69.2473 | Scale=324.8305 | 耗时=2269.7s
[Worker] k=3.465275 | MSE=35.6691 | Scale=309.1120 | 耗时=2270.8s
[Worker] k=8.079414 | MSE=49.1621 | Scale=316.2356 | 耗时=2271.9s
[Worker] k=6.862887 | MSE=104.8323 | Scale=313.3511 | 耗时=2272.6s
[Worker] k=6.731478 | MSE=30.1431 | Scale=326.5529 | 耗时=2273.1s
[Worker] k=8.952387 | MSE=58.9430 | Scale=319.4733 | 耗时=2274.1s
[Worker] k=3.281442 | MSE=86.3310 | Scale=315.9535 | 耗时=2274.2s
[Worker] k=3.834235 | MSE=78.0779 | Scale=338.2404 | 耗时=2274.5s
[Worker] k=3.378452 | MSE=63.0580 | Scale=325.1606 | 耗时=2275.2s
[Worker] k=5.684506 | MSE=88.7336 | Scale=317.0741 | 耗时=2275.3s
[Worker] k=3.540890 | MSE=57.3039 | Scale=320.8656 | 耗时=2276.6s
[Worker] k=5.714801 | MSE=34.5141 | Scale=317.2372 | 耗时=2277.0s
[Worker] k=9.187754 | MSE=56.7906 | Scale=316.3072 | 耗时=2277.8s
[Worker] k=8.439821 | MSE=38.2059 | Scale=313.0316 | 耗时=2278.7s
[Worker] k=11.450214 | MSE=74.9531 | Scale=328.0979 | 耗时=2279.6s
[Worker] k=5.392044 | MSE=61.1690 | Scale=307.8908 | 耗时=2279.5s
[Worker] k=5.565779 | MSE=86.0502 | Scale=330.6401 | 耗时=2280.5s[Worker] k=3.944498 | MSE=92.2664 | Scale=313.7320 | 耗时=2280.6s
[Worker] k=7.018166 | MSE=28.6425 | Scale=321.2914 | 耗时=2280.8s

[Worker] k=9.007240 | MSE=123.6219 | Scale=337.1476 | 耗时=2281.1s
[Worker] k=7.507883 | MSE=69.4353 | Scale=308.9735 | 耗时=2281.8s
[Worker] k=8.985757 | MSE=53.9044 | Scale=326.4484 | 耗时=2282.3s
[Worker] k=7.482176 | MSE=55.2927 | Scale=321.5259 | 耗时=2282.7s
[Worker] k=4.274915 | MSE=40.3171 | Scale=330.3721 | 耗时=2283.0s
[Worker] k=10.245758 | MSE=132.6720 | Scale=331.3957 | 耗时=2283.7s
[Worker] k=11.171720 | MSE=175.2519 | Scale=335.1590 | 耗时=2285.0s
[Worker] k=9.819612 | MSE=69.9626 | Scale=327.1016 | 耗时=2285.8s
[Worker] k=3.343090 | MSE=39.3028 | Scale=312.0746 | 耗时=2286.0s
[Worker] k=2.770204 | MSE=80.9562 | Scale=318.2152 | 耗时=2286.0s
[Worker] k=7.154144 | MSE=79.8280 | Scale=324.1158 | 耗时=2286.5s
[Worker] k=5.454439 | MSE=67.8787 | Scale=310.7360 | 耗时=2287.6s
[Worker] k=9.599935 | MSE=94.4310 | Scale=326.0824 | 耗时=2287.8s
[Worker] k=6.483562 | MSE=28.0533 | Scale=311.3466 | 耗时=2288.0s
[Worker] k=9.329212 | MSE=72.2386 | Scale=322.4387 | 耗时=2288.2s
[Worker] k=12.933166 | MSE=72.6809 | Scale=322.3330 | 耗时=2288.5s
[Worker] k=4.076522 | MSE=62.0992 | Scale=313.4380 | 耗时=2289.1s
[Worker] k=8.890117 | MSE=77.9175 | Scale=328.0225 | 耗时=2289.3s
[Worker] k=2.420895 | MSE=117.2109 | Scale=326.4468 | 耗时=2289.7s
[Worker] k=6.198778 | MSE=25.3876 | Scale=315.3754 | 耗时=2289.8s
[Worker] k=12.214051 | MSE=79.5003 | Scale=324.8749 | 耗时=2290.7s
[Worker] k=11.635113 | MSE=33.1432 | Scale=347.8464 | 耗时=2291.0s
[Worker] k=2.239724 | MSE=32.2596 | Scale=325.1581 | 耗时=2291.6s
[Worker] k=4.038856 | MSE=84.0259 | Scale=337.2869 | 耗时=2292.1s
[Worker] k=6.532607 | MSE=44.6220 | Scale=321.9219 | 耗时=2292.3s
[Worker] k=4.836011 | MSE=131.6787 | Scale=329.4036 | 耗时=2292.4s
[Worker] k=7.027419 | MSE=32.8397 | Scale=325.8513 | 耗时=2292.9s
[Worker] k=6.333535 | MSE=54.1886 | Scale=318.4900 | 耗时=2293.6s
[Worker] k=7.355989 | MSE=73.9300 | Scale=333.8367 | 耗时=2293.9s
[Worker] k=4.247212 | MSE=60.2691 | Scale=315.4704 | 耗时=2294.0s
[Worker] k=9.228207 | MSE=89.3035 | Scale=318.0223 | 耗时=2294.9s
[Worker] k=12.155655 | MSE=153.2029 | Scale=332.9590 | 耗时=2295.0s
[Worker] k=8.119250 | MSE=50.2404 | Scale=325.5270 | 耗时=2295.1s
[Worker] k=9.819922 | MSE=38.7712 | Scale=327.1246 | 耗时=2296.4s
[Worker] k=7.983244 | MSE=119.9750 | Scale=334.3799 | 耗时=2297.0s
[Worker] k=7.844597 | MSE=71.3426 | Scale=328.9191 | 耗时=2297.1s
[Worker] k=9.339839 | MSE=73.6613 | Scale=318.5153 | 耗时=2297.3s
[Worker] k=6.452217 | MSE=35.9329 | Scale=321.6691 | 耗时=2297.7s
[Worker] k=3.376074 | MSE=103.1382 | Scale=321.3319 | 耗时=2298.5s
[Worker] k=7.768755 | MSE=105.5751 | Scale=346.9578 | 耗时=2300.4s
[Worker] k=3.390867 | MSE=51.0142 | Scale=328.3267 | 耗时=2300.7s
[Worker] k=3.689146 | MSE=107.8552 | Scale=324.1601 | 耗时=2300.9s
[Worker] k=10.226402 | MSE=98.3830 | Scale=330.1753 | 耗时=2301.3s
[Worker] k=8.704429 | MSE=110.4976 | Scale=322.3373 | 耗时=2301.4s
[Worker] k=10.969276 | MSE=90.3172 | Scale=345.1368 | 耗时=2301.7s
[Worker] k=8.452296 | MSE=52.8835 | Scale=314.4221 | 耗时=2301.8s
[Worker] k=11.796806 | MSE=86.4525 | Scale=335.8699 | 耗时=2302.4s
[Worker] k=12.826725 | MSE=97.5119 | Scale=338.1445 | 耗时=2302.6s
[Worker] k=10.883982 | MSE=102.6782 | Scale=323.5877 | 耗时=2302.9s
[Worker] k=4.991743 | MSE=52.8940 | Scale=306.1491 | 耗时=2303.1s
[Worker] k=9.970915 | MSE=48.0902 | Scale=336.5150 | 耗时=2304.4s
[Worker] k=9.276442 | MSE=42.8877 | Scale=326.3091 | 耗时=2304.9s
[Worker] k=3.686904 | MSE=47.9399 | Scale=320.8243 | 耗时=2305.4s
[Worker] k=8.174425 | MSE=44.8813 | Scale=310.1232 | 耗时=2305.9s
[Worker] k=10.014487 | MSE=60.1836 | Scale=311.5453 | 耗时=2306.9s
[Worker] k=8.706006 | MSE=40.0109 | Scale=321.8500 | 耗时=2307.5s
[Worker] k=9.240220 | MSE=51.7326 | Scale=310.2661 | 耗时=2307.6s
[Worker] k=10.052582 | MSE=122.9602 | Scale=336.5826 | 耗时=2307.8s
[Worker] k=6.082868 | MSE=61.0231 | Scale=324.4453 | 耗时=2308.3s
[Worker] k=3.003947 | MSE=159.4783 | Scale=327.9827 | 耗时=2308.6s
[Worker] k=7.562042 | MSE=97.6377 | Scale=320.9604 | 耗时=2308.9s
[Worker] k=7.168267 | MSE=48.1647 | Scale=325.1047 | 耗时=2309.1s
[Worker] k=5.773839 | MSE=66.0283 | Scale=317.4051 | 耗时=2309.2s
[Worker] k=7.174346 | MSE=45.4909 | Scale=321.1731 | 耗时=2309.2s
[Worker] k=4.154992 | MSE=53.0634 | Scale=327.0397 | 耗时=2309.4s
[Worker] k=9.143074 | MSE=54.3873 | Scale=315.3659 | 耗时=2309.5s
[Worker] k=11.128901 | MSE=27.4774 | Scale=326.7052 | 耗时=2311.7s
[Worker] k=8.096425 | MSE=67.7030 | Scale=323.8374 | 耗时=2311.8s
[Worker] k=10.541035 | MSE=96.8386 | Scale=330.1736 | 耗时=2312.3s
[Worker] k=5.441714 | MSE=104.7236 | Scale=316.8672 | 耗时=2312.4s
[Worker] k=5.687607 | MSE=56.3767 | Scale=318.8498 | 耗时=2312.7s
[Worker] k=9.550194 | MSE=50.9353 | Scale=316.3963 | 耗时=2313.3s
[Worker] k=8.180769 | MSE=46.7609 | Scale=324.6678 | 耗时=2313.4s
[Worker] k=8.283414 | MSE=81.1601 | Scale=335.6875 | 耗时=2313.8s
[Worker] k=4.485714 | MSE=86.1251 | Scale=314.0212 | 耗时=2314.1s
[Worker] k=14.300246 | MSE=103.9969 | Scale=331.6644 | 耗时=2314.2s
[Worker] k=11.065712 | MSE=74.3201 | Scale=336.5027 | 耗时=2315.0s
[Worker] k=6.392507 | MSE=28.9844 | Scale=320.3580 | 耗时=2315.3s
[Worker] k=9.433764 | MSE=56.6515 | Scale=320.9750 | 耗时=2315.6s
[Worker] k=8.049753 | MSE=69.9471 | Scale=324.4856 | 耗时=2315.8s
[Worker] k=11.443338 | MSE=88.9348 | Scale=315.8320 | 耗时=2315.8s
[Worker] k=2.089362 | MSE=47.0957 | Scale=316.6053 | 耗时=2316.9s
[Worker] k=6.352705 | MSE=34.2665 | Scale=310.8264 | 耗时=2316.9s
[Worker] k=4.690716 | MSE=37.3099 | Scale=318.4589 | 耗时=2317.2s
[Worker] k=10.289154 | MSE=107.0169 | Scale=319.1470 | 耗时=2318.6s
[Worker] k=9.434545 | MSE=73.1500 | Scale=327.6087 | 耗时=2318.7s
[Worker] k=6.139948 | MSE=37.9121 | Scale=314.3530 | 耗时=2319.3s
[Worker] k=9.727965 | MSE=49.8175 | Scale=319.9886 | 耗时=2320.4s
[Worker] k=7.053267 | MSE=135.8443 | Scale=334.2457 | 耗时=2320.6s
[Worker] k=2.595004 | MSE=48.2236 | Scale=320.0767 | 耗时=2320.7s
[Worker] k=4.193163 | MSE=63.4413 | Scale=320.1986 | 耗时=2320.7s
[Worker] k=5.869344 | MSE=46.5006 | Scale=322.5837 | 耗时=2321.2s
[Worker] k=5.102011 | MSE=77.6755 | Scale=315.6496 | 耗时=2322.1s
[Worker] k=13.345159 | MSE=152.1766 | Scale=335.9077 | 耗时=2323.4s
[Worker] k=7.978915 | MSE=100.2590 | Scale=331.5545 | 耗时=2324.5s
[Worker] k=9.211934 | MSE=30.1543 | Scale=317.8134 | 耗时=2325.1s
[Worker] k=3.901367 | MSE=73.0140 | Scale=324.3617 | 耗时=2325.3s
[Worker] k=9.780759 | MSE=59.3683 | Scale=327.7355 | 耗时=2327.6s
[Worker] k=7.226568 | MSE=22.8673 | Scale=309.1876 | 耗时=2328.3s
[Worker] k=9.215358 | MSE=54.8991 | Scale=319.2517 | 耗时=2328.7s
[Worker] k=9.493835 | MSE=79.1649 | Scale=323.0325 | 耗时=2329.0s
[Worker] k=6.894906 | MSE=37.4509 | Scale=320.1351 | 耗时=2329.1s
[Worker] k=7.771701 | MSE=100.7154 | Scale=336.7617 | 耗时=2329.4s
[Worker] k=3.982717 | MSE=105.6195 | Scale=332.6463 | 耗时=2330.0s
[Worker] k=8.199873 | MSE=166.0613 | Scale=325.3568 | 耗时=2330.5s
[Worker] k=6.337384 | MSE=92.5221 | Scale=322.6312 | 耗时=2331.2s
[Worker] k=7.221160 | MSE=23.9128 | Scale=318.4830 | 耗时=2331.5s
[Worker] k=4.614745 | MSE=45.2009 | Scale=320.7425 | 耗时=2332.3s
[Worker] k=7.998330 | MSE=111.9489 | Scale=321.8557 | 耗时=2332.7s
[Worker] k=11.221570 | MSE=76.2610 | Scale=314.2054 | 耗时=2332.8s
[Worker] k=6.883181 | MSE=65.7000 | Scale=331.8075 | 耗时=2333.6s
[Worker] k=12.544634 | MSE=52.4380 | Scale=343.7099 | 耗时=2334.5s
[Worker] k=5.416475 | MSE=95.4125 | Scale=324.9447 | 耗时=2334.8s
[Worker] k=5.145036 | MSE=84.4134 | Scale=318.5673 | 耗时=2335.8s
[Worker] k=6.999063 | MSE=59.6640 | Scale=322.2691 | 耗时=2335.9s
[Worker] k=10.675999 | MSE=97.4873 | Scale=330.8863 | 耗时=2337.0s
[Worker] k=7.170346 | MSE=46.7667 | Scale=320.7066 | 耗时=2337.5s
[Worker] k=10.969674 | MSE=86.6036 | Scale=327.0481 | 耗时=2337.5s
[Worker] k=14.137426 | MSE=120.6613 | Scale=338.3041 | 耗时=2337.6s
[Worker] k=11.945637 | MSE=84.0983 | Scale=330.2132 | 耗时=2338.5s
[Worker] k=7.416444 | MSE=135.3546 | Scale=332.1209 | 耗时=2338.7s
[Worker] k=5.507349 | MSE=68.2303 | Scale=325.3579 | 耗时=2338.7s
[Worker] k=3.093942 | MSE=66.3034 | Scale=314.5282 | 耗时=2338.8s
[Worker] k=9.101048 | MSE=116.1422 | Scale=329.0901 | 耗时=2339.2s
[Worker] k=6.793625 | MSE=38.0753 | Scale=315.4017 | 耗时=2339.2s
[Worker] k=4.205811 | MSE=33.1443 | Scale=318.9924 | 耗时=2339.2s
[Worker] k=8.025195 | MSE=82.9448 | Scale=322.3415 | 耗时=2339.8s
[Worker] k=8.210473 | MSE=58.1298 | Scale=330.5370 | 耗时=2339.9s
[Worker] k=13.131995 | MSE=58.8187 | Scale=327.9457 | 耗时=2341.0s
[Worker] k=10.847173 | MSE=136.0731 | Scale=331.8193 | 耗时=2341.5s
[Worker] k=7.895777 | MSE=102.5814 | Scale=336.2452 | 耗时=2342.7s
[Worker] k=7.317373 | MSE=59.3883 | Scale=318.1505 | 耗时=2342.7s
[Worker] k=3.964745 | MSE=73.5025 | Scale=316.8042 | 耗时=2343.0s
[Worker] k=7.350763 | MSE=28.5330 | Scale=315.6662 | 耗时=2343.5s
[Worker] k=12.455092 | MSE=154.3473 | Scale=341.7314 | 耗时=2343.9s
[Worker] k=5.692037 | MSE=76.5617 | Scale=326.9955 | 耗时=2344.3s
[Worker] k=9.724069 | MSE=95.7540 | Scale=326.5678 | 耗时=2344.8s
[Worker] k=9.449301 | MSE=40.4101 | Scale=318.4450 | 耗时=2345.0s
[Worker] k=3.593451 | MSE=59.4728 | Scale=317.6183 | 耗时=2345.4s
[Worker] k=7.238422 | MSE=35.1853 | Scale=314.3056 | 耗时=2345.7s
[Worker] k=6.775693 | MSE=92.5041 | Scale=338.1604 | 耗时=2345.7s
[Worker] k=6.741225 | MSE=73.4952 | Scale=332.9576 | 耗时=2346.0s
[Worker] k=9.204788 | MSE=118.8760 | Scale=344.6018 | 耗时=2346.0s
[Worker] k=6.955023 | MSE=61.4290 | Scale=329.4424 | 耗时=2347.4s
[Worker] k=4.450309 | MSE=18.4767 | Scale=318.8141 | 耗时=2347.6s
[Worker] k=4.289182 | MSE=109.5264 | Scale=332.3518 | 耗时=2347.7s
[Worker] k=3.738945 | MSE=21.4462 | Scale=313.0527 | 耗时=2348.1s
[Worker] k=6.890812 | MSE=28.2859 | Scale=325.7995 | 耗时=2348.4s
[Worker] k=7.642831 | MSE=117.4284 | Scale=319.6006 | 耗时=2348.4s
[Worker] k=8.260325 | MSE=194.2741 | Scale=341.7489 | 耗时=2348.7s
[Worker] k=9.024189 | MSE=84.9351 | Scale=330.8379 | 耗时=2348.8s
[Worker] k=11.170015 | MSE=40.5221 | Scale=310.0085 | 耗时=2348.9s
[Worker] k=7.164979 | MSE=69.2743 | Scale=312.8213 | 耗时=2349.2s
[Worker] k=8.884604 | MSE=79.7347 | Scale=328.4287 | 耗时=2349.6s
[Worker] k=9.882104 | MSE=103.5006 | Scale=328.1315 | 耗时=2350.5s
[Worker] k=6.864994 | MSE=100.5037 | Scale=332.2725 | 耗时=2351.0s
[Worker] k=8.532175 | MSE=80.5747 | Scale=327.9031 | 耗时=2352.2s
[Worker] k=10.413317 | MSE=151.0825 | Scale=322.3394 | 耗时=2352.3s
[Worker] k=7.209788 | MSE=41.2568 | Scale=311.3520 | 耗时=2352.9s
[Worker] k=6.773924 | MSE=12.3367 | Scale=309.3750 | 耗时=2353.0s
[Worker] k=5.344778 | MSE=66.5893 | Scale=316.4245 | 耗时=2353.1s
[Worker] k=13.377530 | MSE=52.0761 | Scale=319.3544 | 耗时=2353.5s
[Worker] k=8.361384 | MSE=44.1211 | Scale=338.3387 | 耗时=2353.9s
[Worker] k=5.224428 | MSE=82.5401 | Scale=321.0530 | 耗时=2354.4s
[Worker] k=3.874551 | MSE=90.3510 | Scale=322.7957 | 耗时=2354.6s
[Worker] k=13.768912 | MSE=97.1110 | Scale=334.1604 | 耗时=2354.7s
[Worker] k=7.875232 | MSE=105.5108 | Scale=336.6353 | 耗时=2355.0s
[Worker] k=8.391614 | MSE=59.9438 | Scale=321.4727 | 耗时=2355.0s
differential_evolution step 11: f(x)= 10.838190456712612
[Worker] k=5.817556 | MSE=119.6440 | Scale=337.4554 | 耗时=1986.6s
[Worker] k=8.549697 | MSE=48.5292 | Scale=323.4992 | 耗时=2001.0s
[Worker] k=4.642878 | MSE=41.0081 | Scale=314.8607 | 耗时=2080.5s
[Worker] k=7.508356 | MSE=93.1634 | Scale=328.1069 | 耗时=2117.0s
[Worker] k=8.113366 | MSE=146.1295 | Scale=336.0985 | 耗时=2119.3s
[Worker] k=7.448796 | MSE=91.0858 | Scale=321.5705 | 耗时=2129.8s
[Worker] k=7.107247 | MSE=45.0414 | Scale=316.4971 | 耗时=2137.4s
[Worker] k=7.850704 | MSE=65.4858 | Scale=312.2672 | 耗时=2139.5s
[Worker] k=9.205152 | MSE=107.4757 | Scale=332.2129 | 耗时=2143.0s
[Worker] k=4.809298 | MSE=42.8897 | Scale=314.3440 | 耗时=2148.7s
[Worker] k=8.792268 | MSE=133.6540 | Scale=326.9634 | 耗时=2150.6s
[Worker] k=4.331514 | MSE=108.5527 | Scale=310.1265 | 耗时=2167.6s
[Worker] k=8.228150 | MSE=163.9081 | Scale=330.9796 | 耗时=2174.4s
[Worker] k=6.039509 | MSE=95.8144 | Scale=317.8986 | 耗时=2178.8s
[Worker] k=12.212455 | MSE=81.9149 | Scale=318.5857 | 耗时=2180.4s
[Worker] k=10.410571 | MSE=146.1537 | Scale=325.0617 | 耗时=2188.3s
[Worker] k=7.340293 | MSE=85.0104 | Scale=327.0163 | 耗时=2189.1s
[Worker] k=9.069558 | MSE=106.9968 | Scale=316.4079 | 耗时=2190.2s
[Worker] k=8.288650 | MSE=61.4270 | Scale=325.8930 | 耗时=2196.4s
[Worker] k=6.359095 | MSE=37.2076 | Scale=313.1981 | 耗时=2197.3s
[Worker] k=10.073246 | MSE=67.7611 | Scale=317.5941 | 耗时=2198.7s
[Worker] k=11.879915 | MSE=64.0917 | Scale=321.2889 | 耗时=2202.2s
[Worker] k=6.915463 | MSE=132.3293 | Scale=327.3905 | 耗时=2203.6s
[Worker] k=7.372124 | MSE=44.2022 | Scale=315.5990 | 耗时=2205.3s
[Worker] k=9.894040 | MSE=123.1506 | Scale=336.5295 | 耗时=2212.0s
[Worker] k=5.260015 | MSE=40.4384 | Scale=317.8371 | 耗时=2214.2s
[Worker] k=8.195632 | MSE=62.0840 | Scale=318.7088 | 耗时=2214.6s
[Worker] k=13.308743 | MSE=69.3797 | Scale=314.5490 | 耗时=2218.3s
[Worker] k=6.463448 | MSE=69.6238 | Scale=323.6205 | 耗时=2220.9s
[Worker] k=7.921838 | MSE=60.8365 | Scale=320.9107 | 耗时=2221.1s
[Worker] k=7.599779 | MSE=105.2980 | Scale=339.0461 | 耗时=2222.0s
[Worker] k=5.798372 | MSE=63.1366 | Scale=317.9661 | 耗时=2223.3s
[Worker] k=5.381709 | MSE=69.2559 | Scale=319.3691 | 耗时=2229.1s
[Worker] k=8.070306 | MSE=10.0771 | Scale=322.6944 | 耗时=2229.9s
[Worker] k=4.895167 | MSE=101.6936 | Scale=319.8951 | 耗时=2230.2s
[Worker] k=8.236604 | MSE=81.5472 | Scale=327.6312 | 耗时=2231.4s
[Worker] k=5.279424 | MSE=91.5974 | Scale=328.6992 | 耗时=2233.3s
[Worker] k=8.576663 | MSE=41.0935 | Scale=331.1781 | 耗时=2234.2s
[Worker] k=12.545479 | MSE=97.3114 | Scale=341.8134 | 耗时=2234.3s
[Worker] k=6.078655 | MSE=53.5226 | Scale=309.9888 | 耗时=2235.6s
[Worker] k=9.718318 | MSE=140.0624 | Scale=334.4785 | 耗时=2236.1s
[Worker] k=9.898640 | MSE=85.0044 | Scale=327.1079 | 耗时=2236.5s
[Worker] k=7.411937 | MSE=48.8197 | Scale=327.6706 | 耗时=2238.7s
[Worker] k=6.870414 | MSE=86.1212 | Scale=323.2312 | 耗时=2240.4s
[Worker] k=5.690829 | MSE=67.5749 | Scale=320.4142 | 耗时=2241.3s
[Worker] k=5.271137 | MSE=43.2132 | Scale=302.0590 | 耗时=2242.8s
[Worker] k=10.016228 | MSE=85.4852 | Scale=331.9948 | 耗时=2243.4s
[Worker] k=8.244834 | MSE=97.2261 | Scale=310.5864 | 耗时=2244.3s
[Worker] k=6.900339 | MSE=60.9668 | Scale=310.2659 | 耗时=2245.0s
[Worker] k=7.497602 | MSE=53.4533 | Scale=315.3781 | 耗时=2245.2s
[Worker] k=10.948737 | MSE=59.6232 | Scale=314.9704 | 耗时=2246.0s
[Worker] k=12.429653 | MSE=140.6941 | Scale=337.7033 | 耗时=2246.1s
[Worker] k=6.189274 | MSE=108.7321 | Scale=329.3980 | 耗时=2248.3s
[Worker] k=8.475445 | MSE=51.3431 | Scale=320.0619 | 耗时=2249.3s
[Worker] k=4.447359 | MSE=58.7072 | Scale=320.9159 | 耗时=2250.5s
[Worker] k=9.915284 | MSE=96.7167 | Scale=325.8621 | 耗时=2250.8s
[Worker] k=5.687932 | MSE=38.0654 | Scale=314.7756 | 耗时=2251.0s
[Worker] k=6.137878 | MSE=116.2479 | Scale=318.9916 | 耗时=2252.2s
[Worker] k=6.760724 | MSE=51.1072 | Scale=320.6147 | 耗时=2252.5s
[Worker] k=7.236012 | MSE=90.2968 | Scale=329.0839 | 耗时=2252.7s
[Worker] k=6.632964 | MSE=132.8269 | Scale=327.3248 | 耗时=2253.4s
[Worker] k=8.402786 | MSE=31.7618 | Scale=321.3801 | 耗时=2254.1s
[Worker] k=7.423014 | MSE=59.3211 | Scale=306.7237 | 耗时=2255.6s
[Worker] k=7.504104 | MSE=114.9464 | Scale=334.9647 | 耗时=2255.8s
[Worker] k=8.959421 | MSE=85.8779 | Scale=325.4211 | 耗时=2255.9s
[Worker] k=8.913205 | MSE=32.1178 | Scale=323.7674 | 耗时=2257.8s
[Worker] k=11.643904 | MSE=80.1241 | Scale=331.0845 | 耗时=2259.7s
[Worker] k=4.572015 | MSE=186.6801 | Scale=328.5510 | 耗时=2260.6s
[Worker] k=7.352991 | MSE=93.7085 | Scale=328.2523 | 耗时=2262.0s
[Worker] k=6.841813 | MSE=51.3922 | Scale=317.6399 | 耗时=2262.9s
[Worker] k=5.248180 | MSE=73.4604 | Scale=331.9176 | 耗时=2263.8s
[Worker] k=9.379149 | MSE=78.7774 | Scale=329.6304 | 耗时=2263.9s
[Worker] k=4.656915 | MSE=88.5689 | Scale=321.3809 | 耗时=2264.7s
[Worker] k=6.075374 | MSE=69.5746 | Scale=322.4676 | 耗时=2266.1s
[Worker] k=8.436163 | MSE=132.1828 | Scale=325.4069 | 耗时=2267.2s
[Worker] k=5.393294 | MSE=69.6712 | Scale=324.2611 | 耗时=2267.9s
[Worker] k=7.157771 | MSE=69.1480 | Scale=314.1372 | 耗时=2268.2s
[Worker] k=8.779217 | MSE=59.0603 | Scale=326.1152 | 耗时=2268.4s
[Worker] k=2.986100 | MSE=42.4118 | Scale=305.9363 | 耗时=2268.6s
[Worker] k=8.928511 | MSE=64.8766 | Scale=326.0850 | 耗时=2268.7s
[Worker] k=10.263842 | MSE=79.1382 | Scale=329.9805 | 耗时=2268.7s
[Worker] k=5.676120 | MSE=14.0311 | Scale=310.1292 | 耗时=2268.8s
[Worker] k=5.258720 | MSE=44.9436 | Scale=317.9712 | 耗时=2269.4s
[Worker] k=4.719023 | MSE=53.6092 | Scale=319.5617 | 耗时=2270.3s
[Worker] k=3.039631 | MSE=45.4597 | Scale=308.2624 | 耗时=2271.7s
[Worker] k=5.589947 | MSE=97.9155 | Scale=323.4024 | 耗时=2274.6s
[Worker] k=8.297930 | MSE=71.9597 | Scale=332.2394 | 耗时=2274.8s
[Worker] k=9.146611 | MSE=42.7146 | Scale=326.4040 | 耗时=2275.9s
[Worker] k=10.621755 | MSE=158.6572 | Scale=332.3263 | 耗时=2276.6s
[Worker] k=6.299135 | MSE=48.7021 | Scale=321.2428 | 耗时=2276.7s
[Worker] k=7.794003 | MSE=46.1406 | Scale=328.0468 | 耗时=2277.1s
[Worker] k=9.089317 | MSE=60.0425 | Scale=324.6186 | 耗时=2278.0s
[Worker] k=7.633399 | MSE=110.7300 | Scale=325.6423 | 耗时=2278.2s
[Worker] k=3.553554 | MSE=32.1247 | Scale=314.1816 | 耗时=2278.5s
[Worker] k=7.902058 | MSE=48.3905 | Scale=311.6391 | 耗时=2278.6s
[Worker] k=5.176213 | MSE=29.4291 | Scale=323.5630 | 耗时=2278.7s
[Worker] k=9.266663 | MSE=83.3488 | Scale=314.7758 | 耗时=2280.3s
[Worker] k=8.728559 | MSE=12.2871 | Scale=315.6981 | 耗时=2281.9s
[Worker] k=6.505981 | MSE=148.2710 | Scale=326.4117 | 耗时=2282.0s
[Worker] k=7.647602 | MSE=63.5313 | Scale=331.0703 | 耗时=2282.1s
[Worker] k=8.359258 | MSE=97.2640 | Scale=328.7485 | 耗时=2282.2s
[Worker] k=8.854509 | MSE=78.9704 | Scale=328.4661 | 耗时=2282.8s
[Worker] k=8.700101 | MSE=59.7884 | Scale=317.3631 | 耗时=2283.3s
[Worker] k=6.721064 | MSE=37.3742 | Scale=318.1942 | 耗时=2284.5s
[Worker] k=7.245480 | MSE=39.5365 | Scale=317.2862 | 耗时=2284.6s
[Worker] k=6.850267 | MSE=57.3146 | Scale=317.7793 | 耗时=2286.0s
[Worker] k=7.847291 | MSE=90.3803 | Scale=322.2398 | 耗时=2287.3s
[Worker] k=7.499368 | MSE=44.7578 | Scale=318.5641 | 耗时=2287.9s
[Worker] k=4.670349 | MSE=110.5498 | Scale=324.2098 | 耗时=2288.3s
[Worker] k=8.490016 | MSE=41.0044 | Scale=322.1605 | 耗时=2288.5s
[Worker] k=5.260911 | MSE=76.5438 | Scale=328.4206 | 耗时=2288.8s
[Worker] k=7.118046 | MSE=83.5735 | Scale=329.9328 | 耗时=2289.0s
[Worker] k=6.972487 | MSE=91.9356 | Scale=328.0949 | 耗时=2289.0s
[Worker] k=7.928408 | MSE=95.9537 | Scale=330.9737 | 耗时=2289.1s
[Worker] k=9.692893 | MSE=52.1058 | Scale=326.5861 | 耗时=2289.9s
[Worker] k=8.896504 | MSE=42.5062 | Scale=328.6763 | 耗时=2290.1s
[Worker] k=6.896995 | MSE=30.9557 | Scale=334.7285 | 耗时=2290.3s
[Worker] k=5.305242 | MSE=77.3566 | Scale=320.7273 | 耗时=2290.7s
[Worker] k=3.800520 | MSE=50.5444 | Scale=328.2701 | 耗时=2292.5s
[Worker] k=5.343432 | MSE=44.0862 | Scale=320.5969 | 耗时=2292.9s
[Worker] k=6.632025 | MSE=64.5253 | Scale=317.8401 | 耗时=2294.4s
[Worker] k=9.949408 | MSE=91.7755 | Scale=323.8238 | 耗时=2295.0s
[Worker] k=5.927178 | MSE=94.8483 | Scale=318.5511 | 耗时=2296.0s
[Worker] k=9.603324 | MSE=154.5954 | Scale=337.2159 | 耗时=2297.3s
[Worker] k=8.343248 | MSE=111.8330 | Scale=340.8648 | 耗时=2297.7s
[Worker] k=7.186169 | MSE=74.4595 | Scale=314.1669 | 耗时=2298.7s
[Worker] k=7.056906 | MSE=34.5255 | Scale=321.7710 | 耗时=2299.9s
[Worker] k=6.714608 | MSE=84.0347 | Scale=322.2002 | 耗时=2300.6s
[Worker] k=4.578630 | MSE=45.8062 | Scale=320.5011 | 耗时=2302.0s
[Worker] k=9.649744 | MSE=94.1726 | Scale=338.9293 | 耗时=2304.2s
[Worker] k=8.023115 | MSE=57.6379 | Scale=323.4405 | 耗时=2304.6s
[Worker] k=3.297492 | MSE=164.3144 | Scale=337.0841 | 耗时=2305.2s
[Worker] k=7.490107 | MSE=68.6205 | Scale=317.9401 | 耗时=2306.0s
[Worker] k=6.419976 | MSE=155.6941 | Scale=338.5208 | 耗时=2306.3s
[Worker] k=5.768282 | MSE=34.3836 | Scale=311.0221 | 耗时=2308.4s
[Worker] k=9.219479 | MSE=69.2994 | Scale=303.2330 | 耗时=2308.4s
[Worker] k=6.616315 | MSE=58.3739 | Scale=322.5881 | 耗时=2308.7s
[Worker] k=6.551937 | MSE=69.2054 | Scale=326.3980 | 耗时=2311.2s
[Worker] k=4.872639 | MSE=49.6550 | Scale=310.1900 | 耗时=2311.3s[Worker] k=5.163773 | MSE=89.1577 | Scale=314.9926 | 耗时=2311.3s

[Worker] k=5.297704 | MSE=41.9526 | Scale=326.9059 | 耗时=2311.5s
[Worker] k=3.347814 | MSE=59.0213 | Scale=329.6052 | 耗时=2312.2s
[Worker] k=5.691843 | MSE=33.5539 | Scale=316.3764 | 耗时=2312.6s
[Worker] k=11.087805 | MSE=56.1477 | Scale=325.5367 | 耗时=2312.8s
[Worker] k=7.889543 | MSE=156.0955 | Scale=317.9024 | 耗时=2314.2s
[Worker] k=7.557389 | MSE=128.9336 | Scale=325.1635 | 耗时=2316.7s
[Worker] k=7.261146 | MSE=80.3216 | Scale=330.0075 | 耗时=2316.8s
[Worker] k=11.099510 | MSE=68.5880 | Scale=321.0923 | 耗时=2317.8s
[Worker] k=9.526914 | MSE=103.1714 | Scale=332.4230 | 耗时=2318.5s
[Worker] k=9.356249 | MSE=72.2968 | Scale=323.7492 | 耗时=2319.2s
[Worker] k=8.149776 | MSE=49.2720 | Scale=309.9043 | 耗时=2319.3s
[Worker] k=7.317801 | MSE=83.0547 | Scale=323.2645 | 耗时=2319.7s
[Worker] k=11.359281 | MSE=28.9163 | Scale=322.9546 | 耗时=2320.1s
[Worker] k=9.706978 | MSE=104.8829 | Scale=327.1191 | 耗时=2323.5s
[Worker] k=9.639086 | MSE=15.6058 | Scale=307.2932 | 耗时=2324.1s
[Worker] k=11.079487 | MSE=47.5228 | Scale=323.1345 | 耗时=2324.6s
[Worker] k=7.796663 | MSE=123.5516 | Scale=319.4246 | 耗时=2325.7s
[Worker] k=9.443993 | MSE=148.2231 | Scale=329.6830 | 耗时=2327.8s
[Worker] k=8.693556 | MSE=36.9046 | Scale=315.8480 | 耗时=2328.1s
[Worker] k=8.847859 | MSE=88.1050 | Scale=331.4431 | 耗时=2329.4s
[Worker] k=5.231988 | MSE=83.3788 | Scale=316.2877 | 耗时=2330.0s
[Worker] k=6.321636 | MSE=42.0582 | Scale=324.7432 | 耗时=2330.4s
[Worker] k=4.091541 | MSE=67.2469 | Scale=324.9685 | 耗时=2330.8s
[Worker] k=3.640025 | MSE=32.2424 | Scale=324.0640 | 耗时=2331.4s
[Worker] k=4.300109 | MSE=81.2366 | Scale=320.1157 | 耗时=2331.6s
[Worker] k=4.227328 | MSE=77.5145 | Scale=331.5197 | 耗时=2331.7s
[Worker] k=8.801391 | MSE=172.8416 | Scale=337.1455 | 耗时=2332.4s
[Worker] k=8.784979 | MSE=49.8704 | Scale=325.0975 | 耗时=2333.3s
[Worker] k=9.695005 | MSE=74.2722 | Scale=327.3489 | 耗时=2333.5s
[Worker] k=8.699013 | MSE=42.3568 | Scale=312.1298 | 耗时=2333.8s
[Worker] k=8.088654 | MSE=94.5145 | Scale=326.9954 | 耗时=2333.8s
[Worker] k=7.036400 | MSE=70.6109 | Scale=322.3005 | 耗时=2334.3s
[Worker] k=9.448344 | MSE=53.0592 | Scale=321.7677 | 耗时=2334.7s
[Worker] k=5.458937 | MSE=129.1719 | Scale=322.8882 | 耗时=2336.1s
[Worker] k=6.668191 | MSE=52.6069 | Scale=322.4339 | 耗时=2336.0s
[Worker] k=6.488243 | MSE=59.4279 | Scale=321.2521 | 耗时=2336.6s
[Worker] k=5.174673 | MSE=69.4886 | Scale=332.4717 | 耗时=2336.6s
[Worker] k=8.709164 | MSE=53.6305 | Scale=308.4945 | 耗时=2337.4s
[Worker] k=6.209958 | MSE=47.7348 | Scale=316.2339 | 耗时=2337.9s
[Worker] k=5.804942 | MSE=50.5301 | Scale=319.5512 | 耗时=2338.2s
[Worker] k=10.603931 | MSE=42.9288 | Scale=321.7040 | 耗时=2338.5s
[Worker] k=7.155072 | MSE=141.6287 | Scale=335.5481 | 耗时=2339.6s
[Worker] k=8.379576 | MSE=62.9530 | Scale=317.0401 | 耗时=2340.0s
[Worker] k=9.660688 | MSE=65.1315 | Scale=331.8112 | 耗时=2341.1s
[Worker] k=5.336323 | MSE=76.0817 | Scale=322.6838 | 耗时=2341.3s
[Worker] k=12.654471 | MSE=42.8614 | Scale=331.4549 | 耗时=2343.3s
[Worker] k=11.811112 | MSE=25.4393 | Scale=331.1830 | 耗时=2343.4s
[Worker] k=6.035703 | MSE=121.3159 | Scale=334.4032 | 耗时=2343.8s
[Worker] k=8.997626 | MSE=52.7470 | Scale=330.3767 | 耗时=2343.9s
[Worker] k=10.162810 | MSE=89.6078 | Scale=324.4610 | 耗时=2344.7s
[Worker] k=7.677342 | MSE=45.1472 | Scale=325.9656 | 耗时=2344.8s
[Worker] k=9.990016 | MSE=59.7093 | Scale=322.1178 | 耗时=2344.9s
[Worker] k=7.486968 | MSE=60.6867 | Scale=314.0785 | 耗时=2345.4s
[Worker] k=10.177070 | MSE=91.8813 | Scale=332.6623 | 耗时=2345.6s
[Worker] k=9.216465 | MSE=79.4698 | Scale=317.2988 | 耗时=2346.4s
[Worker] k=6.488058 | MSE=105.4616 | Scale=332.6780 | 耗时=2346.4s
[Worker] k=9.449445 | MSE=103.0749 | Scale=328.3734 | 耗时=2346.9s
[Worker] k=6.141066 | MSE=29.2278 | Scale=309.2443 | 耗时=2347.0s
[Worker] k=7.676242 | MSE=130.7370 | Scale=335.5379 | 耗时=2347.2s
[Worker] k=6.177844 | MSE=70.1667 | Scale=329.6234 | 耗时=2347.3s
[Worker] k=12.710626 | MSE=34.2436 | Scale=328.2408 | 耗时=2347.4s
[Worker] k=6.938779 | MSE=79.6798 | Scale=335.0813 | 耗时=2347.5s
[Worker] k=7.224880 | MSE=74.3535 | Scale=321.4218 | 耗时=2347.7s
[Worker] k=10.211509 | MSE=101.9772 | Scale=314.9478 | 耗时=2347.8s
[Worker] k=6.852092 | MSE=147.5380 | Scale=333.0915 | 耗时=2348.2s
[Worker] k=8.427885 | MSE=100.8521 | Scale=323.2296 | 耗时=2348.4s
[Worker] k=4.737674 | MSE=116.1099 | Scale=322.7853 | 耗时=2348.7s
[Worker] k=7.730250 | MSE=44.3315 | Scale=329.2837 | 耗时=2348.8s
[Worker] k=8.794968 | MSE=81.9489 | Scale=321.5603 | 耗时=2348.9s
[Worker] k=6.727189 | MSE=111.3103 | Scale=315.9344 | 耗时=2349.1s
[Worker] k=7.270282 | MSE=51.1988 | Scale=308.0626 | 耗时=2349.1s
[Worker] k=8.869634 | MSE=61.3043 | Scale=311.6480 | 耗时=2349.3s
[Worker] k=5.000935 | MSE=61.8370 | Scale=327.5709 | 耗时=2349.5s
[Worker] k=6.319797 | MSE=69.6676 | Scale=315.8721 | 耗时=2349.5s
[Worker] k=8.670530 | MSE=111.2389 | Scale=330.8352 | 耗时=2350.3s
[Worker] k=5.954309 | MSE=45.8119 | Scale=318.9400 | 耗时=2350.6s
[Worker] k=3.800010 | MSE=132.5408 | Scale=331.2690 | 耗时=2350.7s
[Worker] k=11.099510 | MSE=68.5880 | Scale=321.0923 | 耗时=2351.3s
[Worker] k=10.965958 | MSE=56.5305 | Scale=325.2352 | 耗时=2352.5s
[Worker] k=9.401389 | MSE=107.4368 | Scale=325.4177 | 耗时=2352.7s
[Worker] k=5.792213 | MSE=42.0408 | Scale=310.7102 | 耗时=2352.8s
[Worker] k=5.553835 | MSE=98.6823 | Scale=322.2569 | 耗时=2352.9s
[Worker] k=3.888185 | MSE=67.5178 | Scale=321.3748 | 耗时=2353.5s
[Worker] k=5.752772 | MSE=91.2397 | Scale=318.4127 | 耗时=2354.0s
[Worker] k=2.869414 | MSE=78.9643 | Scale=324.4611 | 耗时=2354.7s
[Worker] k=9.649937 | MSE=79.3875 | Scale=315.5408 | 耗时=2354.9s
[Worker] k=6.418098 | MSE=47.1595 | Scale=320.8508 | 耗时=2354.9s
[Worker] k=7.310717 | MSE=86.6384 | Scale=320.3786 | 耗时=2355.0s
[Worker] k=6.143909 | MSE=69.7057 | Scale=349.7479 | 耗时=2355.6s
[Worker] k=9.298840 | MSE=81.6634 | Scale=321.4755 | 耗时=2355.9s
[Worker] k=8.634044 | MSE=40.4177 | Scale=327.1357 | 耗时=2356.0s
[Worker] k=10.932721 | MSE=94.7147 | Scale=327.3771 | 耗时=2356.6s
[Worker] k=10.033176 | MSE=132.6063 | Scale=336.4422 | 耗时=2357.0s
[Worker] k=3.299320 | MSE=66.6227 | Scale=321.7999 | 耗时=2357.4s
[Worker] k=4.012882 | MSE=95.5760 | Scale=322.3287 | 耗时=2357.5s
[Worker] k=11.909484 | MSE=60.5229 | Scale=325.0932 | 耗时=2357.9s
[Worker] k=3.473612 | MSE=120.7160 | Scale=333.3756 | 耗时=2358.1s
[Worker] k=4.405672 | MSE=57.0462 | Scale=317.7763 | 耗时=2358.1s
[Worker] k=6.761701 | MSE=22.6244 | Scale=314.4950 | 耗时=2358.5s
[Worker] k=10.993441 | MSE=168.5865 | Scale=327.0844 | 耗时=2359.0s
[Worker] k=11.009760 | MSE=30.4099 | Scale=326.2471 | 耗时=2359.5s
[Worker] k=9.509317 | MSE=145.8634 | Scale=317.2342 | 耗时=2360.5s
[Worker] k=7.923027 | MSE=94.6822 | Scale=329.7642 | 耗时=2360.9s
[Worker] k=7.821845 | MSE=105.3708 | Scale=341.3455 | 耗时=2361.3s
[Worker] k=9.671063 | MSE=79.2378 | Scale=336.5704 | 耗时=2361.4s
[Worker] k=12.827439 | MSE=18.6732 | Scale=316.2524 | 耗时=2361.6s
[Worker] k=7.697797 | MSE=57.1007 | Scale=332.5169 | 耗时=2361.8s
[Worker] k=9.790920 | MSE=86.4792 | Scale=325.1552 | 耗时=2361.9s
[Worker] k=7.482844 | MSE=94.9618 | Scale=320.3011 | 耗时=2362.2s
[Worker] k=8.713843 | MSE=80.3472 | Scale=323.2937 | 耗时=2362.3s
[Worker] k=5.596234 | MSE=38.4688 | Scale=309.7059 | 耗时=2362.3s
[Worker] k=6.010440 | MSE=44.6986 | Scale=312.3585 | 耗时=2363.4s
[Worker] k=5.032044 | MSE=67.7204 | Scale=325.3803 | 耗时=2363.6s
[Worker] k=7.758515 | MSE=113.4181 | Scale=334.4553 | 耗时=2363.7s
[Worker] k=7.500317 | MSE=72.3056 | Scale=333.9500 | 耗时=2363.8s
[Worker] k=11.529079 | MSE=75.5198 | Scale=314.1187 | 耗时=2363.9s
differential_evolution step 12: f(x)= 10.077121552540337
[Worker] k=6.886671 | MSE=79.5092 | Scale=322.1494 | 耗时=2118.7s
[Worker] k=7.690986 | MSE=70.9601 | Scale=334.1911 | 耗时=2127.2s
[Worker] k=5.037024 | MSE=93.4481 | Scale=319.1871 | 耗时=2162.3s
[Worker] k=4.833019 | MSE=62.8795 | Scale=316.9180 | 耗时=2165.4s
[Worker] k=8.893994 | MSE=54.9840 | Scale=328.6009 | 耗时=2175.9s
[Worker] k=6.439579 | MSE=72.7244 | Scale=321.9803 | 耗时=2181.3s
[Worker] k=12.724452 | MSE=35.5452 | Scale=304.6702 | 耗时=2187.8s
[Worker] k=10.742398 | MSE=66.7274 | Scale=325.2730 | 耗时=2188.2s
[Worker] k=6.769550 | MSE=79.9043 | Scale=322.3315 | 耗时=2199.3s
[Worker] k=12.326781 | MSE=73.3154 | Scale=325.6716 | 耗时=2200.0s
[Worker] k=3.435775 | MSE=52.5743 | Scale=313.5578 | 耗时=2201.2s
[Worker] k=8.927031 | MSE=87.1215 | Scale=331.3437 | 耗时=2203.7s
[Worker] k=7.174159 | MSE=49.5652 | Scale=313.8450 | 耗时=2205.4s
[Worker] k=6.219040 | MSE=44.8984 | Scale=312.2656 | 耗时=2206.1s
[Worker] k=11.931644 | MSE=56.4148 | Scale=320.8004 | 耗时=2208.0s
[Worker] k=3.611549 | MSE=135.4091 | Scale=332.5117 | 耗时=2212.1s
[Worker] k=6.846232 | MSE=54.1058 | Scale=319.4687 | 耗时=2215.8s
[Worker] k=12.482782 | MSE=33.0827 | Scale=316.7420 | 耗时=2220.6s
[Worker] k=9.919189 | MSE=82.0800 | Scale=317.0416 | 耗时=2221.5s
[Worker] k=10.049799 | MSE=111.5054 | Scale=330.2564 | 耗时=2223.3s
[Worker] k=7.248370 | MSE=48.7886 | Scale=317.1783 | 耗时=2225.5s
[Worker] k=7.636979 | MSE=67.5118 | Scale=332.8066 | 耗时=2226.6s
[Worker] k=10.440280 | MSE=112.8869 | Scale=326.7016 | 耗时=2226.6s
[Worker] k=10.915858 | MSE=60.3605 | Scale=326.7461 | 耗时=2227.9s
[Worker] k=9.829463 | MSE=141.5717 | Scale=332.8488 | 耗时=2228.7s
[Worker] k=6.539183 | MSE=27.9057 | Scale=313.7390 | 耗时=2229.3s
[Worker] k=10.618399 | MSE=65.8265 | Scale=325.1186 | 耗时=2229.7s
[Worker] k=3.468412 | MSE=72.8427 | Scale=315.1024 | 耗时=2230.2s
[Worker] k=14.315941 | MSE=159.1820 | Scale=329.5453 | 耗时=2230.9s
[Worker] k=4.160443 | MSE=116.8998 | Scale=314.0482 | 耗时=2231.1s
[Worker] k=5.099245 | MSE=76.8721 | Scale=334.2817 | 耗时=2235.3s
[Worker] k=9.373147 | MSE=13.5186 | Scale=325.7513 | 耗时=2235.7s
[Worker] k=11.033884 | MSE=126.4682 | Scale=323.8678 | 耗时=2237.2s
[Worker] k=9.310690 | MSE=70.2692 | Scale=325.2110 | 耗时=2242.2s
[Worker] k=6.947442 | MSE=34.1524 | Scale=325.9026 | 耗时=2242.9s
[Worker] k=10.803390 | MSE=188.5531 | Scale=320.8269 | 耗时=2245.2s
[Worker] k=7.931337 | MSE=89.4326 | Scale=334.2825 | 耗时=2245.7s
[Worker] k=4.821067 | MSE=72.4699 | Scale=318.8715 | 耗时=2247.0s
[Worker] k=8.265978 | MSE=41.0368 | Scale=325.2954 | 耗时=2248.3s
[Worker] k=10.964857 | MSE=38.4195 | Scale=328.6780 | 耗时=2248.6s
[Worker] k=11.737467 | MSE=93.2080 | Scale=338.9084 | 耗时=2250.9s
[Worker] k=6.650563 | MSE=40.5819 | Scale=313.4582 | 耗时=2252.4s
[Worker] k=11.555080 | MSE=51.2487 | Scale=323.4732 | 耗时=2252.6s
[Worker] k=6.736249 | MSE=88.8533 | Scale=315.5481 | 耗时=2254.3s
[Worker] k=3.971962 | MSE=58.3197 | Scale=304.1120 | 耗时=2261.7s
[Worker] k=9.573220 | MSE=104.7554 | Scale=317.7382 | 耗时=2265.0s
[Worker] k=11.097869 | MSE=102.3289 | Scale=322.9201 | 耗时=2267.0s
[Worker] k=8.674386 | MSE=66.5059 | Scale=324.3308 | 耗时=2268.3s
[Worker] k=13.519346 | MSE=131.3272 | Scale=322.8314 | 耗时=2268.3s
[Worker] k=10.303305 | MSE=66.4926 | Scale=322.4603 | 耗时=2268.4s
[Worker] k=5.362537 | MSE=24.2769 | Scale=303.1102 | 耗时=2268.4s
[Worker] k=8.928280 | MSE=90.0010 | Scale=328.5151 | 耗时=2268.5s
[Worker] k=6.410031 | MSE=57.5958 | Scale=311.2690 | 耗时=2268.7s
[Worker] k=9.170309 | MSE=41.6935 | Scale=318.8913 | 耗时=2269.7s
[Worker] k=5.504056 | MSE=70.3907 | Scale=316.9905 | 耗时=2270.8s
[Worker] k=3.710830 | MSE=48.4621 | Scale=314.4608 | 耗时=2271.6s
[Worker] k=2.239032 | MSE=121.9444 | Scale=317.4081 | 耗时=2271.9s
[Worker] k=7.360602 | MSE=171.1520 | Scale=335.4398 | 耗时=2273.4s
[Worker] k=9.970548 | MSE=77.4327 | Scale=322.6365 | 耗时=2275.9s
[Worker] k=10.639161 | MSE=18.4179 | Scale=314.1986 | 耗时=2276.0s
[Worker] k=6.514850 | MSE=92.3855 | Scale=325.3059 | 耗时=2278.3s
[Worker] k=10.637680 | MSE=113.6414 | Scale=337.1046 | 耗时=2278.7s
[Worker] k=4.053872 | MSE=39.8051 | Scale=320.6070 | 耗时=2278.9s
[Worker] k=7.977221 | MSE=48.2959 | Scale=328.3491 | 耗时=2281.0s
[Worker] k=13.495283 | MSE=85.9213 | Scale=334.5619 | 耗时=2281.5s
[Worker] k=10.101616 | MSE=46.2012 | Scale=326.8441 | 耗时=2282.1s
[Worker] k=12.737258 | MSE=93.4082 | Scale=329.6663 | 耗时=2282.6s
[Worker] k=9.524346 | MSE=41.7013 | Scale=321.9218 | 耗时=2283.2s
[Worker] k=8.435181 | MSE=140.0857 | Scale=346.7057 | 耗时=2283.2s
[Worker] k=12.221183 | MSE=87.0135 | Scale=326.7914 | 耗时=2284.3s
[Worker] k=8.847033 | MSE=53.8805 | Scale=325.7714 | 耗时=2284.3s
[Worker] k=3.813830 | MSE=54.2077 | Scale=317.1243 | 耗时=2284.4s
[Worker] k=14.625009 | MSE=95.1719 | Scale=331.6861 | 耗时=2285.1s
[Worker] k=10.431523 | MSE=85.8265 | Scale=327.0390 | 耗时=2285.1s
[Worker] k=6.668219 | MSE=147.3676 | Scale=341.8684 | 耗时=2286.3s
[Worker] k=8.547701 | MSE=107.4154 | Scale=335.2188 | 耗时=2289.3s
[Worker] k=12.089732 | MSE=87.8780 | Scale=328.1066 | 耗时=2290.4s
[Worker] k=9.008764 | MSE=44.7830 | Scale=323.4093 | 耗时=2291.1s
[Worker] k=12.819376 | MSE=101.4575 | Scale=332.2351 | 耗时=2291.9s
[Worker] k=4.666250 | MSE=88.0072 | Scale=331.0655 | 耗时=2292.2s
[Worker] k=9.587579 | MSE=86.0683 | Scale=323.3061 | 耗时=2292.7s
[Worker] k=12.403239 | MSE=60.1538 | Scale=322.1422 | 耗时=2293.1s
[Worker] k=2.337565 | MSE=89.9404 | Scale=315.5338 | 耗时=2293.1s
[Worker] k=13.627792 | MSE=61.4484 | Scale=323.6365 | 耗时=2294.3s
[Worker] k=12.747210 | MSE=63.3820 | Scale=329.4118 | 耗时=2294.3s
[Worker] k=11.244737 | MSE=88.2132 | Scale=332.6435 | 耗时=2294.4s
[Worker] k=7.147476 | MSE=89.7017 | Scale=326.1218 | 耗时=2294.9s
[Worker] k=4.204240 | MSE=72.1572 | Scale=321.1174 | 耗时=2295.5s
[Worker] k=13.736704 | MSE=136.6148 | Scale=340.8284 | 耗时=2299.7s
[Worker] k=10.938707 | MSE=27.1802 | Scale=324.3883 | 耗时=2300.9s
[Worker] k=5.246338 | MSE=32.7993 | Scale=309.6544 | 耗时=2301.1s
[Worker] k=9.161768 | MSE=62.2326 | Scale=325.9771 | 耗时=2301.4s
[Worker] k=11.236376 | MSE=62.6799 | Scale=329.6083 | 耗时=2302.1s
[Worker] k=7.536361 | MSE=44.4385 | Scale=313.1081 | 耗时=2303.2s
[Worker] k=6.000177 | MSE=26.9600 | Scale=309.5647 | 耗时=2304.5s
[Worker] k=7.895119 | MSE=59.4613 | Scale=316.9500 | 耗时=2304.9s
[Worker] k=7.186759 | MSE=29.4780 | Scale=315.7158 | 耗时=2306.2s
[Worker] k=9.411600 | MSE=100.3272 | Scale=322.0248 | 耗时=2306.2s
[Worker] k=5.611960 | MSE=134.5085 | Scale=331.8949 | 耗时=2307.7s
[Worker] k=5.892917 | MSE=51.9954 | Scale=318.2969 | 耗时=2307.8s
[Worker] k=8.007187 | MSE=81.9579 | Scale=306.1831 | 耗时=2308.8s
[Worker] k=8.597128 | MSE=105.6874 | Scale=328.6477 | 耗时=2309.2s
[Worker] k=9.266559 | MSE=58.8202 | Scale=335.5285 | 耗时=2309.3s
[Worker] k=5.610203 | MSE=90.4389 | Scale=323.5499 | 耗时=2309.6s
[Worker] k=4.372467 | MSE=73.2087 | Scale=314.4456 | 耗时=2311.5s
[Worker] k=4.471094 | MSE=75.9156 | Scale=323.5987 | 耗时=2312.5s
[Worker] k=11.926888 | MSE=59.0098 | Scale=333.9131 | 耗时=2312.8s
[Worker] k=8.242086 | MSE=24.0489 | Scale=310.4146 | 耗时=2313.0s
[Worker] k=6.769417 | MSE=196.1676 | Scale=332.1892 | 耗时=2313.6s
[Worker] k=9.449190 | MSE=45.7532 | Scale=332.0596 | 耗时=2313.7s
[Worker] k=7.231632 | MSE=76.0967 | Scale=319.0041 | 耗时=2314.1s
[Worker] k=3.074268 | MSE=57.4313 | Scale=322.8489 | 耗时=2314.2s
[Worker] k=12.271686 | MSE=128.9504 | Scale=341.3920 | 耗时=2314.3s
[Worker] k=5.130819 | MSE=37.9102 | Scale=309.8427 | 耗时=2314.6s
[Worker] k=8.168604 | MSE=107.2105 | Scale=325.7945 | 耗时=2314.7s
[Worker] k=10.409465 | MSE=90.6926 | Scale=325.6117 | 耗时=2314.7s
[Worker] k=7.604805 | MSE=38.1838 | Scale=317.8690 | 耗时=2314.8s
[Worker] k=10.174142 | MSE=67.0628 | Scale=320.2061 | 耗时=2315.3s
[Worker] k=10.719556 | MSE=115.5769 | Scale=328.8909 | 耗时=2315.6s
[Worker] k=9.697194 | MSE=90.1106 | Scale=333.4383 | 耗时=2315.5s
[Worker] k=5.654203 | MSE=62.7762 | Scale=311.1867 | 耗时=2315.8s
[Worker] k=11.022201 | MSE=38.5568 | Scale=312.8040 | 耗时=2315.9s
[Worker] k=7.850544 | MSE=43.8376 | Scale=319.3760 | 耗时=2315.8s
[Worker] k=6.326782 | MSE=71.0385 | Scale=320.2589 | 耗时=2316.0s
[Worker] k=9.448986 | MSE=99.3847 | Scale=331.3554 | 耗时=2316.3s
[Worker] k=2.851507 | MSE=38.8116 | Scale=329.9271 | 耗时=2316.4s
[Worker] k=8.174778 | MSE=75.2319 | Scale=328.0372 | 耗时=2316.4s
[Worker] k=14.667125 | MSE=76.8629 | Scale=328.4065 | 耗时=2316.7s
[Worker] k=13.097582 | MSE=64.8945 | Scale=323.9489 | 耗时=2316.8s
[Worker] k=8.323607 | MSE=110.6612 | Scale=320.0833 | 耗时=2317.1s
[Worker] k=6.165053 | MSE=41.8281 | Scale=313.8341 | 耗时=2317.7s
[Worker] k=8.585762 | MSE=109.1337 | Scale=333.7201 | 耗时=2318.0s
[Worker] k=2.957554 | MSE=58.7147 | Scale=330.8106 | 耗时=2319.2s
[Worker] k=14.756029 | MSE=75.6442 | Scale=337.4553 | 耗时=2319.4s
[Worker] k=6.520380 | MSE=92.1831 | Scale=333.1399 | 耗时=2320.2s
[Worker] k=6.830184 | MSE=60.8848 | Scale=312.4599 | 耗时=2320.9s
[Worker] k=9.776080 | MSE=42.1309 | Scale=319.2259 | 耗时=2321.0s
[Worker] k=10.655452 | MSE=44.9038 | Scale=313.7647 | 耗时=2321.1s
[Worker] k=9.881882 | MSE=77.9695 | Scale=337.7944 | 耗时=2321.5s
[Worker] k=13.672785 | MSE=51.8000 | Scale=325.9214 | 耗时=2321.6s
[Worker] k=6.965124 | MSE=33.5244 | Scale=320.5694 | 耗时=2322.0s
[Worker] k=11.161832 | MSE=36.0104 | Scale=322.8292 | 耗时=2322.5s
[Worker] k=9.862876 | MSE=139.8088 | Scale=336.8141 | 耗时=2322.6s[Worker] k=10.179927 | MSE=17.3919 | Scale=324.9011 | 耗时=2322.6s[Worker] k=6.109987 | MSE=82.2285 | Scale=325.4223 | 耗时=2322.5s

[Worker] k=6.055450 | MSE=53.3614 | Scale=320.9313 | 耗时=2322.7s

[Worker] k=10.513047 | MSE=66.3481 | Scale=317.7392 | 耗时=2322.8s
[Worker] k=8.488731 | MSE=54.7725 | Scale=323.4848 | 耗时=2322.9s
[Worker] k=8.672810 | MSE=36.6574 | Scale=305.6876 | 耗时=2323.0s
[Worker] k=6.135186 | MSE=81.9738 | Scale=321.9598 | 耗时=2323.5s
[Worker] k=12.393832 | MSE=79.5910 | Scale=327.1320 | 耗时=2324.0s
[Worker] k=8.265960 | MSE=54.0370 | Scale=322.2768 | 耗时=2324.2s
[Worker] k=14.384270 | MSE=90.5399 | Scale=331.0886 | 耗时=2324.2s
[Worker] k=6.746994 | MSE=41.8989 | Scale=322.0437 | 耗时=2324.5s
[Worker] k=8.909762 | MSE=50.8495 | Scale=323.7281 | 耗时=2325.0s
[Worker] k=12.346167 | MSE=27.5062 | Scale=321.3360 | 耗时=2325.4s
[Worker] k=2.755644 | MSE=30.1863 | Scale=321.9109 | 耗时=2325.6s
[Worker] k=8.158844 | MSE=106.8448 | Scale=333.1410 | 耗时=2325.6s
[Worker] k=8.833045 | MSE=50.1142 | Scale=309.6334 | 耗时=2325.7s
[Worker] k=7.457268 | MSE=50.6105 | Scale=324.1134 | 耗时=2325.7s[Worker] k=4.672738 | MSE=89.2762 | Scale=324.4261 | 耗时=2325.8s

[Worker] k=9.199372 | MSE=81.8535 | Scale=324.9314 | 耗时=2325.8s
[Worker] k=3.272538 | MSE=121.4620 | Scale=321.3961 | 耗时=2326.1s
[Worker] k=11.324966 | MSE=111.6285 | Scale=328.8002 | 耗时=2326.7s
[Worker] k=6.818066 | MSE=40.0687 | Scale=331.4940 | 耗时=2327.2s
[Worker] k=11.718075 | MSE=87.5361 | Scale=325.2265 | 耗时=2327.9s
[Worker] k=12.800452 | MSE=139.4209 | Scale=346.5594 | 耗时=2327.9s
[Worker] k=6.996748 | MSE=30.0627 | Scale=316.2703 | 耗时=2327.9s
[Worker] k=11.679143 | MSE=94.0294 | Scale=329.5216 | 耗时=2328.3s
[Worker] k=8.076212 | MSE=128.4600 | Scale=328.9920 | 耗时=2329.2s
[Worker] k=4.540552 | MSE=42.7292 | Scale=306.9537 | 耗时=2330.1s
[Worker] k=9.361302 | MSE=79.6868 | Scale=320.6984 | 耗时=2330.1s
[Worker] k=3.061172 | MSE=34.2586 | Scale=322.8407 | 耗时=2330.8s[Worker] k=7.611051 | MSE=44.2273 | Scale=315.8023 | 耗时=2330.8s

[Worker] k=6.412045 | MSE=71.2576 | Scale=325.0470 | 耗时=2331.5s
[Worker] k=8.743507 | MSE=91.8315 | Scale=326.6826 | 耗时=2333.0s
[Worker] k=5.269427 | MSE=79.6947 | Scale=337.3011 | 耗时=2333.5s
[Worker] k=8.984066 | MSE=109.4342 | Scale=326.7723 | 耗时=2333.6s
[Worker] k=8.112095 | MSE=96.7235 | Scale=330.1157 | 耗时=2333.8s
[Worker] k=8.899776 | MSE=14.1330 | Scale=329.7587 | 耗时=2333.9s
[Worker] k=2.273628 | MSE=40.6186 | Scale=327.7884 | 耗时=2334.2s
[Worker] k=11.480949 | MSE=101.4398 | Scale=336.9973 | 耗时=2334.7s
[Worker] k=8.763949 | MSE=81.2585 | Scale=321.6048 | 耗时=2334.7s
[Worker] k=9.196002 | MSE=112.1191 | Scale=322.4248 | 耗时=2334.7s
[Worker] k=3.832835 | MSE=37.8132 | Scale=305.7354 | 耗时=2335.1s
[Worker] k=8.513714 | MSE=52.6332 | Scale=315.2089 | 耗时=2335.1s
[Worker] k=9.871112 | MSE=38.8707 | Scale=313.5295 | 耗时=2335.3s
[Worker] k=6.887295 | MSE=44.4634 | Scale=331.8319 | 耗时=2335.5s
[Worker] k=10.545492 | MSE=47.8251 | Scale=322.5002 | 耗时=2335.9s
[Worker] k=14.685196 | MSE=128.7932 | Scale=341.1934 | 耗时=2336.0s
[Worker] k=9.199685 | MSE=122.2595 | Scale=322.5999 | 耗时=2336.6s
[Worker] k=10.554051 | MSE=95.2850 | Scale=313.1438 | 耗时=2336.7s
[Worker] k=5.294457 | MSE=106.7829 | Scale=320.3093 | 耗时=2337.1s
[Worker] k=11.399531 | MSE=50.9329 | Scale=323.9195 | 耗时=2337.2s
[Worker] k=7.132505 | MSE=37.1287 | Scale=314.8745 | 耗时=2337.6s
[Worker] k=4.034681 | MSE=62.6385 | Scale=327.9207 | 耗时=2337.7s
[Worker] k=8.669334 | MSE=54.5572 | Scale=324.0164 | 耗时=2338.3s
[Worker] k=6.944412 | MSE=87.0828 | Scale=324.5090 | 耗时=2338.4s
[Worker] k=5.441308 | MSE=96.4787 | Scale=320.0911 | 耗时=2338.5s
[Worker] k=8.544228 | MSE=70.6269 | Scale=338.3842 | 耗时=2338.6s
[Worker] k=9.136127 | MSE=96.7403 | Scale=318.2323 | 耗时=2338.8s
[Worker] k=10.221766 | MSE=57.7137 | Scale=312.8643 | 耗时=2339.2s
[Worker] k=5.629855 | MSE=52.5988 | Scale=316.2567 | 耗时=2339.6s
[Worker] k=4.134905 | MSE=107.2393 | Scale=327.3789 | 耗时=2340.0s
[Worker] k=7.226641 | MSE=113.0847 | Scale=316.5554 | 耗时=2340.1s
[Worker] k=13.482724 | MSE=110.9400 | Scale=337.9421 | 耗时=2341.2s
[Worker] k=5.922954 | MSE=63.1076 | Scale=315.4504 | 耗时=2341.3s
[Worker] k=10.956267 | MSE=27.6296 | Scale=319.7884 | 耗时=2341.3s
[Worker] k=6.607492 | MSE=116.2013 | Scale=337.2410 | 耗时=2341.4s[Worker] k=8.031852 | MSE=54.5834 | Scale=328.1144 | 耗时=2341.3s

[Worker] k=14.651718 | MSE=75.3074 | Scale=328.4764 | 耗时=2342.2s
[Worker] k=8.675167 | MSE=24.1970 | Scale=307.3430 | 耗时=2342.4s
[Worker] k=8.024150 | MSE=130.8680 | Scale=322.3951 | 耗时=2342.5s
[Worker] k=6.218781 | MSE=46.7657 | Scale=322.8475 | 耗时=2342.5s
[Worker] k=8.959885 | MSE=108.3474 | Scale=329.0760 | 耗时=2342.7s
[Worker] k=8.689786 | MSE=64.4221 | Scale=319.1003 | 耗时=2342.8s
[Worker] k=7.854986 | MSE=49.3042 | Scale=312.6985 | 耗时=2343.0s
[Worker] k=3.444394 | MSE=46.8730 | Scale=319.5699 | 耗时=2343.1s
[Worker] k=6.550063 | MSE=89.5935 | Scale=319.4559 | 耗时=2343.3s
[Worker] k=5.610172 | MSE=93.5088 | Scale=320.4869 | 耗时=2343.8s
[Worker] k=8.537657 | MSE=82.9565 | Scale=327.6039 | 耗时=2344.0s
[Worker] k=5.276125 | MSE=160.8745 | Scale=336.5139 | 耗时=2344.2s
[Worker] k=9.385493 | MSE=52.2294 | Scale=327.3301 | 耗时=2344.8s
[Worker] k=9.585234 | MSE=36.5307 | Scale=320.8260 | 耗时=2344.7s
[Worker] k=7.277901 | MSE=119.4321 | Scale=330.1415 | 耗时=2344.7s
[Worker] k=10.578012 | MSE=84.4366 | Scale=325.7418 | 耗时=2345.0s
[Worker] k=5.073040 | MSE=46.1620 | Scale=311.6663 | 耗时=2345.5s
[Worker] k=9.164301 | MSE=62.0195 | Scale=314.4833 | 耗时=2345.7s
[Worker] k=4.098768 | MSE=68.7116 | Scale=304.5036 | 耗时=2346.2s
[Worker] k=8.032002 | MSE=56.0948 | Scale=318.3666 | 耗时=2346.3s
[Worker] k=8.686896 | MSE=55.0002 | Scale=330.1906 | 耗时=2346.4s
[Worker] k=5.666020 | MSE=62.6567 | Scale=331.8313 | 耗时=2346.5s
[Worker] k=8.523245 | MSE=142.0062 | Scale=329.5612 | 耗时=2346.5s
[Worker] k=12.216019 | MSE=149.4537 | Scale=338.0111 | 耗时=2346.6s
[Worker] k=6.777637 | MSE=109.0239 | Scale=333.7108 | 耗时=2346.7s
[Worker] k=8.950538 | MSE=31.0530 | Scale=308.4785 | 耗时=2346.8s
[Worker] k=10.638846 | MSE=83.1105 | Scale=326.3128 | 耗时=2346.9s
[Worker] k=11.983141 | MSE=74.8618 | Scale=321.9473 | 耗时=2347.0s
[Worker] k=7.691364 | MSE=30.6824 | Scale=315.6935 | 耗时=2347.0s
[Worker] k=7.914589 | MSE=80.9635 | Scale=328.2740 | 耗时=2347.2s
[Worker] k=9.695848 | MSE=42.1442 | Scale=315.1068 | 耗时=2347.3s
[Worker] k=7.246397 | MSE=31.1912 | Scale=321.0232 | 耗时=2347.3s
[Worker] k=13.430813 | MSE=55.7296 | Scale=336.0909 | 耗时=2347.4s
[Worker] k=6.759476 | MSE=93.0671 | Scale=330.4559 | 耗时=2347.5s
[Worker] k=9.295436 | MSE=54.0898 | Scale=333.0286 | 耗时=2347.6s
[Worker] k=8.342600 | MSE=96.1497 | Scale=318.2734 | 耗时=2347.9s
[Worker] k=10.761964 | MSE=59.3842 | Scale=333.2649 | 耗时=2349.2s
[Worker] k=8.482914 | MSE=30.5231 | Scale=323.8907 | 耗时=2349.4s
[Worker] k=11.007919 | MSE=52.5883 | Scale=326.1861 | 耗时=2350.3s
[Worker] k=6.441588 | MSE=73.5809 | Scale=325.3458 | 耗时=2350.7s
[Worker] k=14.232133 | MSE=52.4527 | Scale=319.5781 | 耗时=2350.9s
[Worker] k=7.714414 | MSE=34.0184 | Scale=319.0208 | 耗时=2351.1s
[Worker] k=10.127352 | MSE=68.8905 | Scale=328.8013 | 耗时=2351.3s
[Worker] k=6.055577 | MSE=133.4487 | Scale=327.9157 | 耗时=2351.3s
[Worker] k=9.624011 | MSE=85.5424 | Scale=317.9214 | 耗时=2351.4s
[Worker] k=2.727052 | MSE=103.3910 | Scale=324.4453 | 耗时=2351.4s
differential_evolution step 13: f(x)= 10.077121552540337
[Worker] k=5.817202 | MSE=71.6315 | Scale=337.9119 | 耗时=2067.9s
[Worker] k=9.894289 | MSE=61.1031 | Scale=325.0431 | 耗时=2104.9s
[Worker] k=3.085234 | MSE=83.2907 | Scale=323.6939 | 耗时=2108.0s
[Worker] k=8.930478 | MSE=48.5040 | Scale=323.6641 | 耗时=2122.2s
[Worker] k=10.492017 | MSE=92.2680 | Scale=342.1616 | 耗时=2129.4s
[Worker] k=11.412512 | MSE=44.5931 | Scale=320.5279 | 耗时=2129.7s
[Worker] k=4.319635 | MSE=110.6740 | Scale=322.1015 | 耗时=2129.8s
[Worker] k=11.112482 | MSE=106.4787 | Scale=335.7585 | 耗时=2141.3s
[Worker] k=6.512949 | MSE=66.7172 | Scale=321.1734 | 耗时=2143.2s
[Worker] k=9.447612 | MSE=29.6471 | Scale=325.7377 | 耗时=2144.5s
[Worker] k=8.022986 | MSE=72.9660 | Scale=318.9009 | 耗时=2147.7s
[Worker] k=4.631997 | MSE=75.9986 | Scale=330.1143 | 耗时=2152.9s
[Worker] k=11.776975 | MSE=110.2349 | Scale=328.5645 | 耗时=2162.4s
[Worker] k=9.805053 | MSE=58.6510 | Scale=309.4538 | 耗时=2166.8s
[Worker] k=8.493691 | MSE=33.3567 | Scale=325.1906 | 耗时=2170.3s
[Worker] k=4.728099 | MSE=57.7820 | Scale=326.7040 | 耗时=2176.9s
[Worker] k=4.047891 | MSE=96.8018 | Scale=318.9190 | 耗时=2191.2s
[Worker] k=12.891278 | MSE=80.4494 | Scale=334.7315 | 耗时=2191.8s
[Worker] k=7.394712 | MSE=40.9691 | Scale=326.7275 | 耗时=2193.4s
[Worker] k=8.956519 | MSE=102.9153 | Scale=336.4681 | 耗时=2194.2s
[Worker] k=9.151635 | MSE=67.1870 | Scale=324.1483 | 耗时=2195.8s
[Worker] k=8.981063 | MSE=86.9932 | Scale=325.7135 | 耗时=2200.6s
[Worker] k=11.464454 | MSE=125.1829 | Scale=328.1087 | 耗时=2207.9s
[Worker] k=6.300069 | MSE=80.3144 | Scale=330.4732 | 耗时=2208.0s
[Worker] k=4.608077 | MSE=22.1218 | Scale=307.0867 | 耗时=2210.1s
[Worker] k=6.912896 | MSE=70.5777 | Scale=320.1390 | 耗时=2213.1s
[Worker] k=11.338927 | MSE=38.0038 | Scale=332.8506 | 耗时=2214.0s
[Worker] k=9.373220 | MSE=39.3934 | Scale=311.5010 | 耗时=2214.2s
[Worker] k=7.124955 | MSE=18.5227 | Scale=328.3586 | 耗时=2218.5s
[Worker] k=7.495286 | MSE=72.5146 | Scale=323.5251 | 耗时=2219.2s
[Worker] k=4.797624 | MSE=80.3878 | Scale=339.3028 | 耗时=2221.1s
[Worker] k=4.102699 | MSE=112.3697 | Scale=326.1044 | 耗时=2221.3s
[Worker] k=2.480391 | MSE=85.8601 | Scale=329.6534 | 耗时=2225.7s
[Worker] k=11.916523 | MSE=37.4940 | Scale=326.1946 | 耗时=2226.2s
[Worker] k=6.226353 | MSE=78.5326 | Scale=334.5232 | 耗时=2227.3s
[Worker] k=10.930589 | MSE=31.6929 | Scale=308.6119 | 耗时=2230.2s
[Worker] k=2.527890 | MSE=60.3624 | Scale=312.2979 | 耗时=2230.7s
[Worker] k=14.162685 | MSE=76.3598 | Scale=332.3697 | 耗时=2232.8s
[Worker] k=8.011168 | MSE=46.0735 | Scale=322.6533 | 耗时=2236.0s
[Worker] k=3.462563 | MSE=55.0770 | Scale=314.7236 | 耗时=2239.8s
[Worker] k=13.198836 | MSE=109.7769 | Scale=325.9310 | 耗时=2245.5s
[Worker] k=10.299724 | MSE=39.0810 | Scale=319.9687 | 耗时=2245.5s
[Worker] k=9.727310 | MSE=25.5869 | Scale=321.0427 | 耗时=2246.7s
[Worker] k=9.054384 | MSE=92.3621 | Scale=325.4284 | 耗时=2247.2s
[Worker] k=13.586687 | MSE=41.8004 | Scale=330.2778 | 耗时=2247.7s
[Worker] k=3.818344 | MSE=55.7596 | Scale=313.2136 | 耗时=2253.2s
[Worker] k=4.789060 | MSE=79.9900 | Scale=320.6135 | 耗时=2254.3s
[Worker] k=9.494954 | MSE=32.7710 | Scale=310.1133 | 耗时=2254.4s
[Worker] k=14.732142 | MSE=41.8753 | Scale=326.3322 | 耗时=2256.0s
[Worker] k=12.825024 | MSE=129.5803 | Scale=331.0789 | 耗时=2256.1s
[Worker] k=9.804830 | MSE=149.7471 | Scale=332.8155 | 耗时=2259.8s
[Worker] k=7.606430 | MSE=107.5503 | Scale=318.6778 | 耗时=2261.0s
[Worker] k=2.867272 | MSE=22.8003 | Scale=317.5679 | 耗时=2262.6s
[Worker] k=11.880214 | MSE=68.3148 | Scale=345.2557 | 耗时=2263.9s
[Worker] k=4.473006 | MSE=104.9973 | Scale=322.7244 | 耗时=2264.0s
[Worker] k=7.665536 | MSE=94.6043 | Scale=322.0849 | 耗时=2264.3s
[Worker] k=8.378877 | MSE=31.7275 | Scale=319.5471 | 耗时=2264.6s
[Worker] k=5.669878 | MSE=83.9210 | Scale=313.9178 | 耗时=2264.9s
[Worker] k=5.671402 | MSE=63.1671 | Scale=329.1588 | 耗时=2267.0s
[Worker] k=11.926744 | MSE=65.8856 | Scale=334.5708 | 耗时=2267.1s
[Worker] k=4.875024 | MSE=108.2634 | Scale=322.6908 | 耗时=2267.5s
[Worker] k=9.753443 | MSE=114.9023 | Scale=331.5540 | 耗时=2268.6s
[Worker] k=10.084982 | MSE=41.7489 | Scale=316.3315 | 耗时=2268.7s
[Worker] k=12.226145 | MSE=68.1237 | Scale=328.5883 | 耗时=2269.2s
[Worker] k=6.071804 | MSE=19.9115 | Scale=311.4405 | 耗时=2271.6s
[Worker] k=8.143452 | MSE=23.9576 | Scale=318.8350 | 耗时=2272.5s
[Worker] k=11.237279 | MSE=121.0477 | Scale=344.6769 | 耗时=2273.4s
[Worker] k=8.200760 | MSE=138.4949 | Scale=327.6023 | 耗时=2275.2s
[Worker] k=9.719805 | MSE=43.3623 | Scale=313.1167 | 耗时=2275.8s
[Worker] k=13.225360 | MSE=38.2608 | Scale=326.6799 | 耗时=2275.9s
[Worker] k=4.443972 | MSE=19.8770 | Scale=312.9671 | 耗时=2277.0s
[Worker] k=3.519191 | MSE=85.3885 | Scale=320.6507 | 耗时=2278.1s
[Worker] k=10.220655 | MSE=45.4626 | Scale=327.2857 | 耗时=2279.1s
[Worker] k=6.716274 | MSE=70.0514 | Scale=319.0420 | 耗时=2279.9s
[Worker] k=10.432839 | MSE=94.3045 | Scale=330.1859 | 耗时=2279.8s
[Worker] k=5.764270 | MSE=16.7800 | Scale=312.6515 | 耗时=2281.5s
[Worker] k=9.862184 | MSE=43.5964 | Scale=326.3400 | 耗时=2281.8s
[Worker] k=5.714414 | MSE=86.6124 | Scale=325.5958 | 耗时=2283.5s
[Worker] k=6.356585 | MSE=48.4619 | Scale=329.0506 | 耗时=2284.4s
[Worker] k=7.257102 | MSE=86.0043 | Scale=329.8462 | 耗时=2284.4s
[Worker] k=8.336763 | MSE=95.8373 | Scale=322.0047 | 耗时=2287.2s
[Worker] k=9.233478 | MSE=93.4073 | Scale=314.0824 | 耗时=2288.2s
[Worker] k=8.193811 | MSE=72.2044 | Scale=318.1135 | 耗时=2288.6s
[Worker] k=11.442999 | MSE=62.1561 | Scale=325.2925 | 耗时=2288.7s
[Worker] k=4.555805 | MSE=79.1020 | Scale=324.8694 | 耗时=2289.0s
[Worker] k=5.530426 | MSE=72.3259 | Scale=317.4681 | 耗时=2289.0s
[Worker] k=9.121989 | MSE=49.7392 | Scale=315.8771 | 耗时=2289.8s
[Worker] k=10.560349 | MSE=94.1219 | Scale=323.9077 | 耗时=2290.1s
[Worker] k=3.894089 | MSE=62.9547 | Scale=325.5611 | 耗时=2290.2s
[Worker] k=8.879377 | MSE=37.6565 | Scale=327.0844 | 耗时=2290.4s
[Worker] k=6.542926 | MSE=50.9430 | Scale=320.8871 | 耗时=2290.7s
[Worker] k=11.807228 | MSE=38.0398 | Scale=323.5398 | 耗时=2291.6s
[Worker] k=6.395358 | MSE=92.7004 | Scale=327.9514 | 耗时=2291.8s
[Worker] k=9.396342 | MSE=41.4043 | Scale=323.2440 | 耗时=2291.8s
[Worker] k=9.055029 | MSE=152.0147 | Scale=342.5386 | 耗时=2292.5s
[Worker] k=4.815655 | MSE=74.4735 | Scale=331.7596 | 耗时=2294.9s
[Worker] k=10.242937 | MSE=43.1364 | Scale=324.7492 | 耗时=2296.1s
[Worker] k=12.874587 | MSE=42.9556 | Scale=320.5355 | 耗时=2296.1s
[Worker] k=8.241388 | MSE=52.8477 | Scale=318.3771 | 耗时=2296.8s
[Worker] k=7.608163 | MSE=79.2316 | Scale=328.6439 | 耗时=2298.0s
[Worker] k=6.780983 | MSE=39.9754 | Scale=320.6990 | 耗时=2298.0s
[Worker] k=10.062249 | MSE=77.2299 | Scale=329.6381 | 耗时=2298.3s
[Worker] k=9.619768 | MSE=35.9041 | Scale=322.9908 | 耗时=2298.5s
[Worker] k=8.150940 | MSE=36.0749 | Scale=315.3428 | 耗时=2299.3s
[Worker] k=7.870429 | MSE=124.9554 | Scale=324.4553 | 耗时=2299.9s
[Worker] k=9.224298 | MSE=83.5844 | Scale=338.8080 | 耗时=2300.7s
[Worker] k=4.588309 | MSE=63.1753 | Scale=318.5661 | 耗时=2301.4s
[Worker] k=5.793197 | MSE=94.1792 | Scale=317.7693 | 耗时=2301.4s
[Worker] k=11.252130 | MSE=35.0173 | Scale=334.2828 | 耗时=2302.3s
[Worker] k=8.201227 | MSE=99.5363 | Scale=328.9047 | 耗时=2304.9s[Worker] k=6.183893 | MSE=78.5143 | Scale=321.2438 | 耗时=2304.9s

[Worker] k=4.931617 | MSE=36.0675 | Scale=316.4331 | 耗时=2305.6s
[Worker] k=9.159507 | MSE=40.2907 | Scale=320.4452 | 耗时=2306.1s
[Worker] k=8.406881 | MSE=100.2867 | Scale=341.6743 | 耗时=2306.3s
[Worker] k=9.545439 | MSE=35.9859 | Scale=331.1742 | 耗时=2307.5s
[Worker] k=7.472071 | MSE=53.6415 | Scale=320.9005 | 耗时=2307.9s
[Worker] k=9.542943 | MSE=93.8274 | Scale=324.1224 | 耗时=2308.5s
[Worker] k=9.500027 | MSE=71.4441 | Scale=312.8496 | 耗时=2309.9s
[Worker] k=6.566514 | MSE=76.8321 | Scale=328.9528 | 耗时=2310.1s
[Worker] k=7.800994 | MSE=177.4783 | Scale=334.3510 | 耗时=2310.9s
[Worker] k=8.539996 | MSE=64.3784 | Scale=325.8898 | 耗时=2311.3s
[Worker] k=3.605437 | MSE=146.6299 | Scale=325.8251 | 耗时=2312.2s
[Worker] k=5.614542 | MSE=26.3322 | Scale=326.8689 | 耗时=2312.4s
[Worker] k=11.305297 | MSE=66.6867 | Scale=320.9685 | 耗时=2312.6s
[Worker] k=8.307892 | MSE=55.4694 | Scale=305.9274 | 耗时=2313.3s
[Worker] k=3.475692 | MSE=69.3761 | Scale=320.7889 | 耗时=2313.5s
[Worker] k=5.365907 | MSE=73.4330 | Scale=316.6464 | 耗时=2313.7s
[Worker] k=7.149377 | MSE=86.2030 | Scale=326.9497 | 耗时=2314.4s
[Worker] k=13.129542 | MSE=87.5076 | Scale=314.3528 | 耗时=2314.7s
[Worker] k=9.283720 | MSE=67.1707 | Scale=330.6833 | 耗时=2314.9s
[Worker] k=6.087623 | MSE=75.3027 | Scale=326.8075 | 耗时=2315.0s
[Worker] k=7.744833 | MSE=129.1641 | Scale=319.2453 | 耗时=2316.6s
[Worker] k=12.706150 | MSE=102.1031 | Scale=314.8513 | 耗时=2316.6s
[Worker] k=7.578213 | MSE=87.0751 | Scale=319.7655 | 耗时=2317.1s
[Worker] k=9.192233 | MSE=108.2056 | Scale=323.4743 | 耗时=2317.8s
[Worker] k=8.589116 | MSE=27.7634 | Scale=314.5312 | 耗时=2318.1s
[Worker] k=5.359146 | MSE=62.7132 | Scale=323.5825 | 耗时=2319.2s
[Worker] k=4.448689 | MSE=151.1075 | Scale=326.9836 | 耗时=2320.3s
[Worker] k=11.285674 | MSE=33.4380 | Scale=319.3989 | 耗时=2320.6s
[Worker] k=10.975614 | MSE=59.8980 | Scale=319.8567 | 耗时=2320.9s
[Worker] k=9.020840 | MSE=113.0459 | Scale=316.5472 | 耗时=2321.1s
[Worker] k=3.895670 | MSE=33.6094 | Scale=308.8549 | 耗时=2321.2s
[Worker] k=7.785380 | MSE=66.7364 | Scale=326.6757 | 耗时=2321.6s
[Worker] k=3.496154 | MSE=70.1650 | Scale=323.7381 | 耗时=2322.6s
[Worker] k=4.187753 | MSE=51.6900 | Scale=320.4012 | 耗时=2323.1s
[Worker] k=8.769506 | MSE=79.8565 | Scale=325.0768 | 耗时=2323.2s
[Worker] k=12.318489 | MSE=73.5442 | Scale=347.5158 | 耗时=2324.4s
[Worker] k=8.873256 | MSE=81.4318 | Scale=327.1080 | 耗时=2324.7s
[Worker] k=13.384762 | MSE=147.5016 | Scale=333.6822 | 耗时=2325.9s
[Worker] k=5.218645 | MSE=99.8053 | Scale=325.4502 | 耗时=2326.1s
[Worker] k=9.101903 | MSE=71.3346 | Scale=321.1244 | 耗时=2327.8s
[Worker] k=4.467184 | MSE=88.2529 | Scale=326.1930 | 耗时=2328.0s
[Worker] k=5.865630 | MSE=119.9094 | Scale=324.0258 | 耗时=2328.3s
[Worker] k=12.474011 | MSE=60.4393 | Scale=342.7934 | 耗时=2329.0s
[Worker] k=6.292058 | MSE=49.0104 | Scale=326.5602 | 耗时=2329.5s
[Worker] k=9.963927 | MSE=47.8681 | Scale=328.8490 | 耗时=2330.6s
[Worker] k=7.865861 | MSE=48.0691 | Scale=307.5207 | 耗时=2330.7s
[Worker] k=7.785399 | MSE=102.7125 | Scale=329.2823 | 耗时=2331.3s
[Worker] k=9.111267 | MSE=20.6651 | Scale=308.2827 | 耗时=2331.5s
[Worker] k=7.321731 | MSE=51.8287 | Scale=309.3737 | 耗时=2331.7s
[Worker] k=10.027739 | MSE=146.0198 | Scale=332.4357 | 耗时=2332.4s
[Worker] k=7.253266 | MSE=93.0398 | Scale=330.9079 | 耗时=2332.5s
[Worker] k=11.127397 | MSE=54.9366 | Scale=326.1469 | 耗时=2333.3s
[Worker] k=3.418480 | MSE=94.0142 | Scale=325.6775 | 耗时=2333.7s
[Worker] k=6.179567 | MSE=129.9959 | Scale=334.9763 | 耗时=2333.8s
[Worker] k=10.138741 | MSE=55.3727 | Scale=313.7657 | 耗时=2333.7s
[Worker] k=4.110516 | MSE=121.7488 | Scale=326.7178 | 耗时=2333.7s
[Worker] k=9.591751 | MSE=118.7701 | Scale=320.2336 | 耗时=2333.9s
[Worker] k=9.080917 | MSE=34.9559 | Scale=317.4063 | 耗时=2334.1s
[Worker] k=7.861039 | MSE=71.4883 | Scale=333.8586 | 耗时=2335.1s
[Worker] k=12.442289 | MSE=76.9905 | Scale=329.1143 | 耗时=2336.1s
[Worker] k=8.105505 | MSE=97.6063 | Scale=323.6628 | 耗时=2336.3s
[Worker] k=5.153044 | MSE=92.7024 | Scale=310.3045 | 耗时=2337.7s
[Worker] k=11.418668 | MSE=71.3598 | Scale=316.7395 | 耗时=2337.9s
[Worker] k=8.862259 | MSE=79.0431 | Scale=339.5121 | 耗时=2338.2s
[Worker] k=8.696441 | MSE=53.8222 | Scale=338.5283 | 耗时=2338.4s
[Worker] k=13.716173 | MSE=87.3000 | Scale=327.9526 | 耗时=2338.4s
[Worker] k=9.789603 | MSE=71.0624 | Scale=324.8138 | 耗时=2338.6s
[Worker] k=11.586280 | MSE=103.4737 | Scale=338.6937 | 耗时=2338.6s
[Worker] k=7.753922 | MSE=39.2109 | Scale=313.9072 | 耗时=2339.0s
[Worker] k=8.609001 | MSE=42.0183 | Scale=308.7865 | 耗时=2339.0s
[Worker] k=8.011096 | MSE=46.6744 | Scale=312.1778 | 耗时=2339.3s
[Worker] k=8.602846 | MSE=97.9959 | Scale=334.2155 | 耗时=2339.5s
[Worker] k=3.057990 | MSE=24.1789 | Scale=309.8747 | 耗时=2339.6s
[Worker] k=7.530201 | MSE=42.5782 | Scale=324.0123 | 耗时=2339.8s
[Worker] k=8.117449 | MSE=95.7825 | Scale=334.0961 | 耗时=2340.6s
[Worker] k=7.795014 | MSE=154.9143 | Scale=322.4355 | 耗时=2340.6s
[Worker] k=7.841874 | MSE=55.8611 | Scale=329.1033 | 耗时=2341.3s
[Worker] k=8.510470 | MSE=81.2032 | Scale=329.5309 | 耗时=2341.3s
[Worker] k=7.587112 | MSE=87.4711 | Scale=330.2728 | 耗时=2342.2s
[Worker] k=7.681369 | MSE=32.1811 | Scale=333.4568 | 耗时=2342.4s
[Worker] k=7.609875 | MSE=74.5393 | Scale=336.5939 | 耗时=2342.6s
[Worker] k=5.774931 | MSE=75.6360 | Scale=319.7400 | 耗时=2342.6s
[Worker] k=2.259113 | MSE=59.8572 | Scale=324.1657 | 耗时=2343.3s
[Worker] k=4.498644 | MSE=62.6572 | Scale=310.0461 | 耗时=2343.5s
[Worker] k=7.649845 | MSE=130.4499 | Scale=324.9520 | 耗时=2344.0s
[Worker] k=10.355055 | MSE=90.8947 | Scale=317.7965 | 耗时=2344.1s
[Worker] k=5.070600 | MSE=97.0563 | Scale=323.5304 | 耗时=2344.1s
[Worker] k=3.555143 | MSE=61.6179 | Scale=320.5856 | 耗时=2344.1s
[Worker] k=6.383960 | MSE=46.5074 | Scale=326.0334 | 耗时=2345.3s
[Worker] k=11.545218 | MSE=64.8259 | Scale=330.0102 | 耗时=2345.5s
[Worker] k=7.891408 | MSE=56.9280 | Scale=319.2324 | 耗时=2345.9s
[Worker] k=4.367691 | MSE=74.3294 | Scale=327.7896 | 耗时=2345.9s
[Worker] k=7.236292 | MSE=30.1253 | Scale=313.3849 | 耗时=2346.2s
[Worker] k=8.742952 | MSE=58.4419 | Scale=317.6880 | 耗时=2346.9s
[Worker] k=8.864626 | MSE=53.3072 | Scale=331.9455 | 耗时=2347.7s
[Worker] k=8.057853 | MSE=125.6944 | Scale=334.8529 | 耗时=2347.8s
[Worker] k=4.970708 | MSE=70.9481 | Scale=324.6912 | 耗时=2348.1s
[Worker] k=9.173110 | MSE=53.8602 | Scale=318.3390 | 耗时=2348.7s
[Worker] k=8.322846 | MSE=137.1387 | Scale=326.2712 | 耗时=2349.1s
[Worker] k=4.987023 | MSE=117.1486 | Scale=321.0595 | 耗时=2349.1s
[Worker] k=10.063723 | MSE=72.5240 | Scale=332.5586 | 耗时=2349.3s
[Worker] k=8.913088 | MSE=58.2894 | Scale=319.5973 | 耗时=2350.0s
[Worker] k=5.958439 | MSE=98.0442 | Scale=313.5498 | 耗时=2350.2s
[Worker] k=10.352646 | MSE=70.6624 | Scale=334.8891 | 耗时=2351.1s
[Worker] k=8.862215 | MSE=52.3086 | Scale=325.3022 | 耗时=2351.3s
[Worker] k=8.526803 | MSE=86.1950 | Scale=342.3150 | 耗时=2351.5s
[Worker] k=12.143974 | MSE=94.9016 | Scale=337.6031 | 耗时=2351.7s
[Worker] k=6.741795 | MSE=130.4834 | Scale=327.9556 | 耗时=2352.1s
[Worker] k=14.635465 | MSE=51.8387 | Scale=313.3049 | 耗时=2352.3s
[Worker] k=7.657185 | MSE=62.3745 | Scale=319.8992 | 耗时=2352.3s
[Worker] k=12.338429 | MSE=130.9727 | Scale=327.8623 | 耗时=2352.5s
[Worker] k=6.415730 | MSE=88.1823 | Scale=326.1080 | 耗时=2352.6s
[Worker] k=9.951319 | MSE=89.9938 | Scale=326.5701 | 耗时=2352.6s
[Worker] k=7.102442 | MSE=82.3279 | Scale=331.3151 | 耗时=2352.7s
[Worker] k=3.966842 | MSE=62.3264 | Scale=322.3319 | 耗时=2352.7s
[Worker] k=11.241114 | MSE=34.9829 | Scale=322.0658 | 耗时=2353.0s
[Worker] k=7.409657 | MSE=53.9785 | Scale=317.3106 | 耗时=2353.3s
[Worker] k=9.343650 | MSE=35.2473 | Scale=312.4540 | 耗时=2353.5s
[Worker] k=10.090949 | MSE=34.2444 | Scale=321.1046 | 耗时=2353.7s
[Worker] k=5.070600 | MSE=97.0563 | Scale=323.5304 | 耗时=2353.9s
[Worker] k=2.090498 | MSE=86.3060 | Scale=323.9118 | 耗时=2354.3s
[Worker] k=10.758617 | MSE=70.2558 | Scale=326.2047 | 耗时=2354.4s
[Worker] k=8.715974 | MSE=25.6104 | Scale=321.8239 | 耗时=2354.7s
[Worker] k=11.962121 | MSE=111.3085 | Scale=328.9933 | 耗时=2355.1s
[Worker] k=8.029697 | MSE=62.8163 | Scale=332.3211 | 耗时=2355.1s
[Worker] k=7.877039 | MSE=89.5961 | Scale=323.4777 | 耗时=2355.6s
[Worker] k=12.405889 | MSE=47.5233 | Scale=327.6495 | 耗时=2355.6s
[Worker] k=8.789913 | MSE=81.6092 | Scale=324.8410 | 耗时=2356.1s
[Worker] k=3.494677 | MSE=51.3716 | Scale=318.3368 | 耗时=2356.2s
[Worker] k=9.585709 | MSE=51.4522 | Scale=336.3874 | 耗时=2356.5s
[Worker] k=6.356072 | MSE=114.7789 | Scale=335.8573 | 耗时=2356.7s
[Worker] k=10.090371 | MSE=204.3182 | Scale=331.1417 | 耗时=2356.9s
[Worker] k=5.554084 | MSE=63.8478 | Scale=315.1409 | 耗时=2356.9s
[Worker] k=11.345023 | MSE=66.1077 | Scale=318.6382 | 耗时=2357.0s
[Worker] k=7.097235 | MSE=56.6582 | Scale=325.3763 | 耗时=2357.1s
[Worker] k=5.820419 | MSE=56.7681 | Scale=319.8575 | 耗时=2357.2s
[Worker] k=6.247151 | MSE=54.6327 | Scale=316.3743 | 耗时=2357.2s
[Worker] k=9.053860 | MSE=45.4269 | Scale=315.9481 | 耗时=2357.3s
[Worker] k=14.130202 | MSE=115.9641 | Scale=338.4076 | 耗时=2357.5s
[Worker] k=5.811287 | MSE=47.6451 | Scale=309.6668 | 耗时=2358.1s
[Worker] k=7.367670 | MSE=82.5760 | Scale=312.2332 | 耗时=2358.2s
[Worker] k=7.287646 | MSE=96.4610 | Scale=328.0225 | 耗时=2358.4s
[Worker] k=8.678610 | MSE=184.1963 | Scale=335.8117 | 耗时=2358.4s
[Worker] k=9.029778 | MSE=29.7667 | Scale=315.0863 | 耗时=2358.5s
[Worker] k=5.240368 | MSE=24.6135 | Scale=312.1445 | 耗时=2358.7s
differential_evolution step 14: f(x)= 10.077121552540337
[Worker] k=7.456004 | MSE=38.0360 | Scale=309.4858 | 耗时=2123.0s
[Worker] k=6.910060 | MSE=69.2432 | Scale=323.4917 | 耗时=2130.5s
[Worker] k=11.637139 | MSE=108.6744 | Scale=320.4457 | 耗时=2130.9s
[Worker] k=9.085134 | MSE=67.6186 | Scale=315.7732 | 耗时=2142.0s
[Worker] k=4.589914 | MSE=129.3439 | Scale=323.2785 | 耗时=2142.2s
[Worker] k=8.338975 | MSE=41.0249 | Scale=307.1335 | 耗时=2142.4s
[Worker] k=7.063577 | MSE=84.7070 | Scale=326.0238 | 耗时=2145.7s
[Worker] k=12.436546 | MSE=45.4856 | Scale=331.7274 | 耗时=2152.4s
[Worker] k=10.727522 | MSE=97.7481 | Scale=340.6801 | 耗时=2158.1s
[Worker] k=9.651609 | MSE=93.6598 | Scale=335.0420 | 耗时=2161.9s
[Worker] k=9.569216 | MSE=26.9357 | Scale=329.1433 | 耗时=2163.0s
[Worker] k=7.819921 | MSE=96.6203 | Scale=323.8537 | 耗时=2163.7s
[Worker] k=5.696273 | MSE=47.0423 | Scale=318.9490 | 耗时=2164.3s
[Worker] k=6.597493 | MSE=104.4644 | Scale=317.2585 | 耗时=2164.5s
[Worker] k=8.078137 | MSE=146.1597 | Scale=347.8380 | 耗时=2164.9s
[Worker] k=13.216864 | MSE=36.4744 | Scale=327.1743 | 耗时=2171.1s
[Worker] k=9.430364 | MSE=55.9321 | Scale=313.9159 | 耗时=2193.1s
[Worker] k=5.629938 | MSE=129.0711 | Scale=337.5630 | 耗时=2194.4s
[Worker] k=11.050339 | MSE=107.7113 | Scale=325.5070 | 耗时=2197.6s
[Worker] k=5.554343 | MSE=101.9796 | Scale=333.2968 | 耗时=2201.1s
[Worker] k=8.911860 | MSE=77.5713 | Scale=327.5300 | 耗时=2203.8s
[Worker] k=11.208417 | MSE=69.9322 | Scale=327.4467 | 耗时=2205.6s
[Worker] k=11.105274 | MSE=35.8679 | Scale=313.0651 | 耗时=2207.2s
[Worker] k=10.021803 | MSE=167.1017 | Scale=341.6981 | 耗时=2208.4s
[Worker] k=8.449468 | MSE=46.2164 | Scale=329.6266 | 耗时=2208.6s
[Worker] k=7.697362 | MSE=60.5009 | Scale=328.5385 | 耗时=2211.0s
[Worker] k=10.885893 | MSE=51.2071 | Scale=331.7587 | 耗时=2215.3s
[Worker] k=9.151020 | MSE=121.1768 | Scale=322.9888 | 耗时=2215.5s
[Worker] k=6.092373 | MSE=73.0213 | Scale=329.9526 | 耗时=2216.2s
[Worker] k=3.479719 | MSE=61.7595 | Scale=319.6416 | 耗时=2216.7s
[Worker] k=7.719102 | MSE=116.5917 | Scale=315.6086 | 耗时=2218.7s
[Worker] k=2.775416 | MSE=58.5084 | Scale=305.5856 | 耗时=2220.3s
[Worker] k=7.496439 | MSE=29.1273 | Scale=311.0935 | 耗时=2221.7s
[Worker] k=6.764432 | MSE=43.8460 | Scale=314.7861 | 耗时=2223.9s
[Worker] k=9.339064 | MSE=171.8218 | Scale=336.8770 | 耗时=2226.2s
[Worker] k=10.664751 | MSE=56.0458 | Scale=327.8241 | 耗时=2226.3s
[Worker] k=7.753545 | MSE=75.5366 | Scale=323.7929 | 耗时=2226.5s
[Worker] k=10.693549 | MSE=97.7050 | Scale=323.7805 | 耗时=2233.9s
[Worker] k=3.118859 | MSE=73.4022 | Scale=324.9984 | 耗时=2237.0s
[Worker] k=12.486379 | MSE=286.4022 | Scale=341.0270 | 耗时=2237.7s
[Worker] k=7.569137 | MSE=30.8165 | Scale=313.5623 | 耗时=2240.7s
[Worker] k=12.173121 | MSE=100.3534 | Scale=336.1858 | 耗时=2242.3s
[Worker] k=11.383229 | MSE=98.3786 | Scale=339.1627 | 耗时=2242.6s
[Worker] k=8.080325 | MSE=102.0871 | Scale=326.6637 | 耗时=2250.2s
[Worker] k=5.901504 | MSE=41.0039 | Scale=309.1821 | 耗时=2250.9s
[Worker] k=7.709676 | MSE=98.6450 | Scale=319.3739 | 耗时=2252.4s
[Worker] k=4.609749 | MSE=22.6056 | Scale=307.3156 | 耗时=2252.6s
[Worker] k=4.061660 | MSE=68.3864 | Scale=322.1818 | 耗时=2254.5s
[Worker] k=7.685109 | MSE=45.8474 | Scale=320.8606 | 耗时=2258.3s
[Worker] k=9.510016 | MSE=54.3764 | Scale=319.1665 | 耗时=2258.6s
[Worker] k=6.804810 | MSE=61.1079 | Scale=326.8000 | 耗时=2260.3s
[Worker] k=7.813787 | MSE=52.3565 | Scale=319.1744 | 耗时=2262.4s
[Worker] k=3.368447 | MSE=87.8115 | Scale=329.0949 | 耗时=2263.2s
[Worker] k=5.927386 | MSE=142.6975 | Scale=331.0058 | 耗时=2263.6s
[Worker] k=3.174246 | MSE=85.3751 | Scale=331.3631 | 耗时=2264.4s
[Worker] k=7.165548 | MSE=72.3326 | Scale=326.5977 | 耗时=2265.4s
[Worker] k=8.881823 | MSE=93.4374 | Scale=319.9746 | 耗时=2267.3s
[Worker] k=10.401053 | MSE=44.9368 | Scale=320.0786 | 耗时=2267.3s
[Worker] k=9.447154 | MSE=60.5609 | Scale=326.6067 | 耗时=2271.1s
[Worker] k=11.997429 | MSE=110.8732 | Scale=319.5706 | 耗时=2272.1s
[Worker] k=10.485082 | MSE=155.0090 | Scale=339.9254 | 耗时=2272.5s
[Worker] k=9.244591 | MSE=61.8433 | Scale=322.9519 | 耗时=2272.5s
[Worker] k=9.647973 | MSE=39.5063 | Scale=323.3761 | 耗时=2274.9s
[Worker] k=11.434901 | MSE=135.4914 | Scale=317.8558 | 耗时=2277.0s
[Worker] k=7.778917 | MSE=152.7896 | Scale=340.8054 | 耗时=2279.7s
[Worker] k=6.534451 | MSE=30.3699 | Scale=320.5724 | 耗时=2280.1s
[Worker] k=8.642190 | MSE=131.3794 | Scale=322.7848 | 耗时=2281.8s
[Worker] k=9.303114 | MSE=43.1995 | Scale=313.0581 | 耗时=2282.8s
[Worker] k=7.967333 | MSE=60.3033 | Scale=327.7823 | 耗时=2283.1s
[Worker] k=3.623164 | MSE=53.2287 | Scale=311.5351 | 耗时=2283.4s
[Worker] k=3.387883 | MSE=63.2126 | Scale=322.6648 | 耗时=2283.9s
[Worker] k=4.402949 | MSE=63.5768 | Scale=325.0010 | 耗时=2286.2s
[Worker] k=8.928990 | MSE=40.1304 | Scale=310.7110 | 耗时=2286.3s
[Worker] k=9.892660 | MSE=86.5259 | Scale=319.5139 | 耗时=2286.3s
[Worker] k=8.260532 | MSE=57.8110 | Scale=328.3213 | 耗时=2286.4s
[Worker] k=3.990885 | MSE=50.7604 | Scale=317.0474 | 耗时=2288.6s
[Worker] k=7.537895 | MSE=81.5834 | Scale=326.9685 | 耗时=2289.4s
[Worker] k=7.504846 | MSE=66.1375 | Scale=315.6614 | 耗时=2290.8s
[Worker] k=9.263996 | MSE=151.6522 | Scale=356.7865 | 耗时=2293.1s
[Worker] k=6.911127 | MSE=54.5072 | Scale=311.6793 | 耗时=2293.1s
[Worker] k=10.309881 | MSE=124.7752 | Scale=323.4405 | 耗时=2293.3s
[Worker] k=10.490046 | MSE=52.4281 | Scale=335.2409 | 耗时=2294.6s
[Worker] k=5.453242 | MSE=64.0279 | Scale=320.4941 | 耗时=2295.0s
[Worker] k=9.488759 | MSE=51.9021 | Scale=325.4590 | 耗时=2295.3s
[Worker] k=7.984340 | MSE=85.6669 | Scale=323.7511 | 耗时=2295.3s
[Worker] k=13.571457 | MSE=96.2096 | Scale=326.9351 | 耗时=2296.3s
[Worker] k=13.666282 | MSE=90.5094 | Scale=324.0369 | 耗时=2296.6s
[Worker] k=8.581806 | MSE=39.3225 | Scale=319.9310 | 耗时=2298.0s
[Worker] k=4.296115 | MSE=24.6113 | Scale=317.0315 | 耗时=2298.1s
[Worker] k=7.210246 | MSE=46.5031 | Scale=315.0906 | 耗时=2298.4s
[Worker] k=5.324135 | MSE=138.3591 | Scale=325.3547 | 耗时=2298.8s
[Worker] k=9.981110 | MSE=79.0630 | Scale=325.6549 | 耗时=2299.2s
[Worker] k=3.353172 | MSE=17.5418 | Scale=300.5204 | 耗时=2299.3s
[Worker] k=8.158606 | MSE=43.6494 | Scale=317.5979 | 耗时=2301.1s
[Worker] k=5.164542 | MSE=27.1665 | Scale=310.4103 | 耗时=2302.4s
[Worker] k=12.063415 | MSE=63.4195 | Scale=317.2368 | 耗时=2303.0s
[Worker] k=3.290297 | MSE=34.6715 | Scale=328.3972 | 耗时=2304.2s
[Worker] k=8.426298 | MSE=68.5657 | Scale=328.0035 | 耗时=2304.8s
[Worker] k=8.771446 | MSE=84.0845 | Scale=336.4226 | 耗时=2304.9s
[Worker] k=12.695744 | MSE=52.9444 | Scale=317.9208 | 耗时=2307.2s
[Worker] k=11.490968 | MSE=45.4708 | Scale=332.3891 | 耗时=2307.9s
[Worker] k=10.737588 | MSE=42.9610 | Scale=319.5471 | 耗时=2308.3s
[Worker] k=9.588215 | MSE=54.5858 | Scale=323.4093 | 耗时=2308.6s
[Worker] k=7.440042 | MSE=38.4487 | Scale=322.2125 | 耗时=2308.7s
[Worker] k=9.964544 | MSE=74.3289 | Scale=317.9255 | 耗时=2309.2s
[Worker] k=6.905614 | MSE=67.9774 | Scale=316.7648 | 耗时=2309.6s
[Worker] k=6.188263 | MSE=71.8360 | Scale=316.4728 | 耗时=2309.9s
[Worker] k=4.170105 | MSE=73.7187 | Scale=314.5641 | 耗时=2310.7s
[Worker] k=14.921667 | MSE=49.3590 | Scale=325.9298 | 耗时=2311.5s
[Worker] k=10.295266 | MSE=184.3913 | Scale=323.3801 | 耗时=2312.3s
[Worker] k=5.358537 | MSE=72.9125 | Scale=319.3075 | 耗时=2313.2s
[Worker] k=6.272457 | MSE=58.0992 | Scale=313.5440 | 耗时=2313.2s
[Worker] k=5.590028 | MSE=105.3045 | Scale=324.4449 | 耗时=2313.7s
[Worker] k=6.128541 | MSE=111.7551 | Scale=316.1380 | 耗时=2313.7s
[Worker] k=6.628687 | MSE=71.8291 | Scale=333.3125 | 耗时=2313.8s
[Worker] k=5.942876 | MSE=79.4747 | Scale=320.8168 | 耗时=2314.0s
[Worker] k=8.209654 | MSE=77.5925 | Scale=342.7163 | 耗时=2314.6s
[Worker] k=6.334657 | MSE=44.9069 | Scale=319.5820 | 耗时=2316.3s
[Worker] k=9.175278 | MSE=22.0045 | Scale=317.5490 | 耗时=2316.6s
[Worker] k=4.945220 | MSE=45.9742 | Scale=321.0010 | 耗时=2316.7s
[Worker] k=9.751744 | MSE=23.7430 | Scale=311.1358 | 耗时=2317.2s
[Worker] k=6.195609 | MSE=22.3854 | Scale=309.2380 | 耗时=2317.8s
[Worker] k=8.014655 | MSE=39.5992 | Scale=318.2483 | 耗时=2318.0s
[Worker] k=6.644395 | MSE=62.1078 | Scale=327.4287 | 耗时=2318.6s
[Worker] k=7.712764 | MSE=38.9492 | Scale=317.8231 | 耗时=2318.8s
[Worker] k=11.491200 | MSE=102.9784 | Scale=332.5802 | 耗时=2318.9s
[Worker] k=6.606330 | MSE=108.3659 | Scale=328.7594 | 耗时=2319.3s
[Worker] k=10.056409 | MSE=80.3668 | Scale=331.2023 | 耗时=2319.9s
[Worker] k=9.575870 | MSE=42.3932 | Scale=316.9103 | 耗时=2320.2s
[Worker] k=11.025890 | MSE=93.4279 | Scale=319.1268 | 耗时=2320.3s
[Worker] k=4.438513 | MSE=100.1942 | Scale=328.9803 | 耗时=2321.7s
[Worker] k=11.733021 | MSE=32.8385 | Scale=327.2922 | 耗时=2322.0s
[Worker] k=7.764916 | MSE=88.4536 | Scale=324.3803 | 耗时=2322.2s
[Worker] k=4.872302 | MSE=123.2594 | Scale=327.0331 | 耗时=2322.4s
[Worker] k=8.168027 | MSE=83.4207 | Scale=331.5138 | 耗时=2322.5s
[Worker] k=6.873395 | MSE=65.2794 | Scale=322.4361 | 耗时=2322.8s
[Worker] k=8.162148 | MSE=59.5347 | Scale=315.9456 | 耗时=2323.0s
[Worker] k=4.966601 | MSE=33.8922 | Scale=318.1734 | 耗时=2324.1s
[Worker] k=3.372940 | MSE=72.0436 | Scale=327.2508 | 耗时=2324.1s
[Worker] k=10.837189 | MSE=35.7281 | Scale=326.5419 | 耗时=2324.5s
[Worker] k=10.088985 | MSE=64.4966 | Scale=329.0436 | 耗时=2324.5s
[Worker] k=10.689325 | MSE=98.9430 | Scale=331.5609 | 耗时=2325.7s
[Worker] k=4.107684 | MSE=60.6170 | Scale=329.4383 | 耗时=2325.8s
[Worker] k=10.107321 | MSE=72.3909 | Scale=326.2345 | 耗时=2325.9s
[Worker] k=7.448182 | MSE=98.8841 | Scale=326.1873 | 耗时=2326.3s
[Worker] k=8.743685 | MSE=28.8471 | Scale=318.9846 | 耗时=2326.6s
[Worker] k=4.317983 | MSE=53.5477 | Scale=320.4491 | 耗时=2326.6s
[Worker] k=11.214194 | MSE=35.8307 | Scale=309.3684 | 耗时=2327.6s
[Worker] k=11.617143 | MSE=80.8959 | Scale=318.4873 | 耗时=2327.7s
[Worker] k=7.955308 | MSE=84.1880 | Scale=325.9159 | 耗时=2327.7s
[Worker] k=13.578571 | MSE=47.0026 | Scale=321.0685 | 耗时=2328.2s
[Worker] k=6.222776 | MSE=73.3793 | Scale=322.0318 | 耗时=2328.7s
[Worker] k=9.796943 | MSE=38.1107 | Scale=319.0947 | 耗时=2328.7s
[Worker] k=8.690537 | MSE=49.5351 | Scale=319.5194 | 耗时=2328.8s
[Worker] k=9.607010 | MSE=112.7608 | Scale=329.5386 | 耗时=2329.0s
[Worker] k=7.991775 | MSE=117.6846 | Scale=332.4755 | 耗时=2329.3s
[Worker] k=12.017578 | MSE=135.4147 | Scale=335.0112 | 耗时=2329.5s
[Worker] k=5.166432 | MSE=50.0361 | Scale=321.1027 | 耗时=2329.6s[Worker] k=5.979502 | MSE=41.5824 | Scale=321.9194 | 耗时=2329.6s

[Worker] k=5.081742 | MSE=51.5762 | Scale=317.6548 | 耗时=2329.8s
[Worker] k=8.206980 | MSE=92.8018 | Scale=324.3973 | 耗时=2332.5s
[Worker] k=8.567641 | MSE=98.6300 | Scale=325.8658 | 耗时=2334.1s
[Worker] k=2.821435 | MSE=83.7215 | Scale=321.8505 | 耗时=2334.4s
[Worker] k=6.384667 | MSE=45.7701 | Scale=314.0832 | 耗时=2334.5s
[Worker] k=6.349471 | MSE=93.9697 | Scale=329.1853 | 耗时=2335.1s
[Worker] k=10.648694 | MSE=92.6687 | Scale=324.4536 | 耗时=2335.2s
[Worker] k=10.080255 | MSE=122.4081 | Scale=322.3239 | 耗时=2335.4s
[Worker] k=2.698404 | MSE=173.7367 | Scale=332.9880 | 耗时=2335.7s
[Worker] k=4.456376 | MSE=60.6518 | Scale=315.6635 | 耗时=2336.4s
[Worker] k=2.327454 | MSE=39.8734 | Scale=313.8828 | 耗时=2336.5s
[Worker] k=9.882002 | MSE=53.6533 | Scale=324.9819 | 耗时=2337.3s
[Worker] k=8.505724 | MSE=25.4441 | Scale=323.1177 | 耗时=2338.5s
[Worker] k=5.700522 | MSE=55.8560 | Scale=319.2183 | 耗时=2339.4s
[Worker] k=8.581127 | MSE=106.7649 | Scale=334.6536 | 耗时=2340.0s
[Worker] k=6.319693 | MSE=37.9661 | Scale=307.6655 | 耗时=2340.3s
[Worker] k=10.715918 | MSE=47.3865 | Scale=312.9027 | 耗时=2342.4s
[Worker] k=9.517775 | MSE=75.6798 | Scale=339.2401 | 耗时=2342.6s
[Worker] k=8.134542 | MSE=63.4207 | Scale=330.8374 | 耗时=2343.8s
[Worker] k=8.920970 | MSE=58.1729 | Scale=324.3264 | 耗时=2344.0s
[Worker] k=8.241747 | MSE=95.1747 | Scale=326.2839 | 耗时=2344.2s
[Worker] k=7.415516 | MSE=55.9170 | Scale=327.1133 | 耗时=2344.8s
[Worker] k=7.882179 | MSE=130.2174 | Scale=337.4301 | 耗时=2344.8s
[Worker] k=11.165680 | MSE=10.6941 | Scale=321.9666 | 耗时=2344.8s
[Worker] k=13.206627 | MSE=78.9253 | Scale=315.0675 | 耗时=2345.4s
[Worker] k=8.031187 | MSE=33.9267 | Scale=325.0451 | 耗时=2345.6s
[Worker] k=3.483147 | MSE=54.0791 | Scale=321.7371 | 耗时=2345.7s
[Worker] k=5.945483 | MSE=116.1587 | Scale=322.9827 | 耗时=2346.0s
[Worker] k=6.311657 | MSE=102.4286 | Scale=341.9301 | 耗时=2346.1s
[Worker] k=6.594740 | MSE=84.5333 | Scale=321.1501 | 耗时=2347.0s
[Worker] k=9.727111 | MSE=40.9771 | Scale=318.2332 | 耗时=2347.0s
[Worker] k=9.887629 | MSE=84.1911 | Scale=333.7901 | 耗时=2348.0s
[Worker] k=10.930231 | MSE=39.7424 | Scale=318.4797 | 耗时=2348.0s
[Worker] k=6.041217 | MSE=31.9829 | Scale=320.3238 | 耗时=2348.4s
[Worker] k=3.466547 | MSE=22.3634 | Scale=306.0846 | 耗时=2348.9s
[Worker] k=5.525495 | MSE=41.9891 | Scale=325.9188 | 耗时=2349.1s
[Worker] k=6.805236 | MSE=73.8748 | Scale=321.4227 | 耗时=2349.5s
[Worker] k=9.355971 | MSE=63.9870 | Scale=325.5137 | 耗时=2350.1s
[Worker] k=6.748664 | MSE=72.8040 | Scale=323.4244 | 耗时=2350.3s
[Worker] k=7.320489 | MSE=66.4380 | Scale=317.9138 | 耗时=2351.0s
[Worker] k=9.917362 | MSE=30.5516 | Scale=316.0247 | 耗时=2351.1s
[Worker] k=10.877227 | MSE=66.7355 | Scale=329.3506 | 耗时=2351.2s
[Worker] k=7.985113 | MSE=43.1247 | Scale=316.5525 | 耗时=2351.8s
[Worker] k=8.123316 | MSE=93.5105 | Scale=330.2010 | 耗时=2352.0s
[Worker] k=7.263812 | MSE=74.9055 | Scale=332.1221 | 耗时=2352.3s
[Worker] k=11.122490 | MSE=84.3791 | Scale=326.7523 | 耗时=2352.3s
[Worker] k=5.691531 | MSE=37.2704 | Scale=318.0974 | 耗时=2352.8s
[Worker] k=7.007093 | MSE=115.7763 | Scale=337.9782 | 耗时=2353.0s
[Worker] k=4.889379 | MSE=97.1729 | Scale=322.6179 | 耗时=2353.2s
[Worker] k=10.688074 | MSE=174.8094 | Scale=332.6210 | 耗时=2353.7s
[Worker] k=6.052232 | MSE=39.4239 | Scale=315.2341 | 耗时=2353.7s
[Worker] k=5.833035 | MSE=141.9235 | Scale=329.4070 | 耗时=2355.2s
[Worker] k=7.843563 | MSE=111.8848 | Scale=325.9130 | 耗时=2355.5s
[Worker] k=5.700875 | MSE=78.8862 | Scale=324.5033 | 耗时=2356.1s
[Worker] k=9.319514 | MSE=58.5656 | Scale=318.5575 | 耗时=2356.5s[Worker] k=4.828026 | MSE=86.2715 | Scale=322.3122 | 耗时=2356.5s

[Worker] k=3.593192 | MSE=73.5860 | Scale=313.4636 | 耗时=2357.0s
[Worker] k=2.198061 | MSE=88.2683 | Scale=327.4062 | 耗时=2357.4s
[Worker] k=3.733123 | MSE=61.7730 | Scale=319.9392 | 耗时=2358.3s
[Worker] k=13.136854 | MSE=76.5129 | Scale=333.7632 | 耗时=2358.5s
[Worker] k=5.575891 | MSE=79.1036 | Scale=329.9833 | 耗时=2358.9s
[Worker] k=7.983932 | MSE=209.5794 | Scale=337.6178 | 耗时=2359.1s
[Worker] k=8.130875 | MSE=84.3072 | Scale=341.5115 | 耗时=2360.0s
[Worker] k=10.828548 | MSE=80.5345 | Scale=327.8853 | 耗时=2360.5s
[Worker] k=5.781276 | MSE=70.1942 | Scale=327.9222 | 耗时=2360.8s
[Worker] k=5.637403 | MSE=133.1967 | Scale=327.6425 | 耗时=2361.1s
[Worker] k=6.188987 | MSE=55.1911 | Scale=314.4715 | 耗时=2361.6s
[Worker] k=5.792519 | MSE=64.7165 | Scale=326.5146 | 耗时=2361.8s
[Worker] k=11.348692 | MSE=33.1307 | Scale=328.3874 | 耗时=2361.8s
[Worker] k=14.040608 | MSE=55.1819 | Scale=337.6140 | 耗时=2362.0s
[Worker] k=4.826797 | MSE=80.1640 | Scale=322.3890 | 耗时=2363.3s
[Worker] k=12.711824 | MSE=84.0933 | Scale=327.1709 | 耗时=2363.3s
[Worker] k=13.208957 | MSE=68.8032 | Scale=329.7278 | 耗时=2363.6s
[Worker] k=7.968478 | MSE=45.7619 | Scale=319.3513 | 耗时=2364.0s
[Worker] k=8.880329 | MSE=91.9485 | Scale=333.0799 | 耗时=2364.1s
[Worker] k=3.510388 | MSE=52.4403 | Scale=323.9869 | 耗时=2364.7s
[Worker] k=2.860600 | MSE=49.8667 | Scale=317.9896 | 耗时=2364.8s
[Worker] k=12.157104 | MSE=138.5125 | Scale=332.1910 | 耗时=2365.0s
[Worker] k=10.182236 | MSE=65.8346 | Scale=314.3131 | 耗时=2365.4s
[Worker] k=7.127498 | MSE=70.0586 | Scale=328.6702 | 耗时=2365.7s
[Worker] k=3.233961 | MSE=113.4263 | Scale=321.0286 | 耗时=2365.9s
[Worker] k=7.675078 | MSE=90.9193 | Scale=339.0024 | 耗时=2366.5s
[Worker] k=7.274396 | MSE=133.3379 | Scale=333.7247 | 耗时=2366.9s
[Worker] k=14.078389 | MSE=62.3024 | Scale=326.5527 | 耗时=2366.9s
[Worker] k=6.174156 | MSE=27.7738 | Scale=315.5564 | 耗时=2366.9s
[Worker] k=8.128001 | MSE=110.3770 | Scale=326.7153 | 耗时=2367.8s
[Worker] k=5.687620 | MSE=90.3460 | Scale=318.2571 | 耗时=2367.9s
[Worker] k=8.157867 | MSE=84.1737 | Scale=333.8323 | 耗时=2368.7s
[Worker] k=9.394046 | MSE=35.6198 | Scale=311.9868 | 耗时=2369.3s
[Worker] k=13.115936 | MSE=44.7484 | Scale=325.7371 | 耗时=2369.4s
[Worker] k=7.791418 | MSE=110.6253 | Scale=329.4791 | 耗时=2369.4s
[Worker] k=4.415645 | MSE=89.8715 | Scale=311.6268 | 耗时=2369.5s
[Worker] k=5.578655 | MSE=101.4062 | Scale=324.8942 | 耗时=2369.6s
[Worker] k=7.907734 | MSE=42.5518 | Scale=312.7743 | 耗时=2369.7s
[Worker] k=8.718920 | MSE=51.7558 | Scale=315.2940 | 耗时=2369.7s
[Worker] k=8.156724 | MSE=47.6192 | Scale=325.5959 | 耗时=2369.7s
[Worker] k=7.137356 | MSE=40.7199 | Scale=308.7612 | 耗时=2369.8s
differential_evolution step 15: f(x)= 10.077121552540337

[+] 256核高压寻优结束！总耗时: 631.72 分钟

圣杯已现 ==================================================
[*] 最优宏观退火常数 (k1) = np.float64(8.07030550146298)
[*] 强制 b=0 的终极极限 MSE = np.float64(10.077121552540337)
============================================================
